symbol,direction,entry_time,exit_time,entry_price,exit_price,z_at_entry,spy_z_at_entry,outperformance_at_entry,avg_move,qty,hold_hours,minutes_since_open,exit_reason
META,Long,2021-12-13T15:00:00+00:00,2021-12-13T20:45:00+00:00,337.6000,336.2700,2.3275,0.0000,2.3275,0.0095,74.00,5.7500,30,eod
META,Short,2021-12-13T15:05:00+00:00,2021-12-13T20:45:00+00:00,340.1300,336.2700,3.0667,0.0000,3.0667,0.0097,-73.00,5.6667,35,eod
T,Short,2021-12-13T15:00:00+00:00,2021-12-13T20:45:00+00:00,16.8400,16.9800,-2.1324,0.0000,-2.1324,0.0055,-1484.00,5.7500,30,eod
NVDA,Short,2021-12-14T15:20:00+00:00,2021-12-14T20:45:00+00:00,28.5300,28.2300,3.0757,0.0000,3.0757,0.0151,-879.00,5.4167,50,eod
MSFT,Short,2021-12-14T15:00:00+00:00,2021-12-14T20:45:00+00:00,329.3000,328.2500,-2.3719,0.0000,-2.3719,0.0054,-76.00,5.7500,30,eod
BAC,Long,2021-12-14T15:00:00+00:00,2021-12-14T20:45:00+00:00,44.4500,44.2500,2.1203,0.0000,2.1203,0.0069,563.00,5.7500,30,eod
LOW,Long,2021-12-15T15:00:00+00:00,2021-12-15T20:45:00+00:00,253.8200,256.6900,2.8261,0.0000,2.8261,0.0049,98.00,5.7500,30,eod
SBUX,Short,2021-12-15T15:00:00+00:00,2021-12-15T20:45:00+00:00,113.7000,114.5100,-2.1721,0.0000,-2.1721,0.0054,-220.00,5.7500,30,eod
SBUX,Long,2021-12-15T16:35:00+00:00,2021-12-15T20:45:00+00:00,112.8100,114.5100,-3.1058,0.0000,-3.1058,0.0063,222.00,4.1667,125,eod
LLY,Short,2021-12-15T15:00:00+00:00,2021-12-15T20:45:00+00:00,267.4300,274.4300,4.3931,0.0000,4.3931,0.0084,-93.00,5.7500,30,eod
NVDA,Long,2021-12-16T15:00:00+00:00,2021-12-16T20:45:00+00:00,29.2800,28.3400,-3.0461,0.0000,-3.0461,0.0144,858.00,5.7500,30,eod
AAPL,Short,2021-12-16T15:00:00+00:00,2021-12-16T20:45:00+00:00,176.0800,172.7000,-2.6302,0.0000,-2.6302,0.0099,-142.00,5.7500,30,eod
LLY,Long,2021-12-16T15:00:00+00:00,2021-12-16T20:45:00+00:00,280.8900,278.8700,2.5868,0.0000,2.5868,0.0099,89.00,5.7500,30,eod
T,Short,2021-12-16T15:00:00+00:00,2021-12-16T20:45:00+00:00,17.6800,17.9100,3.3710,0.0000,3.3710,0.0065,-1421.00,5.7500,30,eod
AVGO,Long,2021-12-17T15:00:00+00:00,2021-12-17T20:45:00+00:00,62.6300,63.8500,1.7834,0.0000,1.7834,0.0066,396.00,5.7500,30,eod
SBUX,Short,2021-12-17T15:00:00+00:00,2021-12-17T20:45:00+00:00,109.6500,108.5000,-2.4129,0.0000,-2.4129,0.0063,-226.00,5.7500,30,eod
SBUX,Long,2021-12-17T15:10:00+00:00,2021-12-17T20:45:00+00:00,108.8100,108.5000,-3.1552,0.0000,-3.1552,0.0072,228.00,5.5833,40,eod
UNH,Short,2021-12-20T15:00:00+00:00,2021-12-20T17:15:00+00:00,476.5400,481.2700,-2.0667,0.0000,-2.0667,0.0046,-52.00,2.2500,30,reversal
NFLX,Long,2021-12-20T15:00:00+00:00,2021-12-20T20:45:00+00:00,59.7500,59.2400,2.7210,0.0000,2.7210,0.0075,418.00,5.7500,30,eod
NFLX,Short,2021-12-20T15:15:00+00:00,2021-12-20T20:45:00+00:00,60.2200,59.2400,3.1361,0.0000,3.1361,0.0091,-416.00,5.5000,45,eod
QCOM,Long,2021-12-21T15:25:00+00:00,2021-12-21T19:15:00+00:00,175.0400,179.0700,-3.0784,0.0000,-3.0784,0.0068,143.00,3.8333,55,reversal
GE,Long,2021-12-21T15:00:00+00:00,2021-12-21T20:45:00+00:00,58.0000,57.6600,1.9520,0.0000,1.9520,0.0094,432.00,5.7500,30,eod
HD,Short,2021-12-21T15:00:00+00:00,2021-12-21T20:45:00+00:00,385.2700,388.8500,-2.8790,0.0000,-2.8790,0.0056,-65.00,5.7500,30,eod
MU,Short,2021-12-22T15:00:00+00:00,2021-12-22T17:00:00+00:00,89.2400,90.1500,-1.3865,0.0000,-1.3865,0.0063,-281.00,2.0000,30,reversal
BAC,Long,2021-12-22T15:00:00+00:00,2021-12-22T20:45:00+00:00,44.5000,44.2000,1.4471,0.0000,1.4471,0.0067,564.00,5.7500,30,eod
HD,Short,2021-12-23T16:25:00+00:00,2021-12-23T19:50:00+00:00,394.6200,397.9000,-1.0297,0.0000,-1.0297,0.0080,-63.00,3.4167,115,reversal
MU,Short,2021-12-23T15:00:00+00:00,2021-12-23T20:45:00+00:00,93.6300,94.6600,3.5411,0.0000,3.5411,0.0077,-266.00,5.7500,30,eod
CAT,Long,2021-12-23T15:00:00+00:00,2021-12-23T20:45:00+00:00,206.6100,206.7400,2.1071,0.0000,2.1071,0.0046,120.00,5.7500,30,eod
AMD,Long,2021-12-27T15:00:00+00:00,2021-12-27T20:45:00+00:00,151.5500,154.0500,2.1798,0.0000,2.1798,0.0103,163.00,5.7500,30,eod
XOM,Short,2021-12-27T16:55:00+00:00,2021-12-27T20:45:00+00:00,61.5900,61.8900,3.0504,0.0000,3.0504,0.0058,-403.00,3.8333,145,eod
PYPL,Short,2021-12-27T15:00:00+00:00,2021-12-27T20:45:00+00:00,191.8100,191.6300,-1.5697,0.0000,-1.5697,0.0068,-129.00,5.7500,30,eod
SBUX,Long,2021-12-28T15:00:00+00:00,2021-12-28T20:45:00+00:00,115.5200,115.7300,1.5903,0.0000,1.5903,0.0052,215.00,5.7500,30,eod
PFE,Short,2021-12-28T15:00:00+00:00,2021-12-28T20:45:00+00:00,58.1200,58.0400,-1.4229,0.0000,-1.4229,0.0146,-427.00,5.7500,30,eod
DIS,Short,2021-12-28T15:00:00+00:00,2021-12-28T20:45:00+00:00,156.4900,155.4500,3.2119,0.0000,3.2119,0.0060,-158.00,5.7500,30,eod
NFLX,Short,2021-12-29T15:00:00+00:00,2021-12-29T20:45:00+00:00,60.6400,61.1300,-1.9639,0.0000,-1.9639,0.0056,-410.00,5.7500,30,eod
NKE,Long,2021-12-29T15:00:00+00:00,2021-12-29T20:45:00+00:00,168.7000,169.0300,1.4451,0.0000,1.4451,0.0046,147.00,5.7500,30,eod
NFLX,Long,2021-12-30T15:05:00+00:00,2021-12-30T20:40:00+00:00,62.0100,61.4500,1.3503,0.0000,1.3503,0.0061,400.00,5.5833,35,reversal
LIN,Short,2021-12-30T15:00:00+00:00,2021-12-30T20:45:00+00:00,344.2200,345.0600,-1.9947,0.0000,-1.9947,0.0026,-72.00,5.7500,30,eod
GOOGL,Short,2021-12-31T15:00:00+00:00,2021-12-31T20:45:00+00:00,145.3500,145.1800,-1.9168,0.0000,-1.9168,0.0048,-170.00,5.7500,30,eod
HD,Long,2021-12-31T15:15:00+00:00,2021-12-31T20:45:00+00:00,412.4500,415.9400,1.1057,0.0000,1.1057,0.0049,59.00,5.5000,45,eod
MSFT,Short,2022-01-03T15:00:00+00:00,2022-01-03T20:45:00+00:00,330.6500,334.1600,-3.1245,-1.6251,-1.4994,0.0058,-74.00,5.7500,30,eod
XOM,Short,2022-01-03T15:00:00+00:00,2022-01-03T20:45:00+00:00,62.7100,63.5700,2.6401,-1.6251,4.2651,0.0065,-395.00,5.7500,30,eod
LIN,Long,2022-01-03T15:50:00+00:00,2022-01-03T20:45:00+00:00,340.8800,338.9000,-3.5129,-0.0759,-3.4370,0.0043,72.00,4.9167,80,eod
BAC,Long,2022-01-03T15:00:00+00:00,2022-01-03T20:45:00+00:00,45.7800,46.1500,1.3662,-1.6251,2.9913,0.0055,541.00,5.7500,30,eod
PFE,Short,2022-01-04T15:05:00+00:00,2022-01-04T15:40:00+00:00,54.3900,54.4600,-2.3138,-1.2787,-1.0351,0.0126,-451.00,0.5833,35,reversal
SLB,Long,2022-01-04T15:00:00+00:00,2022-01-04T20:45:00+00:00,32.8500,33.2600,1.4804,-1.4860,2.9664,0.0087,748.00,5.7500,30,eod
DE,Short,2022-01-04T15:00:00+00:00,2022-01-04T20:45:00+00:00,364.3100,371.4300,4.3040,-1.4860,5.7899,0.0047,-67.00,5.7500,30,eod
UNH,Long,2022-01-04T18:15:00+00:00,2022-01-04T20:45:00+00:00,491.7700,492.8000,-5.9947,-2.6759,-3.3189,0.0037,49.00,2.5000,225,eod
QCOM,Short,2022-01-05T15:10:00+00:00,2022-01-05T20:45:00+00:00,190.7300,187.5500,4.0520,1.0141,3.0379,0.0066,-128.00,5.5833,40,eod
DE,Long,2022-01-05T15:00:00+00:00,2022-01-05T20:45:00+00:00,381.7100,372.3200,2.9050,1.7111,1.1938,0.0058,64.00,5.7500,30,eod
GE,Short,2022-01-05T15:00:00+00:00,2022-01-05T20:45:00+00:00,62.4500,61.8900,-1.1884,1.7111,-2.8995,0.0075,-392.00,5.7500,30,eod
SBUX,Long,2022-01-05T15:00:00+00:00,2022-01-05T20:45:00+00:00,113.0600,110.6400,-1.9854,1.7111,-3.6966,0.0063,216.00,5.7500,30,eod
BAC,Long,2022-01-06T15:00:00+00:00,2022-01-06T15:25:00+00:00,47.7900,47.3600,0.4334,-2.5382,2.9716,0.0048,508.00,0.4167,30,reversal
UNH,Short,2022-01-06T15:00:00+00:00,2022-01-06T18:20:00+00:00,480.5300,478.0700,1.1689,-2.5382,3.7071,0.0046,-50.00,3.3333,30,reversal
GS,Short,2022-01-06T15:10:00+00:00,2022-01-06T20:45:00+00:00,388.5600,396.7300,-3.5651,-1.9569,-1.6081,0.0073,-62.00,5.5833,40,eod
GS,Long,2022-01-06T15:30:00+00:00,2022-01-06T20:45:00+00:00,389.4500,396.7300,-3.1445,0.2898,-3.4343,0.0075,61.00,5.2500,60,eod
AVGO,Short,2022-01-07T15:00:00+00:00,2022-01-07T15:55:00+00:00,63.0600,62.3700,-1.5896,0.7672,-2.3568,0.0053,-386.00,0.9167,30,reversal
UNH,Long,2022-01-07T15:10:00+00:00,2022-01-07T19:25:00+00:00,457.2900,460.4600,-2.8992,0.1599,-3.0591,0.0053,53.00,4.2500,40,reversal
T,Short,2022-01-07T15:25:00+00:00,2022-01-07T20:45:00+00:00,19.9600,19.8500,2.4463,-0.8668,3.3131,0.0067,-1215.00,5.3333,55,eod
COIN,Long,2022-01-07T15:00:00+00:00,2022-01-07T20:45:00+00:00,235.2100,232.4700,2.2661,0.7672,1.4989,0.0075,103.00,5.7500,30,eod
TSLA,Long,2022-01-10T15:00:00+00:00,2022-01-10T20:45:00+00:00,329.6800,350.1400,0.4547,-1.7923,2.2470,0.0117,74.00,5.7500,30,eod
TSLA,Short,2022-01-10T15:10:00+00:00,2022-01-10T20:45:00+00:00,332.9900,350.1400,1.1241,-1.8914,3.0155,0.0137,-73.00,5.5833,40,eod
GE,Long,2022-01-10T18:20:00+00:00,2022-01-10T20:45:00+00:00,61.8400,61.6600,-2.7581,0.4159,-3.1740,0.0076,391.00,2.4167,230,eod
SCHW,Short,2022-01-10T15:00:00+00:00,2022-01-10T20:45:00+00:00,89.7900,91.0000,-3.5349,-1.7923,-1.7427,0.0052,-271.00,5.7500,30,eod
QCOM,Long,2022-01-11T15:00:00+00:00,2022-01-11T16:20:00+00:00,180.9100,181.8100,2.5026,1.4671,1.0356,0.0079,132.00,1.3333,30,reversal
CAT,Long,2022-01-11T15:00:00+00:00,2022-01-11T20:45:00+00:00,218.0000,219.9300,-2.3971,1.4671,-3.8641,0.0054,109.00,5.7500,30,eod
LIN,Short,2022-01-11T15:00:00+00:00,2022-01-11T20:45:00+00:00,332.5300,334.9000,-1.5065,1.4671,-2.9736,0.0034,-71.00,5.7500,30,eod
PYPL,Short,2022-01-12T15:00:00+00:00,2022-01-12T16:10:00+00:00,187.4800,186.5700,-1.9516,-0.5194,-1.4322,0.0082,-127.00,1.1667,30,reversal
JPM,Long,2022-01-12T15:00:00+00:00,2022-01-12T20:45:00+00:00,168.8100,168.1400,1.3531,-0.5194,1.8725,0.0045,141.00,5.7500,30,eod
PFE,Short,2022-01-12T15:50:00+00:00,2022-01-12T20:45:00+00:00,56.7300,56.6100,1.4790,-1.6780,3.1570,0.0091,-422.00,4.9167,80,eod
UNH,Short,2022-01-13T15:00:00+00:00,2022-01-13T15:35:00+00:00,469.8300,470.3300,-1.9677,-0.7125,-1.2553,0.0046,-50.00,0.5833,30,reversal
GE,Long,2022-01-13T15:00:00+00:00,2022-01-13T20:45:00+00:00,64.2100,63.6100,2.2129,-0.7125,2.9254,0.0054,372.00,5.7500,30,eod
GE,Short,2022-01-13T15:05:00+00:00,2022-01-13T20:45:00+00:00,64.2800,63.6100,2.6214,-0.9512,3.5726,0.0050,-372.00,5.6667,35,eod
GOOGL,Long,2022-01-14T15:00:00+00:00,2022-01-14T19:40:00+00:00,139.8900,139.3500,2.9604,1.3333,1.6272,0.0039,171.00,4.6667,30,reversal
LLY,Short,2022-01-14T15:00:00+00:00,2022-01-14T20:45:00+00:00,246.5800,243.5000,-1.4861,1.3333,-2.8194,0.0061,-97.00,5.7500,30,eod
LLY,Long,2022-01-14T15:05:00+00:00,2022-01-14T20:45:00+00:00,246.9600,243.5000,-1.1802,1.8403,-3.0205,0.0064,97.00,5.6667,35,eod
T,Short,2022-01-18T15:00:00+00:00,2022-01-18T19:30:00+00:00,20.4400,20.6600,-1.8695,0.7616,-2.6311,0.0065,-1165.00,4.5000,30,reversal
FCX,Long,2022-01-18T15:05:00+00:00,2022-01-18T20:45:00+00:00,45.8800,44.2500,4.6293,1.7951,2.8342,0.0111,519.00,5.6667,35,eod
FCX,Short,2022-01-18T15:00:00+00:00,2022-01-18T20:45:00+00:00,45.7800,44.2500,4.5708,0.7616,3.8091,0.0107,-520.00,5.7500,30,eod
JPM,Long,2022-01-18T15:00:00+00:00,2022-01-18T20:45:00+00:00,152.9600,150.8600,-2.2686,0.7616,-3.0302,0.0057,155.00,5.7500,30,eod
COP,Short,2022-01-19T15:00:00+00:00,2022-01-19T15:50:00+00:00,86.2700,86.7800,-1.5604,1.3541,-2.9145,0.0092,-270.00,0.8333,30,reversal
MSFT,Long,2022-01-19T15:00:00+00:00,2022-01-19T20:45:00+00:00,312.6800,306.0100,3.0262,1.3541,1.6721,0.0073,74.00,5.7500,30,eod
BAC,Long,2022-01-19T15:00:00+00:00,2022-01-19T20:45:00+00:00,47.2100,46.7500,-2.3783,1.3541,-3.7324,0.0075,493.00,5.7500,30,eod
LLY,Short,2022-01-19T16:20:00+00:00,2022-01-19T20:45:00+00:00,249.3900,245.5100,1.3475,-1.7216,3.0690,0.0071,-92.00,4.4167,110,eod
CAT,Short,2022-01-20T15:00:00+00:00,2022-01-20T17:55:00+00:00,218.1800,221.4600,-1.2835,1.1410,-2.4246,0.0071,-106.00,2.9167,30,reversal
GS,Long,2022-01-20T15:00:00+00:00,2022-01-20T20:45:00+00:00,352.7500,349.3500,2.4859,1.1410,1.3449,0.0069,65.00,5.7500,30,eod
LOW,Long,2022-01-20T17:30:00+00:00,2022-01-20T20:45:00+00:00,231.9200,224.2500,-2.0762,1.0313,-3.1075,0.0082,99.00,3.2500,180,eod
PFE,Short,2022-01-20T19:45:00+00:00,2022-01-20T20:45:00+00:00,54.2000,54.1100,2.2633,-0.8199,3.0832,0.0081,-422.00,1.0000,315,eod
NFLX,Short,2022-01-21T15:00:00+00:00,2022-01-21T16:45:00+00:00,38.7700,40.1000,-4.1604,-2.2982,-1.8623,0.0077,-585.00,1.7500,30,reversal
GE,Long,2022-01-21T15:00:00+00:00,2022-01-21T20:45:00+00:00,60.5400,60.2300,0.4360,-2.2982,2.7342,0.0057,374.00,5.7500,30,eod
SBUX,Short,2022-01-21T15:00:00+00:00,2022-01-21T20:45:00+00:00,97.0300,96.7000,1.8051,-2.2982,4.1033,0.0042,-233.00,5.7500,30,eod
COIN,Long,2022-01-21T15:00:00+00:00,2022-01-21T20:45:00+00:00,192.7700,194.3700,-5.4233,-2.2982,-3.1251,0.0146,117.00,5.7500,30,eod
LIN,Short,2022-01-24T15:00:00+00:00,2022-01-24T16:50:00+00:00,309.3300,305.7300,-3.0190,-1.3302,-1.6888,0.0044,-72.00,1.8333,30,reversal
NFLX,Long,2022-01-24T15:00:00+00:00,2022-01-24T18:45:00+00:00,36.6300,37.6100,-4.4971,-1.3302,-3.1669,0.0100,612.00,3.7500,30,reversal
QCOM,Long,2022-01-24T15:00:00+00:00,2022-01-24T20:45:00+00:00,163.0000,169.1800,0.7808,-1.3302,2.1109,0.0089,137.00,5.7500,30,eod
HD,Short,2022-01-24T15:00:00+00:00,2022-01-24T20:45:00+00:00,348.7200,362.3300,2.3917,-1.3302,3.7219,0.0045,-64.00,5.7500,30,eod
SBUX,Short,2022-01-25T15:00:00+00:00,2022-01-25T15:25:00+00:00,95.3300,96.4100,-3.5534,-1.9433,-1.6101,0.0043,-237.00,0.4167,30,reversal
FCX,Long,2022-01-25T15:00:00+00:00,2022-01-25T20:45:00+00:00,38.4500,39.6000,-0.1675,-1.9433,1.7758,0.0124,589.00,5.7500,30,eod
NKE,Short,2022-01-25T15:15:00+00:00,2022-01-25T20:45:00+00:00,144.8400,145.5800,2.2864,-1.0811,3.3675,0.0044,-156.00,5.5000,45,eod
DE,Long,2022-01-26T15:00:00+00:00,2022-01-26T18:00:00+00:00,379.5000,373.6900,3.1118,0.9507,2.1611,0.0079,59.00,3.0000,30,reversal
DE,Short,2022-01-26T15:20:00+00:00,2022-01-26T18:00:00+00:00,379.9100,373.6900,2.6963,-0.3720,3.0683,0.0096,-60.00,2.6667,50,reversal
CRM,Short,2022-01-26T15:00:00+00:00,2022-01-26T20:25:00+00:00,218.4800,211.9600,-1.0758,0.9507,-2.0265,0.0088,-104.00,5.4167,30,reversal
T,Long,2022-01-26T16:20:00+00:00,2022-01-26T20:45:00+00:00,19.3900,18.3200,-3.0717,0.2253,-3.2970,0.0102,1178.00,4.4167,110,eod
LOW,Short,2022-01-27T15:00:00+00:00,2022-01-27T18:30:00+00:00,230.1000,224.7400,-1.7602,1.0763,-2.8364,0.0046,-98.00,3.5000,30,reversal
LOW,Long,2022-01-27T15:05:00+00:00,2022-01-27T18:30:00+00:00,229.8000,224.7400,-2.0841,1.2026,-3.2867,0.0045,98.00,3.4167,35,reversal
CRM,Long,2022-01-27T15:00:00+00:00,2022-01-27T20:45:00+00:00,222.4300,213.2200,3.6496,1.0763,2.5734,0.0108,101.00,5.7500,30,eod
CRM,Short,2022-01-27T15:25:00+00:00,2022-01-27T20:45:00+00:00,218.8300,213.2200,2.8249,-0.3646,3.1896,0.0081,-102.00,5.3333,55,eod
TXN,Short,2022-01-28T15:00:00+00:00,2022-01-28T15:45:00+00:00,169.4800,173.0900,-3.4402,-0.9166,-2.5236,0.0051,-133.00,0.7500,30,reversal
T,Long,2022-01-28T15:00:00+00:00,2022-01-28T15:55:00+00:00,18.5200,18.4200,2.0278,-0.9166,2.9444,0.0101,1217.00,0.9167,30,reversal
CAT,Long,2022-01-28T15:50:00+00:00,2022-01-28T20:45:00+00:00,200.1300,200.0600,-1.5518,1.6855,-3.2373,0.0083,111.00,4.9167,80,eod
AVGO,Long,2022-01-31T15:00:00+00:00,2022-01-31T18:30:00+00:00,57.2200,57.5300,2.7034,1.4217,1.2817,0.0068,390.00,3.5000,30,reversal
PFE,Short,2022-01-31T15:00:00+00:00,2022-01-31T20:45:00+00:00,53.0500,52.7300,-1.5483,1.4217,-2.9700,0.0070,-420.00,5.7500,30,eod
PFE,Long,2022-01-31T15:05:00+00:00,2022-01-31T20:45:00+00:00,53.0800,52.7300,-1.4849,1.9838,-3.4687,0.0069,421.00,5.6667,35,eod
XOM,Short,2022-02-01T15:00:00+00:00,2022-02-01T20:45:00+00:00,78.7900,80.6700,3.6686,-1.5309,5.1995,0.0082,-282.00,5.7500,30,eod
SLB,Long,2022-02-01T15:00:00+00:00,2022-02-01T20:45:00+00:00,39.1600,39.6100,1.3414,-1.5309,2.8723,0.0094,569.00,5.7500,30,eod
HD,Long,2022-02-01T15:05:00+00:00,2022-02-01T20:45:00+00:00,363.4800,368.7700,-4.4653,-1.3239,-3.1413,0.0041,61.00,5.6667,35,eod
LOW,Short,2022-02-01T15:00:00+00:00,2022-02-01T20:45:00+00:00,234.3300,238.9600,-4.0311,-1.5309,-2.5001,0.0053,-95.00,5.7500,30,eod
GOOGL,Long,2022-02-02T15:50:00+00:00,2022-02-02T17:05:00+00:00,146.2900,148.9800,-4.2432,-0.8694,-3.3737,0.0053,152.00,1.2500,80,reversal
QCOM,Long,2022-02-02T15:00:00+00:00,2022-02-02T20:45:00+00:00,183.7500,188.1900,1.9453,0.0971,1.8482,0.0088,120.00,5.7500,30,eod
SBUX,Short,2022-02-02T15:00:00+00:00,2022-02-02T20:45:00+00:00,98.3400,97.7600,4.4766,0.0971,4.3795,0.0059,-225.00,5.7500,30,eod
PYPL,Short,2022-02-02T15:00:00+00:00,2022-02-02T20:45:00+00:00,132.2000,132.9300,-2.9022,0.0971,-2.9993,0.0111,-167.00,5.7500,30,eod
META,Long,2022-02-03T15:00:00+00:00,2022-02-03T17:50:00+00:00,244.0400,238.7900,2.3694,0.1331,2.2363,0.0071,91.00,2.8333,30,reversal
QCOM,Short,2022-02-03T15:00:00+00:00,2022-02-03T20:45:00+00:00,182.1300,180.4500,-2.3274,0.1331,-2.4605,0.0098,-123.00,5.7500,30,eod
UNH,Long,2022-02-03T15:20:00+00:00,2022-02-03T20:45:00+00:00,485.5200,488.8000,-2.4023,0.9122,-3.3145,0.0075,46.00,5.4167,50,eod
HD,Long,2022-02-04T15:00:00+00:00,2022-02-04T20:45:00+00:00,357.0900,360.4700,-2.5038,1.5477,-4.0515,0.0050,62.00,5.7500,30,eod
SBUX,Short,2022-02-04T15:00:00+00:00,2022-02-04T20:45:00+00:00,94.6900,95.1800,-0.8702,1.5477,-2.4179,0.0070,-235.00,5.7500,30,eod
COIN,Long,2022-02-04T15:10:00+00:00,2022-02-04T20:45:00+00:00,188.4100,194.9200,2.7485,1.6425,1.1060,0.0225,118.00,5.5833,40,eod
TXN,Short,2022-02-07T15:00:00+00:00,2022-02-07T16:55:00+00:00,170.2300,170.2400,-1.7869,0.7381,-2.5250,0.0047,-132.00,1.9167,30,reversal
TXN,Long,2022-02-07T15:15:00+00:00,2022-02-07T16:55:00+00:00,169.8300,170.2400,-2.8430,0.1906,-3.0336,0.0038,133.00,1.6667,45,reversal
CVX,Long,2022-02-07T15:00:00+00:00,2022-02-07T20:45:00+00:00,136.9600,138.6500,2.0967,0.7381,1.3587,0.0066,164.00,5.7500,30,eod
CVX,Short,2022-02-07T16:20:00+00:00,2022-02-07T20:45:00+00:00,138.7900,138.6500,2.8089,-0.2464,3.0553,0.0098,-163.00,4.4167,110,eod
DE,Short,2022-02-08T15:00:00+00:00,2022-02-08T15:35:00+00:00,376.1200,383.6800,-2.4279,-0.3437,-2.0842,0.0091,-60.00,0.5833,30,reversal
LOW,Long,2022-02-08T15:00:00+00:00,2022-02-08T16:10:00+00:00,228.2000,231.3000,1.1624,-0.3437,1.5061,0.0067,99.00,1.1667,30,reversal
PFE,Long,2022-02-08T15:50:00+00:00,2022-02-08T20:45:00+00:00,50.0800,51.5700,-2.0013,1.3440,-3.3452,0.0089,451.00,4.9167,80,eod
MSFT,Short,2022-02-09T15:30:00+00:00,2022-02-09T20:45:00+00:00,308.5900,310.6500,-0.8185,0.2659,-1.0844,0.0050,-73.00,5.2500,60,eod
FCX,Short,2022-02-09T15:20:00+00:00,2022-02-09T20:45:00+00:00,42.7900,43.7200,2.7157,-0.3794,3.0951,0.0114,-534.00,5.4167,50,eod
DIS,Long,2022-02-09T15:00:00+00:00,2022-02-09T20:45:00+00:00,145.1900,146.9700,1.6926,0.0090,1.6836,0.0073,157.00,5.7500,30,eod
NKE,Long,2022-02-10T15:00:00+00:00,2022-02-10T15:30:00+00:00,146.8100,146.2600,3.6599,1.7482,1.9117,0.0045,154.00,0.5000,30,reversal
XOM,Long,2022-02-10T15:35:00+00:00,2022-02-10T20:45:00+00:00,79.1400,77.8800,-0.2767,2.7329,-3.0096,0.0087,286.00,5.1667,65,eod
CVX,Short,2022-02-10T15:00:00+00:00,2022-02-10T20:45:00+00:00,138.0500,135.5800,-0.2901,1.7482,-2.0383,0.0075,-164.00,5.7500,30,eod
ADBE,Short,2022-02-11T15:00:00+00:00,2022-02-11T18:35:00+00:00,492.4700,480.6600,-1.6974,-0.4323,-1.2651,0.0070,-46.00,3.5833,30,reversal
PFE,Long,2022-02-11T15:00:00+00:00,2022-02-11T20:45:00+00:00,50.9800,50.7300,1.7798,-0.4323,2.2121,0.0061,444.00,5.7500,30,eod
PFE,Short,2022-02-11T15:10:00+00:00,2022-02-11T20:45:00+00:00,51.0200,50.7300,2.1633,-1.0719,3.2353,0.0054,-444.00,5.5833,40,eod
AMZN,Long,2022-02-14T15:00:00+00:00,2022-02-14T20:45:00+00:00,153.5000,155.5100,1.1163,-0.0534,1.1697,0.0087,148.00,5.7500,30,eod
PFE,Short,2022-02-14T15:00:00+00:00,2022-02-14T20:45:00+00:00,49.3700,49.7900,-2.3715,-0.0534,-2.3182,0.0064,-462.00,5.7500,30,eod
PFE,Long,2022-02-14T15:05:00+00:00,2022-02-14T20:45:00+00:00,49.1200,49.7900,-3.0648,0.1778,-3.2427,0.0066,466.00,5.6667,35,eod
NVDA,Long,2022-02-15T15:00:00+00:00,2022-02-15T20:45:00+00:00,25.7100,26.4100,1.7689,-0.1632,1.9321,0.0144,896.00,5.7500,30,eod
BAC,Short,2022-02-15T15:00:00+00:00,2022-02-15T20:45:00+00:00,47.7700,47.6100,-1.3817,-0.1632,-1.2185,0.0066,-482.00,5.7500,30,eod
LLY,Short,2022-02-15T17:45:00+00:00,2022-02-15T20:45:00+00:00,242.9800,244.1300,2.4811,-0.5365,3.0175,0.0081,-95.00,3.0000,195,eod
PFE,Short,2022-02-16T15:10:00+00:00,2022-02-16T18:55:00+00:00,50.7200,49.7200,2.3560,-0.9869,3.3429,0.0066,-458.00,3.7500,40,reversal
SLB,Long,2022-02-16T15:00:00+00:00,2022-02-16T20:05:00+00:00,42.3100,42.0800,1.8917,-1.0419,2.9336,0.0103,548.00,5.0833,30,reversal
DE,Short,2022-02-16T15:05:00+00:00,2022-02-16T20:45:00+00:00,386.2800,391.4200,-2.0863,-0.8405,-1.2458,0.0086,-60.00,5.6667,35,eod
META,Long,2022-02-17T15:00:00+00:00,2022-02-17T20:05:00+00:00,217.2700,208.8200,0.7393,-0.8810,1.6203,0.0082,106.00,5.0833,30,reversal
GS,Short,2022-02-17T15:00:00+00:00,2022-02-17T20:45:00+00:00,351.1100,349.0100,-2.9277,-0.8810,-2.0467,0.0089,-66.00,5.7500,30,eod
DE,Short,2022-02-18T15:00:00+00:00,2022-02-18T15:35:00+00:00,373.4900,377.5200,-1.9196,0.1057,-2.0254,0.0086,-61.00,0.5833,30,reversal
GE,Long,2022-02-18T15:25:00+00:00,2022-02-18T20:45:00+00:00,58.8700,57.9800,-3.7724,-0.7539,-3.0185,0.0105,387.00,5.3333,55,eod
LLY,Long,2022-02-18T15:00:00+00:00,2022-02-18T20:45:00+00:00,242.3600,240.7800,1.8261,0.1057,1.7204,0.0059,94.00,5.7500,30,eod
TXN,Long,2022-02-22T15:00:00+00:00,2022-02-22T15:30:00+00:00,170.5600,169.7600,4.5471,2.2109,2.3362,0.0044,133.00,0.5000,30,reversal
COP,Long,2022-02-22T15:00:00+00:00,2022-02-22T20:45:00+00:00,89.6200,87.7600,-1.8881,2.2109,-4.0989,0.0096,253.00,5.7500,30,eod
SLB,Short,2022-02-22T15:00:00+00:00,2022-02-22T20:45:00+00:00,40.6100,39.4700,-0.7645,2.2109,-2.9754,0.0102,-558.00,5.7500,30,eod
HD,Short,2022-02-23T15:10:00+00:00,2022-02-23T15:45:00+00:00,310.8100,310.1400,-3.1344,-1.9304,-1.2040,0.0065,-72.00,0.5833,40,reversal
CVX,Short,2022-02-23T15:00:00+00:00,2022-02-23T20:45:00+00:00,134.7700,135.1200,1.4574,-2.3207,3.7781,0.0069,-168.00,5.7500,30,eod
LLY,Long,2022-02-23T15:00:00+00:00,2022-02-23T20:45:00+00:00,241.7900,238.5600,0.3980,-2.3207,2.7187,0.0058,93.00,5.7500,30,eod
ADBE,Long,2022-02-24T15:00:00+00:00,2022-02-24T20:45:00+00:00,437.6700,463.2800,3.7111,1.4026,2.3085,0.0078,51.00,5.7500,30,eod
XOM,Long,2022-02-24T15:00:00+00:00,2022-02-24T20:45:00+00:00,75.6400,75.4800,-2.8487,1.4026,-4.2513,0.0088,298.00,5.7500,30,eod
MPC,Short,2022-02-24T15:00:00+00:00,2022-02-24T20:45:00+00:00,74.5200,74.0500,-1.5101,1.4026,-2.9127,0.0090,-302.00,5.7500,30,eod
NKE,Short,2022-02-25T15:00:00+00:00,2022-02-25T20:45:00+00:00,136.6700,138.7000,-3.1967,-2.0081,-1.1886,0.0056,-168.00,5.7500,30,eod
PFE,Short,2022-02-25T15:00:00+00:00,2022-02-25T20:45:00+00:00,46.9700,47.6600,2.2845,-2.0081,4.2927,0.0072,-489.00,5.7500,30,eod
T,Long,2022-02-25T15:00:00+00:00,2022-02-25T20:45:00+00:00,17.8600,18.0300,0.5040,-2.0081,2.5121,0.0056,1286.00,5.7500,30,eod
COP,Long,2022-02-28T15:00:00+00:00,2022-02-28T20:45:00+00:00,91.6200,94.8500,2.2782,-0.0524,2.3306,0.0082,248.00,5.7500,30,eod
CAT,Short,2022-02-28T17:15:00+00:00,2022-02-28T20:45:00+00:00,187.6400,187.3400,3.5930,0.5706,3.0224,0.0052,-122.00,3.5000,165,eod
DIS,Short,2022-02-28T15:00:00+00:00,2022-02-28T20:45:00+00:00,146.9300,148.1100,-1.6707,-0.0524,-1.6183,0.0062,-155.00,5.7500,30,eod
COP,Short,2022-03-01T15:40:00+00:00,2022-03-01T20:45:00+00:00,97.9700,96.4400,2.5841,-0.6704,3.2545,0.0103,-234.00,5.0833,70,eod
FCX,Long,2022-03-01T15:00:00+00:00,2022-03-01T20:45:00+00:00,49.0700,47.6300,2.3562,-0.6365,2.9927,0.0083,468.00,5.7500,30,eod
JPM,Short,2022-03-01T15:00:00+00:00,2022-03-01T20:45:00+00:00,136.9300,135.8700,-2.6806,-0.6365,-2.0441,0.0067,-167.00,5.7500,30,eod
SCHW,Long,2022-03-01T15:15:00+00:00,2022-03-01T20:45:00+00:00,79.5800,77.7100,-2.8529,0.1524,-3.0053,0.0101,288.00,5.5000,45,eod
QCOM,Long,2022-03-02T15:00:00+00:00,2022-03-02T19:20:00+00:00,168.3100,169.8000,3.3572,1.1196,2.2377,0.0061,135.00,4.3333,30,reversal
HD,Short,2022-03-02T15:05:00+00:00,2022-03-02T19:50:00+00:00,325.3000,325.5100,2.5024,-0.5443,3.0467,0.0063,-69.00,4.7500,35,reversal
NFLX,Short,2022-03-02T15:00:00+00:00,2022-03-02T20:45:00+00:00,38.2500,38.0600,-0.4385,1.1196,-1.5580,0.0077,-594.00,5.7500,30,eod
CRM,Long,2022-03-02T15:00:00+00:00,2022-03-02T20:45:00+00:00,208.0900,211.2400,-2.0717,1.1196,-3.1913,0.0078,109.00,5.7500,30,eod
NFLX,Short,2022-03-03T15:00:00+00:00,2022-03-03T16:00:00+00:00,37.6100,36.9700,-2.2264,-0.7746,-1.4518,0.0080,-609.00,1.0000,30,reversal
XOM,Short,2022-03-03T15:05:00+00:00,2022-03-03T20:45:00+00:00,81.1700,80.8400,2.0359,-1.2428,3.2787,0.0084,-282.00,5.6667,35,eod
LLY,Long,2022-03-03T15:00:00+00:00,2022-03-03T20:45:00+00:00,258.3400,257.7600,2.1368,-0.7746,2.9114,0.0056,88.00,5.7500,30,eod
AMZN,Short,2022-03-04T15:00:00+00:00,2022-03-04T16:05:00+00:00,145.2500,144.4500,-2.5773,-0.6647,-1.9126,0.0053,-158.00,1.0833,30,reversal
AVGO,Short,2022-03-04T15:00:00+00:00,2022-03-04T20:45:00+00:00,59.7600,59.3400,2.6405,-0.6647,3.3052,0.0072,-385.00,5.7500,30,eod
SCHW,Long,2022-03-04T15:00:00+00:00,2022-03-04T20:45:00+00:00,79.1400,78.4400,1.7497,-0.6647,2.4144,0.0095,290.00,5.7500,30,eod
META,Short,2022-03-07T15:00:00+00:00,2022-03-07T20:45:00+00:00,193.9800,188.2700,-4.1311,-2.1876,-1.9435,0.0065,-118.00,5.7500,30,eod
SLB,Short,2022-03-07T15:00:00+00:00,2022-03-07T20:45:00+00:00,42.3600,42.1600,5.2968,-2.1876,7.4844,0.0107,-543.00,5.7500,30,eod
SCHW,Long,2022-03-07T15:00:00+00:00,2022-03-07T20:45:00+00:00,79.2500,76.3700,0.7035,-2.1876,2.8912,0.0096,290.00,5.7500,30,eod
LIN,Long,2022-03-08T15:00:00+00:00,2022-03-08T16:45:00+00:00,268.2700,271.8500,-4.0988,-0.8958,-3.2030,0.0045,85.00,1.7500,30,reversal
FCX,Short,2022-03-08T15:00:00+00:00,2022-03-08T17:20:00+00:00,47.2900,47.3500,2.7913,-0.8958,3.6870,0.0070,-485.00,2.3333,30,reversal
CVX,Long,2022-03-08T15:00:00+00:00,2022-03-08T17:30:00+00:00,169.2400,168.1400,2.0992,-0.8958,2.9949,0.0102,135.00,2.5000,30,reversal
T,Short,2022-03-08T15:00:00+00:00,2022-03-08T20:45:00+00:00,17.4700,17.4200,-3.2237,-0.8958,-2.3279,0.0051,-1315.00,5.7500,30,eod
TXN,Short,2022-03-09T15:00:00+00:00,2022-03-09T17:30:00+00:00,170.7100,173.6900,-1.6282,0.7905,-2.4187,0.0056,-134.00,2.5000,30,reversal
FCX,Long,2022-03-09T15:00:00+00:00,2022-03-09T20:45:00+00:00,46.7000,47.1200,3.6594,0.7905,2.8689,0.0086,492.00,5.7500,30,eod
AMD,Short,2022-03-10T15:00:00+00:00,2022-03-10T20:45:00+00:00,105.8500,106.1000,-1.7881,-0.2158,-1.5724,0.0113,-216.00,5.7500,30,eod
GE,Long,2022-03-10T15:00:00+00:00,2022-03-10T20:45:00+00:00,56.0600,56.8300,2.0994,-0.2158,2.3152,0.0072,408.00,5.7500,30,eod
LIN,Short,2022-03-10T15:00:00+00:00,2022-03-10T20:45:00+00:00,285.4400,282.6500,3.0935,-0.2158,3.3092,0.0051,-80.00,5.7500,30,eod
MPC,Short,2022-03-11T15:00:00+00:00,2022-03-11T20:45:00+00:00,79.4500,78.4800,1.6474,-1.8129,3.4603,0.0092,-290.00,5.7500,30,eod
SBUX,Short,2022-03-11T15:10:00+00:00,2022-03-11T20:45:00+00:00,85.3100,82.7700,-2.9739,-1.3428,-1.6311,0.0080,-270.00,5.5833,40,eod
LLY,Long,2022-03-11T15:00:00+00:00,2022-03-11T20:45:00+00:00,268.3200,266.7100,1.1655,-1.8129,2.9784,0.0059,85.00,5.7500,30,eod
XOM,Short,2022-03-14T14:00:00+00:00,2022-03-14T16:15:00+00:00,81.3000,82.4400,-1.7661,0.4841,-2.2501,0.0108,-286.00,2.2500,30,reversal
XOM,Long,2022-03-14T14:05:00+00:00,2022-03-14T16:15:00+00:00,80.9700,82.4400,-2.1769,1.2323,-3.4092,0.0106,288.00,2.1667,35,reversal
PYPL,Long,2022-03-14T14:00:00+00:00,2022-03-14T19:45:00+00:00,98.7100,96.9500,2.5836,0.4841,2.0995,0.0137,235.00,5.7500,30,eod
AVGO,Long,2022-03-15T14:00:00+00:00,2022-03-15T19:45:00+00:00,59.0000,59.3000,2.3909,0.5936,1.7973,0.0085,394.00,5.7500,30,eod
XOM,Short,2022-03-15T14:00:00+00:00,2022-03-15T19:45:00+00:00,76.9500,77.2000,-2.0412,0.5936,-2.6348,0.0116,-302.00,5.7500,30,eod
XOM,Long,2022-03-15T14:25:00+00:00,2022-03-15T19:45:00+00:00,76.8500,77.2000,-2.1349,0.8861,-3.0210,0.0116,303.00,5.3333,55,eod
AVGO,Long,2022-03-16T14:05:00+00:00,2022-03-16T14:35:00+00:00,60.1300,60.4100,1.8202,0.6854,1.1349,0.0077,387.00,0.5000,35,reversal
SLB,Short,2022-03-16T14:00:00+00:00,2022-03-16T19:45:00+00:00,39.0200,37.7400,-0.9608,1.0365,-1.9973,0.0119,-598.00,5.7500,30,eod
UNH,Long,2022-03-16T14:25:00+00:00,2022-03-16T19:45:00+00:00,496.6700,496.7800,-1.7252,1.8026,-3.5279,0.0063,47.00,5.3333,55,eod
XOM,Long,2022-03-17T14:00:00+00:00,2022-03-17T19:45:00+00:00,77.1700,79.0000,-1.7971,1.7302,-3.5273,0.0105,305.00,5.7500,30,eod
CVX,Short,2022-03-17T14:00:00+00:00,2022-03-17T19:45:00+00:00,158.6500,160.5300,-0.9079,1.7302,-2.6381,0.0110,-148.00,5.7500,30,eod
LLY,Long,2022-03-17T14:00:00+00:00,2022-03-17T19:45:00+00:00,283.5200,285.2800,2.8931,1.7302,1.1629,0.0066,83.00,5.7500,30,eod
LLY,Short,2022-03-17T14:15:00+00:00,2022-03-17T19:45:00+00:00,285.1700,285.2800,4.1248,0.6180,3.5068,0.0061,-83.00,5.5000,45,eod
TXN,Long,2022-03-18T14:45:00+00:00,2022-03-18T15:45:00+00:00,178.5200,178.3900,2.4488,1.3496,1.0992,0.0056,133.00,1.0000,75,reversal
CVX,Short,2022-03-18T14:00:00+00:00,2022-03-18T19:45:00+00:00,159.6900,160.1600,-0.6602,2.3271,-2.9873,0.0114,-148.00,5.7500,30,eod
MPC,Long,2022-03-18T14:00:00+00:00,2022-03-18T19:45:00+00:00,76.3100,78.0500,-1.1620,2.3271,-3.4890,0.0086,310.00,5.7500,30,eod
CAT,Long,2022-03-21T14:00:00+00:00,2022-03-21T15:30:00+00:00,225.4300,223.6900,1.2173,-1.5340,2.7513,0.0078,105.00,1.5000,30,reversal
DE,Short,2022-03-21T14:00:00+00:00,2022-03-21T19:45:00+00:00,424.8800,420.7900,2.2791,-1.5340,3.8130,0.0071,-56.00,5.7500,30,eod
HD,Short,2022-03-21T14:05:00+00:00,2022-03-21T19:45:00+00:00,332.0200,327.8400,-3.5109,-1.3289,-2.1821,0.0063,-71.00,5.6667,35,eod
LOW,Long,2022-03-21T15:20:00+00:00,2022-03-21T19:45:00+00:00,229.9900,226.3000,-3.0290,0.0472,-3.0763,0.0106,103.00,4.4167,110,eod
GS,Long,2022-03-22T14:00:00+00:00,2022-03-22T14:40:00+00:00,345.1900,343.9000,2.4011,1.3189,1.0822,0.0058,68.00,0.6667,30,reversal
COP,Short,2022-03-22T14:00:00+00:00,2022-03-22T19:45:00+00:00,101.5700,101.9600,-0.9021,1.3189,-2.2210,0.0083,-234.00,5.7500,30,eod
LLY,Long,2022-03-22T14:00:00+00:00,2022-03-22T19:45:00+00:00,283.9300,285.7200,-2.4887,1.3189,-3.8076,0.0067,83.00,5.7500,30,eod
MU,Short,2022-03-23T14:00:00+00:00,2022-03-23T19:45:00+00:00,75.6300,76.0200,-2.2293,-0.2632,-1.9661,0.0118,-313.00,5.7500,30,eod
HD,Long,2022-03-23T15:20:00+00:00,2022-03-23T19:45:00+00:00,319.3900,317.3600,-2.1101,0.9187,-3.0288,0.0075,73.00,4.4167,110,eod
LLY,Long,2022-03-23T14:00:00+00:00,2022-03-23T19:45:00+00:00,287.6500,285.4900,1.9723,-0.2632,2.2355,0.0073,82.00,5.7500,30,eod
META,Long,2022-03-24T14:00:00+00:00,2022-03-24T14:50:00+00:00,220.2100,216.8300,1.8001,0.4520,1.3481,0.0112,107.00,0.8333,30,reversal
NFLX,Short,2022-03-24T14:00:00+00:00,2022-03-24T19:45:00+00:00,37.2700,37.4700,-1.0449,0.4520,-1.4969,0.0114,-632.00,5.7500,30,eod
LOW,Short,2022-03-25T14:00:00+00:00,2022-03-25T19:45:00+00:00,213.3900,212.5600,-3.2770,-0.3770,-2.9000,0.0081,-109.00,5.7500,30,eod
T,Long,2022-03-25T14:00:00+00:00,2022-03-25T19:45:00+00:00,17.8000,17.9600,1.9517,-0.3770,2.3287,0.0035,1314.00,5.7500,30,eod
T,Short,2022-03-25T14:50:00+00:00,2022-03-25T19:45:00+00:00,17.9000,17.9600,3.3227,0.0330,3.2896,0.0037,-1306.00,4.9167,80,eod
MSFT,Long,2022-03-28T14:00:00+00:00,2022-03-28T15:00:00+00:00,309.9100,307.9200,1.6953,0.5365,1.1588,0.0048,75.00,1.0000,30,reversal
FCX,Short,2022-03-28T14:00:00+00:00,2022-03-28T15:50:00+00:00,49.1800,49.6400,-1.6007,0.5365,-2.1372,0.0112,-476.00,1.8333,30,reversal
SLB,Long,2022-03-29T14:00:00+00:00,2022-03-29T19:45:00+00:00,40.9000,42.7200,1.5633,-1.0544,2.6176,0.0078,569.00,5.7500,30,eod
SLB,Short,2022-03-29T14:10:00+00:00,2022-03-29T19:45:00+00:00,41.0200,42.7200,1.9752,-1.6758,3.6510,0.0076,-568.00,5.5833,40,eod
JPM,Short,2022-03-29T14:00:00+00:00,2022-03-29T19:45:00+00:00,141.0100,141.2200,-2.4038,-1.0544,-1.3494,0.0056,-165.00,5.7500,30,eod
UNH,Long,2022-03-30T14:00:00+00:00,2022-03-30T14:15:00+00:00,520.7000,516.5600,2.5022,-0.1410,2.6431,0.0036,44.00,0.2500,30,reversal
FCX,Short,2022-03-30T14:00:00+00:00,2022-03-30T19:45:00+00:00,50.5000,50.6600,-1.5665,-0.1410,-1.4255,0.0092,-454.00,5.7500,30,eod
MPC,Long,2022-03-31T14:00:00+00:00,2022-03-31T19:45:00+00:00,86.3000,85.6800,1.4974,-0.7004,2.1978,0.0056,264.00,5.7500,30,eod
T,Short,2022-03-31T14:00:00+00:00,2022-03-31T19:45:00+00:00,17.9800,17.9000,-3.0769,-0.7004,-2.3765,0.0030,-1271.00,5.7500,30,eod
T,Long,2022-03-31T14:45:00+00:00,2022-03-31T19:45:00+00:00,17.9800,17.9000,-2.7156,0.5493,-3.2649,0.0034,1272.00,5.0000,75,eod
FCX,Long,2022-04-01T14:00:00+00:00,2022-04-01T16:30:00+00:00,51.5100,50.0100,1.7748,-0.8676,2.6424,0.0096,441.00,2.5000,30,reversal
QCOM,Short,2022-04-01T14:00:00+00:00,2022-04-01T19:45:00+00:00,146.9600,145.4400,-2.5334,-0.8676,-1.6658,0.0101,-154.00,5.7500,30,eod
LLY,Short,2022-04-01T14:00:00+00:00,2022-04-01T19:45:00+00:00,289.2700,292.0800,2.4586,-0.8676,3.3262,0.0072,-78.00,5.7500,30,eod
COP,Long,2022-04-04T14:00:00+00:00,2022-04-04T19:45:00+00:00,100.8400,100.7100,-1.9122,1.8193,-3.7315,0.0046,223.00,5.7500,30,eod
JPM,Long,2022-04-04T14:05:00+00:00,2022-04-04T19:45:00+00:00,135.8700,135.8400,3.0429,1.7878,1.2551,0.0066,165.00,5.6667,35,eod
SBUX,Short,2022-04-04T14:00:00+00:00,2022-04-04T19:45:00+00:00,87.1500,87.8500,-1.1798,1.8193,-2.9991,0.0084,-258.00,5.7500,30,eod
TXN,Short,2022-04-05T14:00:00+00:00,2022-04-05T17:05:00+00:00,178.3200,179.0100,-2.8621,-0.4970,-2.3650,0.0063,-125.00,3.0833,30,reversal
SCHW,Long,2022-04-05T14:00:00+00:00,2022-04-05T19:45:00+00:00,84.2700,81.6900,2.3777,-0.4970,2.8748,0.0080,266.00,5.7500,30,eod
UNH,Short,2022-04-05T14:00:00+00:00,2022-04-05T19:45:00+00:00,520.4200,515.8100,4.2263,-0.4970,4.7234,0.0051,-43.00,5.7500,30,eod
CVX,Short,2022-04-06T14:00:00+00:00,2022-04-06T18:05:00+00:00,166.2400,164.7700,1.6481,-1.7378,3.3859,0.0050,-133.00,4.0833,30,reversal
AMZN,Short,2022-04-06T14:05:00+00:00,2022-04-06T18:30:00+00:00,158.3300,159.3000,-2.6463,-1.6324,-1.0140,0.0078,-140.00,4.4167,35,reversal
TXN,Long,2022-04-06T14:00:00+00:00,2022-04-06T19:45:00+00:00,176.3400,177.6200,0.9467,-1.7378,2.6845,0.0066,125.00,5.7500,30,eod
GE,Short,2022-04-07T14:00:00+00:00,2022-04-07T17:10:00+00:00,54.8400,55.1500,-2.7827,0.2075,-2.9902,0.0041,-405.00,3.1667,30,reversal
GE,Long,2022-04-07T14:20:00+00:00,2022-04-07T17:10:00+00:00,54.2600,55.1500,-4.0538,-0.1846,-3.8692,0.0054,411.00,2.8333,50,reversal
LLY,Long,2022-04-07T14:00:00+00:00,2022-04-07T18:55:00+00:00,313.6000,308.9900,1.8359,0.2075,1.6284,0.0080,70.00,4.9167,30,reversal
PFE,Short,2022-04-07T14:35:00+00:00,2022-04-07T19:45:00+00:00,54.2300,55.2500,2.6302,-0.5325,3.1626,0.0090,-411.00,5.1667,65,eod
XOM,Long,2022-04-08T14:00:00+00:00,2022-04-08T14:30:00+00:00,86.7300,86.1800,1.1432,-0.8093,1.9524,0.0043,255.00,0.5000,30,reversal
CVX,Short,2022-04-08T14:20:00+00:00,2022-04-08T17:35:00+00:00,168.0900,169.9500,-2.1648,-0.4897,-1.6751,0.0049,-131.00,3.2500,50,reversal
T,Short,2022-04-08T14:00:00+00:00,2022-04-08T19:45:00+00:00,18.0900,18.2100,3.5340,-0.8093,4.3433,0.0038,-1226.00,5.7500,30,eod
MSFT,Short,2022-04-11T14:00:00+00:00,2022-04-11T19:45:00+00:00,286.6300,285.3300,-2.4911,0.3414,-2.8325,0.0060,-76.00,5.7500,30,eod
GE,Long,2022-04-11T14:00:00+00:00,2022-04-11T19:45:00+00:00,56.3900,55.8300,2.8762,0.3414,2.5347,0.0049,389.00,5.7500,30,eod
PFE,Long,2022-04-11T14:00:00+00:00,2022-04-11T19:45:00+00:00,54.4400,53.8800,-2.8965,0.3414,-3.2379,0.0112,403.00,5.7500,30,eod
T,Short,2022-04-11T14:00:00+00:00,2022-04-11T19:45:00+00:00,19.3600,19.6000,4.9273,0.3414,4.5859,0.0052,-1135.00,5.7500,30,eod
UNH,Short,2022-04-12T14:00:00+00:00,2022-04-12T14:40:00+00:00,533.3500,535.8000,-0.7640,1.9230,-2.6871,0.0056,-40.00,0.6667,30,reversal
T,Long,2022-04-12T14:00:00+00:00,2022-04-12T15:10:00+00:00,19.6300,19.7400,-2.1934,1.9230,-4.1164,0.0057,1108.00,1.1667,30,reversal
CAT,Long,2022-04-12T14:00:00+00:00,2022-04-12T19:45:00+00:00,218.7500,216.4900,3.7077,1.9230,1.7847,0.0038,99.00,5.7500,30,eod
CAT,Short,2022-04-12T18:20:00+00:00,2022-04-12T19:45:00+00:00,216.5700,216.4900,0.6437,-2.3851,3.0289,0.0063,-100.00,1.4167,290,eod
AAPL,Long,2022-04-13T16:20:00+00:00,2022-04-13T19:45:00+00:00,170.5600,170.8300,3.2632,2.0718,1.1914,0.0064,126.00,3.4167,170,eod
COP,Long,2022-04-13T14:00:00+00:00,2022-04-13T19:45:00+00:00,99.7300,100.2500,-3.0062,1.5099,-4.5161,0.0051,217.00,5.7500,30,eod
PFE,Short,2022-04-13T14:00:00+00:00,2022-04-13T19:45:00+00:00,52.9200,53.1100,-1.4749,1.5099,-2.9848,0.0107,-409.00,5.7500,30,eod
GS,Short,2022-04-14T15:05:00+00:00,2022-04-14T19:00:00+00:00,322.2100,321.4000,-3.0009,-1.9296,-1.0713,0.0071,-66.00,3.9167,95,reversal
SLB,Long,2022-04-14T14:00:00+00:00,2022-04-14T19:45:00+00:00,43.0100,43.3600,1.3121,-1.6777,2.9898,0.0091,503.00,5.7500,30,eod
CAT,Short,2022-04-14T14:00:00+00:00,2022-04-14T19:45:00+00:00,223.5300,227.7500,2.6115,-1.6777,4.2892,0.0046,-96.00,5.7500,30,eod
COP,Long,2022-04-18T14:00:00+00:00,2022-04-18T14:30:00+00:00,103.4500,102.4200,2.7358,0.0839,2.6519,0.0062,208.00,0.5000,30,reversal
MPC,Short,2022-04-18T14:00:00+00:00,2022-04-18T19:45:00+00:00,89.2200,89.6500,3.1669,0.0839,3.0830,0.0043,-241.00,5.7500,30,eod
SCHW,Long,2022-04-18T14:00:00+00:00,2022-04-18T19:45:00+00:00,73.9600,74.0900,-4.0366,0.0839,-4.1205,0.0088,291.00,5.7500,30,eod
HD,Short,2022-04-18T14:00:00+00:00,2022-04-18T19:45:00+00:00,300.4900,299.1900,-2.4319,0.0839,-2.5158,0.0075,-71.00,5.7500,30,eod
CVX,Long,2022-04-19T14:15:00+00:00,2022-04-19T19:45:00+00:00,172.0800,172.1800,-1.1131,2.2850,-3.3981,0.0056,124.00,5.5000,45,eod
PFE,Short,2022-04-19T14:00:00+00:00,2022-04-19T19:45:00+00:00,50.7700,50.1800,-0.2549,1.8047,-2.0596,0.0108,-423.00,5.7500,30,eod
DIS,Long,2022-04-19T14:45:00+00:00,2022-04-19T19:45:00+00:00,131.9000,131.7700,3.6674,2.5288,1.1386,0.0065,162.00,5.0000,75,eod
NFLX,Long,2022-04-20T14:00:00+00:00,2022-04-20T19:45:00+00:00,22.1900,22.3700,-5.3893,-1.9792,-3.4101,0.0148,971.00,5.7500,30,eod
LIN,Short,2022-04-20T14:00:00+00:00,2022-04-20T19:45:00+00:00,323.8600,326.8000,1.9916,-1.9792,3.9708,0.0042,-66.00,5.7500,30,eod
LOW,Long,2022-04-20T14:00:00+00:00,2022-04-20T19:45:00+00:00,206.7500,209.6700,0.7465,-1.9792,2.7257,0.0067,104.00,5.7500,30,eod
PYPL,Short,2022-04-20T14:00:00+00:00,2022-04-20T19:45:00+00:00,96.1000,95.2800,-3.5533,-1.9792,-1.5741,0.0099,-224.00,5.7500,30,eod
MPC,Long,2022-04-21T14:00:00+00:00,2022-04-21T18:25:00+00:00,92.8800,89.9700,1.8970,-0.7564,2.6533,0.0054,233.00,4.4167,30,reversal
MPC,Short,2022-04-21T14:05:00+00:00,2022-04-21T18:25:00+00:00,92.8600,89.9700,1.9657,-1.0604,3.0260,0.0051,-233.00,4.3333,35,reversal
SCHW,Long,2022-04-21T15:35:00+00:00,2022-04-21T19:40:00+00:00,72.6800,73.3400,-5.2275,-1.7158,-3.5117,0.0117,302.00,4.0833,125,reversal
COIN,Short,2022-04-21T14:00:00+00:00,2022-04-21T19:45:00+00:00,145.3000,136.9700,-2.6771,-0.7564,-1.9207,0.0172,-149.00,5.7500,30,eod
GOOGL,Short,2022-04-22T14:00:00+00:00,2022-04-22T19:45:00+00:00,123.4700,119.9200,-2.2506,-1.0283,-1.2224,0.0062,-180.00,5.7500,30,eod
COP,Long,2022-04-22T14:00:00+00:00,2022-04-22T19:45:00+00:00,98.7200,96.4400,1.3415,-1.0283,2.3697,0.0075,225.00,5.7500,30,eod
SLB,Short,2022-04-22T14:00:00+00:00,2022-04-22T19:45:00+00:00,42.2600,41.9100,2.6342,-1.0283,3.6624,0.0141,-527.00,5.7500,30,eod
PYPL,Long,2022-04-25T14:00:00+00:00,2022-04-25T14:35:00+00:00,87.0200,87.5000,1.5117,-0.4114,1.9231,0.0123,257.00,0.5833,30,reversal
CVX,Short,2022-04-25T14:00:00+00:00,2022-04-25T15:45:00+00:00,156.4300,153.4300,3.1101,-0.4114,3.5215,0.0050,-143.00,1.7500,30,reversal
T,Short,2022-04-25T14:00:00+00:00,2022-04-25T19:45:00+00:00,19.3000,19.5900,-1.9785,-0.4114,-1.5671,0.0080,-1159.00,5.7500,30,eod
T,Long,2022-04-25T14:30:00+00:00,2022-04-25T19:45:00+00:00,19.3000,19.5900,-1.8265,1.6152,-3.4417,0.0087,1162.00,5.2500,60,eod
TSLA,Short,2022-04-26T14:00:00+00:00,2022-04-26T19:45:00+00:00,309.1000,295.5100,-4.0431,-2.1772,-1.8659,0.0153,-73.00,5.7500,30,eod
XOM,Long,2022-04-26T14:00:00+00:00,2022-04-26T19:45:00+00:00,83.4100,82.4400,0.7177,-2.1772,2.8949,0.0065,271.00,5.7500,30,eod
GE,Long,2022-04-26T16:05:00+00:00,2022-04-26T19:45:00+00:00,48.8600,50.2000,-4.5502,-1.5416,-3.0086,0.0111,470.00,3.6667,155,eod
LOW,Short,2022-04-26T14:00:00+00:00,2022-04-26T19:45:00+00:00,203.2700,200.0800,1.5963,-2.1772,3.7735,0.0065,-111.00,5.7500,30,eod
TSLA,Short,2022-04-27T14:00:00+00:00,2022-04-27T14:20:00+00:00,297.0800,296.4500,-1.2331,0.1281,-1.3612,0.0165,-77.00,0.3333,30,reversal
TXN,Short,2022-04-27T14:00:00+00:00,2022-04-27T19:45:00+00:00,166.6500,169.4100,3.1900,0.1281,3.0619,0.0047,-138.00,5.7500,30,eod
LIN,Long,2022-04-27T14:00:00+00:00,2022-04-27T19:45:00+00:00,306.6700,306.0500,2.0288,0.1281,1.9007,0.0048,75.00,5.7500,30,eod
T,Long,2022-04-28T14:00:00+00:00,2022-04-28T17:20:00+00:00,19.3000,19.4400,0.6255,-1.8045,2.4300,0.0092,1191.00,3.3333,30,reversal
TSLA,Short,2022-04-28T14:00:00+00:00,2022-04-28T19:45:00+00:00,276.7100,293.4500,-3.2893,-1.8045,-1.4849,0.0188,-83.00,5.7500,30,eod
XOM,Short,2022-04-28T14:30:00+00:00,2022-04-28T19:45:00+00:00,85.1300,87.5600,1.3608,-1.7100,3.0708,0.0062,-269.00,5.2500,60,eod
MSFT,Short,2022-04-29T14:00:00+00:00,2022-04-29T16:10:00+00:00,286.5500,283.6200,-1.4291,0.6768,-2.1059,0.0064,-78.00,2.1667,30,reversal
AMZN,Long,2022-04-29T14:00:00+00:00,2022-04-29T19:45:00+00:00,126.8700,122.8500,-2.6414,0.6768,-3.3182,0.0089,176.00,5.7500,30,eod
CAT,Short,2022-04-29T15:15:00+00:00,2022-04-29T19:45:00+00:00,215.8100,210.8200,1.7164,-1.4282,3.1447,0.0085,-103.00,4.5000,105,eod
LIN,Long,2022-04-29T14:00:00+00:00,2022-04-29T19:45:00+00:00,317.9300,312.5500,2.1593,0.6768,1.4825,0.0049,70.00,5.7500,30,eod
META,Long,2022-05-02T14:05:00+00:00,2022-05-02T19:45:00+00:00,207.6600,210.3200,2.1390,0.4624,1.6766,0.0144,107.00,5.6667,35,eod
UNH,Short,2022-05-02T14:00:00+00:00,2022-05-02T19:45:00+00:00,509.5200,501.1900,-1.0290,1.5041,-2.5331,0.0050,-43.00,5.7500,30,eod
UNH,Long,2022-05-02T15:10:00+00:00,2022-05-02T19:45:00+00:00,506.0500,501.1900,-2.8006,1.0598,-3.8604,0.0042,44.00,4.5833,100,eod
LLY,Short,2022-05-03T14:00:00+00:00,2022-05-03T14:55:00+00:00,285.1300,288.1400,-1.7232,1.0341,-2.7572,0.0070,-78.00,0.9167,30,reversal
MPC,Long,2022-05-03T14:00:00+00:00,2022-05-03T19:45:00+00:00,91.1200,92.3600,2.2130,1.0341,1.1789,0.0075,244.00,5.7500,30,eod
SBUX,Long,2022-05-03T14:00:00+00:00,2022-05-03T19:45:00+00:00,73.9600,74.0900,-3.1596,1.0341,-4.1937,0.0042,301.00,5.7500,30,eod
PFE,Short,2022-05-03T14:40:00+00:00,2022-05-03T19:45:00+00:00,49.4500,49.2500,2.7380,-0.5118,3.2498,0.0102,-449.00,5.0833,70,eod
LOW,Long,2022-05-04T14:00:00+00:00,2022-05-04T16:30:00+00:00,203.2400,200.7700,1.4681,-0.9992,2.4673,0.0066,109.00,2.5000,30,reversal
TXN,Short,2022-05-04T14:00:00+00:00,2022-05-04T19:45:00+00:00,170.7800,176.2300,-2.1520,-0.9992,-1.1528,0.0054,-130.00,5.7500,30,eod
T,Short,2022-05-04T14:00:00+00:00,2022-05-04T19:45:00+00:00,19.6300,19.9100,2.5653,-0.9992,3.5644,0.0083,-1136.00,5.7500,30,eod
SBUX,Short,2022-05-05T14:00:00+00:00,2022-05-05T14:50:00+00:00,79.2400,79.0000,-3.7044,-2.2862,-1.4182,0.0058,-275.00,0.8333,30,reversal
COP,Short,2022-05-05T14:00:00+00:00,2022-05-05T19:45:00+00:00,105.0600,102.5500,2.5585,-2.2862,4.8446,0.0082,-208.00,5.7500,30,eod
T,Long,2022-05-05T14:00:00+00:00,2022-05-05T19:45:00+00:00,19.8200,19.8600,0.3347,-2.2862,2.6209,0.0076,1102.00,5.7500,30,eod
UNH,Long,2022-05-06T14:00:00+00:00,2022-05-06T15:30:00+00:00,493.7800,493.8000,1.7348,-0.9627,2.6975,0.0050,44.00,1.5000,30,reversal
CAT,Short,2022-05-06T14:00:00+00:00,2022-05-06T19:35:00+00:00,211.4600,214.9200,-3.2284,-0.9627,-2.2658,0.0056,-104.00,5.5833,30,reversal
CAT,Long,2022-05-06T14:10:00+00:00,2022-05-06T19:35:00+00:00,210.7500,214.9200,-3.6173,-0.1877,-3.4297,0.0059,104.00,5.4167,40,reversal
LLY,Short,2022-05-09T14:00:00+00:00,2022-05-09T14:40:00+00:00,287.3200,291.1400,-2.7122,-0.5643,-2.1480,0.0064,-77.00,0.6667,30,reversal
LOW,Short,2022-05-09T14:00:00+00:00,2022-05-09T19:45:00+00:00,195.0800,195.6600,3.4844,-0.5643,4.0486,0.0077,-113.00,5.7500,30,eod
UNH,Long,2022-05-09T14:00:00+00:00,2022-05-09T19:45:00+00:00,493.0000,485.2600,2.0659,-0.5643,2.6302,0.0051,44.00,5.7500,30,eod
AVGO,Long,2022-05-10T14:00:00+00:00,2022-05-10T19:45:00+00:00,58.6200,58.3900,1.9246,0.3532,1.5714,0.0071,374.00,5.7500,30,eod
AVGO,Short,2022-05-10T14:10:00+00:00,2022-05-10T19:45:00+00:00,58.7500,58.3900,2.9464,-0.1813,3.1278,0.0054,-373.00,5.5833,40,eod
JPM,Long,2022-05-10T14:15:00+00:00,2022-05-10T19:45:00+00:00,121.5000,118.6100,-3.4462,0.1729,-3.6191,0.0043,180.00,5.5000,45,eod
LOW,Short,2022-05-10T14:00:00+00:00,2022-05-10T19:45:00+00:00,194.2300,192.5200,-2.0048,0.3532,-2.3580,0.0084,-112.00,5.7500,30,eod
GE,Short,2022-05-11T14:00:00+00:00,2022-05-11T16:20:00+00:00,45.7500,45.9000,0.1681,2.3311,-2.1629,0.0091,-477.00,2.3333,30,reversal
LIN,Long,2022-05-11T14:00:00+00:00,2022-05-11T19:45:00+00:00,302.7300,300.2200,3.5486,2.3311,1.2176,0.0048,72.00,5.7500,30,eod
COP,Short,2022-05-12T14:00:00+00:00,2022-05-12T17:50:00+00:00,95.7400,97.8300,-1.9885,0.8930,-2.8814,0.0108,-227.00,3.8333,30,reversal
CRM,Long,2022-05-12T14:00:00+00:00,2022-05-12T19:45:00+00:00,160.4600,158.7900,2.6732,0.8930,1.7803,0.0107,135.00,5.7500,30,eod
UNH,Long,2022-05-12T14:00:00+00:00,2022-05-12T19:45:00+00:00,477.0300,477.1700,-2.5996,0.8930,-3.4926,0.0067,45.00,5.7500,30,eod
COIN,Short,2022-05-12T17:00:00+00:00,2022-05-12T19:45:00+00:00,56.4300,57.1100,4.2555,1.0328,3.2228,0.0596,-381.00,2.7500,210,eod
MU,Long,2022-05-13T14:05:00+00:00,2022-05-13T19:45:00+00:00,70.3000,72.0700,3.8820,2.4976,1.3845,0.0083,304.00,5.6667,35,eod
UNH,Short,2022-05-13T14:00:00+00:00,2022-05-13T19:45:00+00:00,479.7600,485.5500,-0.5869,2.1687,-2.7556,0.0067,-44.00,5.7500,30,eod
PFE,Long,2022-05-13T14:00:00+00:00,2022-05-13T19:45:00+00:00,50.0500,49.8500,-1.8770,2.1687,-4.0458,0.0047,427.00,5.7500,30,eod
DE,Long,2022-05-16T14:00:00+00:00,2022-05-16T19:45:00+00:00,377.9700,375.0300,2.3939,-0.3419,2.7358,0.0090,56.00,5.7500,30,eod
JPM,Short,2022-05-16T14:00:00+00:00,2022-05-16T19:45:00+00:00,117.7300,118.1100,-2.0134,-0.3419,-1.6715,0.0058,-182.00,5.7500,30,eod
LLY,Short,2022-05-16T14:00:00+00:00,2022-05-16T19:45:00+00:00,305.7000,299.3400,3.5716,-0.3419,3.9135,0.0096,-70.00,5.7500,30,eod
JPM,Long,2022-05-17T14:00:00+00:00,2022-05-17T16:05:00+00:00,122.6100,121.0300,1.5388,-0.2387,1.7775,0.0060,175.00,2.0833,30,reversal
HD,Short,2022-05-17T14:00:00+00:00,2022-05-17T19:45:00+00:00,301.3200,300.7500,-2.3647,-0.2387,-2.1260,0.0119,-71.00,5.7500,30,eod
HD,Long,2022-05-17T15:40:00+00:00,2022-05-17T19:45:00+00:00,294.3300,300.7500,-3.3513,-0.3116,-3.0397,0.0151,73.00,4.0833,130,eod
CAT,Short,2022-05-18T14:00:00+00:00,2022-05-18T15:00:00+00:00,217.4200,212.5200,2.4783,-0.5608,3.0391,0.0071,-99.00,1.0000,30,reversal
UNH,Short,2022-05-18T14:00:00+00:00,2022-05-18T15:30:00+00:00,480.4700,481.4300,-1.9126,-0.5608,-1.3518,0.0075,-45.00,1.5000,30,reversal
COIN,Long,2022-05-18T14:00:00+00:00,2022-05-18T19:45:00+00:00,70.0100,62.7100,1.3694,-0.5608,1.9302,0.0357,309.00,5.7500,30,eod
LOW,Long,2022-05-19T14:05:00+00:00,2022-05-19T15:50:00+00:00,189.0900,188.1300,1.4881,0.0660,1.4221,0.0135,111.00,1.7500,35,reversal
LLY,Short,2022-05-19T14:00:00+00:00,2022-05-19T19:45:00+00:00,286.1300,285.6700,-1.9445,0.5677,-2.5121,0.0114,-73.00,5.7500,30,eod
TSLA,Short,2022-05-20T14:00:00+00:00,2022-05-20T17:30:00+00:00,231.4100,214.9000,-1.8556,-0.2385,-1.6171,0.0139,-91.00,3.5000,30,reversal
DE,Long,2022-05-20T14:00:00+00:00,2022-05-20T19:45:00+00:00,327.7100,312.8600,-3.3549,-0.2385,-3.1164,0.0110,64.00,5.7500,30,eod
LLY,Long,2022-05-20T14:00:00+00:00,2022-05-20T19:45:00+00:00,296.9000,298.3000,1.6985,-0.2385,1.9370,0.0125,70.00,5.7500,30,eod
PFE,Short,2022-05-20T14:00:00+00:00,2022-05-20T19:45:00+00:00,52.6300,52.4100,3.3745,-0.2385,3.6130,0.0052,-400.00,5.7500,30,eod
AMZN,Short,2022-05-23T14:00:00+00:00,2022-05-23T19:45:00+00:00,104.5500,106.9600,-2.7462,-1.0345,-1.7117,0.0135,-203.00,5.7500,30,eod
CAT,Long,2022-05-23T14:00:00+00:00,2022-05-23T19:45:00+00:00,202.7300,203.6700,1.2121,-1.0345,2.2466,0.0088,104.00,5.7500,30,eod
DE,Short,2022-05-23T14:00:00+00:00,2022-05-23T19:45:00+00:00,327.7200,333.8200,2.0363,-1.0345,3.0708,0.0117,-64.00,5.7500,30,eod
AAPL,Short,2022-05-24T14:00:00+00:00,2022-05-24T19:45:00+00:00,138.5300,140.5700,-3.0187,-1.8246,-1.1941,0.0071,-151.00,5.7500,30,eod
CVX,Short,2022-05-24T14:00:00+00:00,2022-05-24T19:45:00+00:00,173.2700,172.9300,2.3221,-1.8246,4.1467,0.0080,-121.00,5.7500,30,eod
MPC,Long,2022-05-24T14:00:00+00:00,2022-05-24T19:45:00+00:00,96.3000,97.6100,0.9189,-1.8246,2.7435,0.0080,218.00,5.7500,30,eod
SLB,Long,2022-05-25T14:00:00+00:00,2022-05-25T18:30:00+00:00,44.6200,44.7900,1.8153,0.3808,1.4345,0.0095,470.00,4.5000,30,reversal
META,Short,2022-05-25T14:00:00+00:00,2022-05-25T19:45:00+00:00,180.4000,183.3900,-1.0245,0.3808,-1.4053,0.0119,-116.00,5.7500,30,eod
MPC,Long,2022-05-26T14:05:00+00:00,2022-05-26T19:45:00+00:00,99.2100,99.9900,-1.3382,1.6785,-3.0167,0.0071,210.00,5.6667,35,eod
DE,Short,2022-05-26T14:00:00+00:00,2022-05-26T19:45:00+00:00,340.7900,348.7200,-1.2703,1.6218,-2.8921,0.0109,-61.00,5.7500,30,eod
FCX,Short,2022-05-27T14:00:00+00:00,2022-05-27T19:45:00+00:00,38.8800,39.5200,-0.9818,1.0629,-2.0446,0.0075,-534.00,5.7500,30,eod
PYPL,Long,2022-05-27T14:00:00+00:00,2022-05-27T19:45:00+00:00,83.3100,85.0000,2.0643,1.0629,1.0014,0.0093,249.00,5.7500,30,eod
TSLA,Short,2022-05-31T14:00:00+00:00,2022-05-31T19:45:00+00:00,246.8300,251.9600,-2.3818,-0.8431,-1.5386,0.0137,-84.00,5.7500,30,eod
CVX,Long,2022-05-31T19:30:00+00:00,2022-05-31T19:45:00+00:00,175.0400,174.0100,-2.1119,0.9020,-3.0139,0.0128,117.00,0.2500,360,eod
CAT,Long,2022-05-31T14:00:00+00:00,2022-05-31T19:45:00+00:00,216.0900,216.3200,1.3740,-0.8431,2.2171,0.0084,96.00,5.7500,30,eod
PFE,Short,2022-06-01T14:00:00+00:00,2022-06-01T16:05:00+00:00,52.0700,52.1100,-2.3126,-0.1245,-2.1882,0.0059,-395.00,2.0833,30,reversal
CRM,Long,2022-06-01T14:00:00+00:00,2022-06-01T19:45:00+00:00,182.8300,177.2000,1.4223,-0.1245,1.5467,0.0153,112.00,5.7500,30,eod
TSLA,Long,2022-06-02T14:00:00+00:00,2022-06-02T17:20:00+00:00,252.9800,260.2800,2.1981,0.7592,1.4389,0.0146,80.00,3.3333,30,reversal
MPC,Long,2022-06-02T14:05:00+00:00,2022-06-02T19:45:00+00:00,102.9500,104.0800,-2.6038,0.4193,-3.0230,0.0057,197.00,5.6667,35,eod
UNH,Short,2022-06-02T14:00:00+00:00,2022-06-02T19:45:00+00:00,484.0900,490.9400,-2.1378,0.7592,-2.8970,0.0071,-42.00,5.7500,30,eod
SBUX,Long,2022-06-03T14:00:00+00:00,2022-06-03T19:45:00+00:00,79.8400,78.8800,2.1046,-0.2634,2.3680,0.0063,256.00,5.7500,30,eod
T,Short,2022-06-03T14:00:00+00:00,2022-06-03T19:45:00+00:00,20.9400,20.8700,-1.7663,-0.2634,-1.5029,0.0040,-979.00,5.7500,30,eod
PYPL,Short,2022-06-06T14:00:00+00:00,2022-06-06T15:20:00+00:00,87.5000,87.3200,-1.1012,0.7924,-1.8936,0.0100,-233.00,1.3333,30,reversal
MPC,Long,2022-06-06T14:00:00+00:00,2022-06-06T19:45:00+00:00,107.8500,109.2500,2.3257,0.7924,1.5332,0.0064,189.00,5.7500,30,eod
MPC,Short,2022-06-06T15:30:00+00:00,2022-06-06T19:45:00+00:00,108.5100,109.2500,2.3200,-0.7596,3.0797,0.0090,-188.00,4.2500,120,eod
GE,Short,2022-06-07T14:00:00+00:00,2022-06-07T18:30:00+00:00,47.5000,48.2800,-1.2986,1.0799,-2.3785,0.0052,-429.00,4.5000,30,reversal
COP,Long,2022-06-07T14:00:00+00:00,2022-06-07T19:45:00+00:00,119.7200,122.2800,2.4381,1.0799,1.3583,0.0065,170.00,5.7500,30,eod
SCHW,Short,2022-06-08T14:00:00+00:00,2022-06-08T19:45:00+00:00,66.5000,65.6800,-0.9231,1.5107,-2.4339,0.0034,-307.00,5.7500,30,eod
PFE,Long,2022-06-08T14:00:00+00:00,2022-06-08T19:45:00+00:00,53.9700,53.4400,-1.5039,1.5107,-3.0147,0.0062,378.00,5.7500,30,eod
DIS,Long,2022-06-08T14:00:00+00:00,2022-06-08T19:45:00+00:00,109.0500,107.2800,2.8648,1.5107,1.3541,0.0060,187.00,5.7500,30,eod
HD,Long,2022-06-09T14:00:00+00:00,2022-06-09T14:40:00+00:00,305.7700,303.1000,1.9854,0.4045,1.5809,0.0071,66.00,0.6667,30,reversal
GS,Short,2022-06-09T14:00:00+00:00,2022-06-09T19:45:00+00:00,310.8200,304.7800,-1.6310,0.4045,-2.0355,0.0043,-65.00,5.7500,30,eod
SBUX,Short,2022-06-09T15:00:00+00:00,2022-06-09T19:45:00+00:00,80.0100,79.0000,2.7933,-0.2470,3.0404,0.0059,-253.00,4.7500,90,eod
COP,Short,2022-06-10T14:00:00+00:00,2022-06-10T15:00:00+00:00,118.7600,115.9500,2.2563,-1.2873,3.5437,0.0063,-172.00,1.0000,30,reversal
FCX,Long,2022-06-10T14:00:00+00:00,2022-06-10T19:45:00+00:00,39.8800,40.2600,1.4683,-1.2873,2.7556,0.0081,512.00,5.7500,30,eod
GS,Short,2022-06-10T14:00:00+00:00,2022-06-10T19:45:00+00:00,293.1800,287.0500,-2.4597,-1.2873,-1.1723,0.0051,-69.00,5.7500,30,eod
CVX,Long,2022-06-13T14:45:00+00:00,2022-06-13T16:30:00+00:00,164.3600,170.0400,-5.3783,-1.6923,-3.6861,0.0068,125.00,1.7500,75,reversal
T,Short,2022-06-13T14:00:00+00:00,2022-06-13T19:45:00+00:00,20.0800,19.7300,-3.5740,-0.6754,-2.8986,0.0043,-1034.00,5.7500,30,eod
COIN,Long,2022-06-13T14:00:00+00:00,2022-06-13T19:45:00+00:00,51.0000,51.7300,1.6499,-0.6754,2.3253,0.0269,407.00,5.7500,30,eod
COIN,Short,2022-06-13T14:55:00+00:00,2022-06-13T19:45:00+00:00,51.0100,51.7300,1.5077,-1.7336,3.2413,0.0296,-407.00,4.8333,85,eod
COP,Long,2022-06-14T14:00:00+00:00,2022-06-14T16:35:00+00:00,115.3300,112.8500,2.0778,0.1540,1.9239,0.0075,182.00,2.5833,30,reversal
COP,Short,2022-06-14T14:05:00+00:00,2022-06-14T16:35:00+00:00,115.7700,112.8500,2.6145,-0.4680,3.0825,0.0074,-181.00,2.5000,35,reversal
CRM,Short,2022-06-14T14:00:00+00:00,2022-06-14T19:45:00+00:00,164.6600,164.5500,-1.4443,0.1540,-1.5983,0.0126,-127.00,5.7500,30,eod
T,Long,2022-06-14T16:10:00+00:00,2022-06-14T19:45:00+00:00,19.4200,19.4800,-3.7615,-0.5304,-3.2312,0.0055,1090.00,3.5833,160,eod
LIN,Long,2022-06-15T14:00:00+00:00,2022-06-15T15:10:00+00:00,300.8000,298.1400,2.2831,1.0812,1.2019,0.0034,70.00,1.1667,30,reversal
MPC,Short,2022-06-15T14:00:00+00:00,2022-06-15T19:45:00+00:00,102.1200,99.3300,-1.2508,1.0812,-2.3320,0.0087,-207.00,5.7500,30,eod
MPC,Long,2022-06-15T15:15:00+00:00,2022-06-15T19:45:00+00:00,99.8700,99.3300,-2.9514,0.0640,-3.0155,0.0111,212.00,4.5000,105,eod
HD,Long,2022-06-16T14:00:00+00:00,2022-06-16T15:15:00+00:00,274.1900,270.8000,1.2571,-0.9894,2.2465,0.0051,77.00,1.2500,30,reversal
BAC,Short,2022-06-16T17:35:00+00:00,2022-06-16T19:45:00+00:00,31.9700,31.6800,2.4169,-0.6585,3.0754,0.0106,-662.00,2.1667,245,eod
T,Short,2022-06-16T14:00:00+00:00,2022-06-16T19:45:00+00:00,18.8700,18.9400,-3.4631,-0.9894,-2.4737,0.0051,-1123.00,5.7500,30,eod
T,Long,2022-06-16T14:15:00+00:00,2022-06-16T19:45:00+00:00,18.7300,18.9400,-4.4709,-1.0685,-3.4024,0.0056,1132.00,5.5000,45,eod
MU,Short,2022-06-17T14:00:00+00:00,2022-06-17T19:45:00+00:00,54.8700,55.5600,-2.0699,0.4158,-2.4857,0.0073,-387.00,5.7500,30,eod
ADBE,Long,2022-06-17T14:00:00+00:00,2022-06-17T19:45:00+00:00,355.3500,363.5600,1.9304,0.4158,1.5146,0.0090,59.00,5.7500,30,eod
COP,Long,2022-06-17T14:40:00+00:00,2022-06-17T19:45:00+00:00,95.8000,94.5400,-4.1280,-1.0025,-3.1255,0.0108,222.00,5.0833,70,eod
XOM,Long,2022-06-21T14:05:00+00:00,2022-06-21T14:15:00+00:00,91.0000,90.5300,2.7851,1.7768,1.0083,0.0076,233.00,0.1667,35,reversal
NFLX,Short,2022-06-21T14:00:00+00:00,2022-06-21T19:45:00+00:00,17.6700,17.0600,-0.4665,2.4474,-2.9139,0.0097,-1201.00,5.7500,30,eod
LOW,Long,2022-06-21T14:00:00+00:00,2022-06-21T19:45:00+00:00,174.0600,172.6500,-1.6309,2.4474,-4.0782,0.0058,121.00,5.7500,30,eod
UNH,Short,2022-06-21T17:15:00+00:00,2022-06-21T19:45:00+00:00,476.5400,481.6000,3.9282,0.9140,3.0142,0.0086,-44.00,2.5000,225,eod
UNH,Long,2022-06-22T14:00:00+00:00,2022-06-22T15:00:00+00:00,488.1900,487.3000,3.3526,1.5585,1.7941,0.0049,43.00,1.0000,30,reversal
QCOM,Short,2022-06-22T14:00:00+00:00,2022-06-22T19:45:00+00:00,120.9900,122.3100,-1.0137,1.5585,-2.5721,0.0071,-175.00,5.7500,30,eod
FCX,Long,2022-06-22T14:00:00+00:00,2022-06-22T19:45:00+00:00,31.6200,31.4400,-1.4758,1.5585,-3.0343,0.0105,672.00,5.7500,30,eod
DE,Long,2022-06-23T14:00:00+00:00,2022-06-23T19:45:00+00:00,305.6600,298.2400,-3.2319,0.5683,-3.8002,0.0060,69.00,5.7500,30,eod
FCX,Short,2022-06-23T14:00:00+00:00,2022-06-23T19:45:00+00:00,29.9400,29.5900,-1.9844,0.5683,-2.5527,0.0112,-705.00,5.7500,30,eod
UNH,Long,2022-06-23T14:00:00+00:00,2022-06-23T19:45:00+00:00,499.1200,498.7600,2.5302,0.5683,1.9619,0.0051,42.00,5.7500,30,eod
XOM,Short,2022-06-24T14:00:00+00:00,2022-06-24T15:20:00+00:00,86.7200,88.1800,-0.5529,2.3067,-2.8595,0.0073,-242.00,1.3333,30,reversal
DE,Short,2022-06-24T15:15:00+00:00,2022-06-24T19:45:00+00:00,312.3300,309.9200,4.0024,0.6645,3.3379,0.0081,-66.00,4.5000,105,eod
UNH,Long,2022-06-24T14:00:00+00:00,2022-06-24T19:45:00+00:00,494.6400,494.3600,-0.8331,2.3067,-3.1398,0.0043,42.00,5.7500,30,eod
PYPL,Long,2022-06-24T14:00:00+00:00,2022-06-24T19:45:00+00:00,78.2300,77.6300,3.7656,2.3067,1.4589,0.0106,268.00,5.7500,30,eod
SCHW,Short,2022-06-27T14:00:00+00:00,2022-06-27T17:50:00+00:00,63.9500,63.8500,-1.2499,0.0359,-1.2858,0.0051,-326.00,3.8333,30,reversal
CAT,Long,2022-06-27T14:00:00+00:00,2022-06-27T19:45:00+00:00,189.6700,188.0800,2.3171,0.0359,2.2812,0.0069,110.00,5.7500,30,eod
LLY,Short,2022-06-27T14:15:00+00:00,2022-06-27T19:45:00+00:00,330.3000,327.4300,2.4152,-0.8717,3.2869,0.0064,-63.00,5.5000,45,eod
LLY,Short,2022-06-28T14:00:00+00:00,2022-06-28T14:50:00+00:00,321.1700,323.8700,-3.7648,-1.3283,-2.4364,0.0059,-64.00,0.8333,30,reversal
XOM,Long,2022-06-28T14:00:00+00:00,2022-06-28T19:45:00+00:00,92.3300,91.4400,1.3217,-1.3283,2.6501,0.0083,225.00,5.7500,30,eod
SLB,Short,2022-06-28T14:00:00+00:00,2022-06-28T19:45:00+00:00,37.5700,36.9100,1.9096,-1.3283,3.2379,0.0104,-555.00,5.7500,30,eod
NKE,Long,2022-06-28T14:00:00+00:00,2022-06-28T19:45:00+00:00,107.4000,102.8700,-4.6880,-1.3283,-3.3597,0.0073,194.00,5.7500,30,eod
AAPL,Long,2022-06-29T14:00:00+00:00,2022-06-29T19:45:00+00:00,139.8900,139.1600,3.4671,2.2344,1.2327,0.0065,146.00,5.7500,30,eod
CAT,Long,2022-06-29T14:05:00+00:00,2022-06-29T19:45:00+00:00,183.8300,183.5100,-1.2916,1.7420,-3.0336,0.0085,111.00,5.6667,35,eod
FCX,Short,2022-06-29T14:00:00+00:00,2022-06-29T19:45:00+00:00,30.7200,30.2900,-0.7161,2.2344,-2.9505,0.0117,-668.00,5.7500,30,eod
XOM,Long,2022-06-30T14:00:00+00:00,2022-06-30T14:35:00+00:00,87.1200,85.5600,0.4731,-2.4165,2.8897,0.0071,236.00,0.5833,30,reversal
SLB,Short,2022-06-30T14:00:00+00:00,2022-06-30T15:25:00+00:00,36.6800,36.1700,1.5810,-2.4165,3.9976,0.0111,-560.00,1.4167,30,reversal
GOOGL,Short,2022-06-30T14:10:00+00:00,2022-06-30T19:45:00+00:00,107.2300,108.9000,-3.0556,-1.5472,-1.5084,0.0077,-191.00,5.5833,40,eod
COP,Short,2022-07-01T14:00:00+00:00,2022-07-01T19:45:00+00:00,90.0000,91.1700,-1.8408,1.0472,-2.8880,0.0105,-226.00,5.7500,30,eod
SLB,Long,2022-07-01T14:00:00+00:00,2022-07-01T19:45:00+00:00,34.7200,35.7700,-2.5729,1.0472,-3.6201,0.0132,587.00,5.7500,30,eod
SBUX,Long,2022-07-01T14:00:00+00:00,2022-07-01T19:45:00+00:00,78.5300,79.4400,3.1056,1.0472,2.0584,0.0067,259.00,5.7500,30,eod
MU,Long,2022-07-05T14:00:00+00:00,2022-07-05T19:45:00+00:00,54.6000,56.8400,3.0548,0.1076,2.9471,0.0082,376.00,5.7500,30,eod
SCHW,Short,2022-07-05T14:00:00+00:00,2022-07-05T19:45:00+00:00,61.4900,63.3700,-1.8287,0.1076,-1.9363,0.0065,-334.00,5.7500,30,eod
UNH,Long,2022-07-05T14:30:00+00:00,2022-07-05T19:45:00+00:00,497.4400,505.9800,-1.9395,1.1261,-3.0657,0.0098,41.00,5.2500,60,eod
LOW,Short,2022-07-06T14:00:00+00:00,2022-07-06T19:45:00+00:00,178.5000,179.6300,-3.5373,-0.6749,-2.8624,0.0064,-116.00,5.7500,30,eod
LOW,Long,2022-07-06T14:05:00+00:00,2022-07-06T19:45:00+00:00,179.5000,179.6300,-2.6448,0.3564,-3.0011,0.0065,115.00,5.6667,35,eod
UNH,Long,2022-07-06T14:00:00+00:00,2022-07-06T19:45:00+00:00,511.9400,515.6100,2.0724,-0.6749,2.7472,0.0055,40.00,5.7500,30,eod
TSLA,Long,2022-07-07T14:00:00+00:00,2022-07-07T19:45:00+00:00,239.6200,244.2400,1.2861,0.2444,1.0418,0.0141,86.00,5.7500,30,eod
META,Short,2022-07-07T14:00:00+00:00,2022-07-07T19:45:00+00:00,168.1800,172.0800,-1.7005,0.2444,-1.9449,0.0092,-123.00,5.7500,30,eod
BAC,Short,2022-07-08T14:00:00+00:00,2022-07-08T19:45:00+00:00,31.6700,31.8800,-2.3991,0.0063,-2.4054,0.0055,-653.00,5.7500,30,eod
UNH,Long,2022-07-08T14:00:00+00:00,2022-07-08T19:45:00+00:00,522.8500,520.0200,2.8962,0.0063,2.8899,0.0066,39.00,5.7500,30,eod
UNH,Short,2022-07-08T14:05:00+00:00,2022-07-08T19:45:00+00:00,525.3200,520.0200,2.9152,-0.1457,3.0610,0.0082,-39.00,5.6667,35,eod
AVGO,Short,2022-07-11T14:05:00+00:00,2022-07-11T16:30:00+00:00,48.3000,48.5200,-2.6542,-1.5209,-1.1333,0.0046,-428.00,2.4167,35,reversal
GS,Long,2022-07-11T14:00:00+00:00,2022-07-11T19:45:00+00:00,295.4700,293.0400,0.7855,-2.0023,2.7878,0.0064,70.00,5.7500,30,eod
MSFT,Short,2022-07-12T14:00:00+00:00,2022-07-12T19:45:00+00:00,258.2400,252.6300,-2.8838,-1.6788,-1.2050,0.0086,-79.00,5.7500,30,eod
MSFT,Long,2022-07-12T16:00:00+00:00,2022-07-12T19:45:00+00:00,257.0800,252.6300,-3.6427,-0.6289,-3.0138,0.0080,79.00,3.7500,150,eod
CAT,Long,2022-07-12T14:00:00+00:00,2022-07-12T19:45:00+00:00,174.3100,174.3200,1.0642,-1.6788,2.7430,0.0086,118.00,5.7500,30,eod
GE,Short,2022-07-12T14:00:00+00:00,2022-07-12T19:45:00+00:00,39.0800,39.3100,3.2979,-1.6788,4.9767,0.0057,-527.00,5.7500,30,eod
QCOM,Long,2022-07-13T14:00:00+00:00,2022-07-13T15:25:00+00:00,134.7800,134.9200,3.0200,1.2519,1.7680,0.0062,151.00,1.4167,30,reversal
BAC,Short,2022-07-13T14:00:00+00:00,2022-07-13T19:45:00+00:00,30.6500,30.8900,-1.6982,1.2519,-2.9501,0.0055,-667.00,5.7500,30,eod
T,Long,2022-07-13T14:10:00+00:00,2022-07-13T19:45:00+00:00,20.2900,20.4500,-2.2332,1.1452,-3.3784,0.0052,1008.00,5.5833,40,eod
LIN,Short,2022-07-14T14:00:00+00:00,2022-07-14T19:45:00+00:00,265.7500,268.1600,-2.6564,-0.9408,-1.7155,0.0030,-76.00,5.7500,30,eod
LLY,Long,2022-07-14T14:00:00+00:00,2022-07-14T19:45:00+00:00,321.4000,327.2800,1.9236,-0.9408,2.8645,0.0072,63.00,5.7500,30,eod
LLY,Short,2022-07-14T14:15:00+00:00,2022-07-14T19:45:00+00:00,323.3700,327.2800,2.1015,-1.0906,3.1921,0.0095,-63.00,5.5000,45,eod
MU,Short,2022-07-15T14:00:00+00:00,2022-07-15T16:35:00+00:00,59.8300,60.6900,-2.0619,-0.1373,-1.9246,0.0077,-339.00,2.5833,30,reversal
BAC,Long,2022-07-15T14:00:00+00:00,2022-07-15T19:45:00+00:00,31.1500,32.1800,2.2219,-0.1373,2.3593,0.0063,652.00,5.7500,30,eod
BAC,Short,2022-07-15T14:05:00+00:00,2022-07-15T19:45:00+00:00,31.3100,32.1800,2.9332,-0.3545,3.2877,0.0065,-650.00,5.6667,35,eod
SCHW,Long,2022-07-18T14:00:00+00:00,2022-07-18T17:30:00+00:00,62.7400,61.9800,1.5029,0.3300,1.1729,0.0064,319.00,3.5000,30,reversal
JPM,Short,2022-07-18T14:00:00+00:00,2022-07-18T19:45:00+00:00,113.8400,111.3800,-2.6266,0.3300,-2.9565,0.0052,-176.00,5.7500,30,eod
JPM,Long,2022-07-18T14:05:00+00:00,2022-07-18T19:45:00+00:00,113.1900,111.3800,-3.2145,0.0750,-3.2894,0.0060,177.00,5.6667,35,eod
COIN,Short,2022-07-19T14:00:00+00:00,2022-07-19T15:30:00+00:00,59.2700,64.4200,-1.3882,0.1143,-1.5024,0.0197,-335.00,1.5000,30,reversal
LIN,Short,2022-07-19T14:20:00+00:00,2022-07-19T16:50:00+00:00,285.6700,285.0700,3.8900,0.0809,3.8091,0.0042,-69.00,2.5000,50,reversal
GOOGL,Long,2022-07-19T14:00:00+00:00,2022-07-19T18:10:00+00:00,111.5300,112.5900,1.5871,0.1143,1.4729,0.0091,178.00,4.1667,30,reversal
QCOM,Long,2022-07-20T14:00:00+00:00,2022-07-20T15:00:00+00:00,149.7400,150.8200,1.8164,0.0509,1.7656,0.0065,129.00,1.0000,30,reversal
FCX,Long,2022-07-20T14:10:00+00:00,2022-07-20T19:45:00+00:00,28.2800,28.6000,-2.6223,0.7633,-3.3857,0.0106,687.00,5.5833,40,eod
UNH,Short,2022-07-20T14:00:00+00:00,2022-07-20T19:45:00+00:00,520.7500,521.4400,-1.9334,0.0509,-1.9843,0.0062,-37.00,5.7500,30,eod
DIS,Short,2022-07-20T14:25:00+00:00,2022-07-20T19:45:00+00:00,103.3100,103.4400,4.5616,1.3871,3.1745,0.0057,-189.00,5.3333,55,eod
LIN,Long,2022-07-21T14:00:00+00:00,2022-07-21T16:40:00+00:00,284.6300,286.1600,2.4262,0.2406,2.1855,0.0030,68.00,2.6667,30,reversal
TXN,Short,2022-07-21T14:00:00+00:00,2022-07-21T19:45:00+00:00,164.6600,166.3100,-1.7896,0.2406,-2.0302,0.0035,-118.00,5.7500,30,eod
MPC,Long,2022-07-21T14:00:00+00:00,2022-07-21T19:45:00+00:00,84.5400,86.0600,-2.7962,0.2406,-3.0368,0.0088,230.00,5.7500,30,eod
T,Short,2022-07-21T15:20:00+00:00,2022-07-21T19:45:00+00:00,18.8500,18.8900,3.4551,0.4165,3.0386,0.0077,-1032.00,4.4167,110,eod
NVDA,Short,2022-07-22T14:00:00+00:00,2022-07-22T16:30:00+00:00,17.4700,17.3400,-2.3364,-0.4066,-1.9299,0.0082,-1116.00,2.5000,30,reversal
HD,Long,2022-07-22T14:00:00+00:00,2022-07-22T19:45:00+00:00,309.3100,305.6800,2.3299,-0.4066,2.7364,0.0048,63.00,5.7500,30,eod
HD,Short,2022-07-22T14:05:00+00:00,2022-07-22T19:45:00+00:00,309.0000,305.6800,2.5241,-0.6306,3.1547,0.0040,-63.00,5.6667,35,eod
MU,Short,2022-07-25T14:45:00+00:00,2022-07-25T19:45:00+00:00,60.0700,59.8700,-1.8178,-0.7370,-1.0808,0.0122,-326.00,5.0000,75,eod
CAT,Long,2022-07-25T14:00:00+00:00,2022-07-25T19:45:00+00:00,180.9800,181.7200,2.1362,-0.7596,2.8957,0.0083,108.00,5.7500,30,eod
GE,Short,2022-07-25T14:00:00+00:00,2022-07-25T19:45:00+00:00,42.5500,42.4700,2.7591,-0.7596,3.5187,0.0069,-460.00,5.7500,30,eod
GOOGL,Long,2022-07-26T14:00:00+00:00,2022-07-26T19:45:00+00:00,106.8800,104.7100,2.2404,0.4316,1.8088,0.0067,183.00,5.7500,30,eod
SLB,Long,2022-07-26T18:30:00+00:00,2022-07-26T19:45:00+00:00,35.1600,35.5200,-4.0701,-0.9975,-3.0727,0.0111,566.00,1.2500,300,eod
GE,Short,2022-07-26T14:00:00+00:00,2022-07-26T19:45:00+00:00,45.0400,44.4500,3.5984,0.4316,3.1668,0.0084,-435.00,5.7500,30,eod
COIN,Short,2022-07-26T14:00:00+00:00,2022-07-26T19:45:00+00:00,58.8800,53.4600,-2.2178,0.4316,-2.6494,0.0197,-333.00,5.7500,30,eod
TXN,Long,2022-07-27T14:00:00+00:00,2022-07-27T14:20:00+00:00,170.3100,169.1100,4.0742,2.3242,1.7500,0.0044,118.00,0.3333,30,reversal
GE,Long,2022-07-27T14:00:00+00:00,2022-07-27T19:45:00+00:00,43.7400,44.5500,-2.2965,2.3242,-4.6207,0.0090,461.00,5.7500,30,eod
T,Short,2022-07-27T14:00:00+00:00,2022-07-27T19:45:00+00:00,18.3700,18.4100,-0.6175,2.3242,-2.9417,0.0053,-1099.00,5.7500,30,eod
T,Long,2022-07-28T14:00:00+00:00,2022-07-28T15:30:00+00:00,18.5300,18.4500,1.1215,-1.7971,2.9187,0.0053,1091.00,1.5000,30,reversal
QCOM,Short,2022-07-28T14:00:00+00:00,2022-07-28T19:45:00+00:00,144.4000,146.7700,-3.1834,-1.7971,-1.3863,0.0083,-140.00,5.7500,30,eod
SLB,Long,2022-07-28T17:20:00+00:00,2022-07-28T19:45:00+00:00,35.4700,35.8400,-2.6531,0.6195,-3.2726,0.0108,564.00,2.4167,230,eod
LIN,Short,2022-07-28T14:00:00+00:00,2022-07-28T19:45:00+00:00,292.0900,296.7800,1.2921,-1.7971,3.0892,0.0027,-69.00,5.7500,30,eod
PFE,Long,2022-07-29T14:00:00+00:00,2022-07-29T15:30:00+00:00,49.5700,50.3600,-1.9927,1.9696,-3.9623,0.0060,403.00,1.5000,30,reversal
CVX,Short,2022-07-29T14:40:00+00:00,2022-07-29T19:45:00+00:00,163.2700,164.0200,4.9636,1.8286,3.1350,0.0069,-123.00,5.0833,70,eod
SCHW,Long,2022-07-29T14:00:00+00:00,2022-07-29T19:45:00+00:00,69.6900,69.3700,4.0017,1.9696,2.0321,0.0063,287.00,5.7500,30,eod
UNH,Short,2022-07-29T14:00:00+00:00,2022-07-29T19:45:00+00:00,538.4600,543.3100,-0.7867,1.9696,-2.7563,0.0046,-37.00,5.7500,30,eod
PFE,Short,2022-08-01T14:00:00+00:00,2022-08-01T17:05:00+00:00,50.6100,51.1800,-0.1679,1.9224,-2.0903,0.0059,-394.00,3.0833,30,reversal
COP,Long,2022-08-01T14:05:00+00:00,2022-08-01T18:55:00+00:00,94.3900,95.4200,-0.5236,2.4948,-3.0184,0.0075,211.00,4.8333,35,reversal
META,Long,2022-08-01T14:15:00+00:00,2022-08-01T19:45:00+00:00,159.7000,159.9600,2.9402,1.9380,1.0022,0.0077,125.00,5.5000,45,eod
SCHW,Long,2022-08-02T14:00:00+00:00,2022-08-02T19:45:00+00:00,66.7000,67.5900,1.2008,-0.5771,1.7779,0.0074,299.00,5.7500,30,eod
LOW,Short,2022-08-02T14:00:00+00:00,2022-08-02T19:45:00+00:00,190.2000,188.7500,-2.5091,-0.5771,-1.9320,0.0039,-104.00,5.7500,30,eod
LOW,Long,2022-08-02T14:15:00+00:00,2022-08-02T19:45:00+00:00,188.7600,188.7500,-3.9007,-0.2329,-3.6679,0.0045,106.00,5.5000,45,eod
COP,Short,2022-08-03T14:00:00+00:00,2022-08-03T19:45:00+00:00,93.8300,91.8900,-0.8919,1.9281,-2.8200,0.0069,-213.00,5.7500,30,eod
HD,Long,2022-08-03T14:00:00+00:00,2022-08-03T19:45:00+00:00,302.7000,307.2600,-1.7412,1.9281,-3.6693,0.0040,66.00,5.7500,30,eod
SBUX,Short,2022-08-03T18:25:00+00:00,2022-08-03T19:45:00+00:00,87.8800,87.6100,4.6542,1.5738,3.0804,0.0100,-235.00,1.3333,295,eod
COIN,Long,2022-08-03T14:10:00+00:00,2022-08-03T19:45:00+00:00,75.1600,80.9200,2.6990,1.6915,1.0075,0.0323,266.00,5.5833,40,eod
FCX,Short,2022-08-04T14:30:00+00:00,2022-08-04T19:30:00+00:00,29.3000,28.8000,2.2495,-1.0709,3.3204,0.0102,-727.00,5.0000,60,reversal
DE,Long,2022-08-04T14:00:00+00:00,2022-08-04T19:45:00+00:00,341.4100,342.7700,2.3835,0.7326,1.6509,0.0055,60.00,5.7500,30,eod
COIN,Short,2022-08-04T14:00:00+00:00,2022-08-04T19:45:00+00:00,101.2600,86.9100,-2.1308,0.7326,-2.8634,0.0313,-205.00,5.7500,30,eod
COIN,Long,2022-08-04T17:35:00+00:00,2022-08-04T19:45:00+00:00,91.5700,86.9100,-2.7795,0.2217,-3.0012,0.0561,234.00,2.1667,245,eod
NKE,Short,2022-08-05T14:00:00+00:00,2022-08-05T15:30:00+00:00,113.4700,113.1500,-0.6975,0.8939,-1.5914,0.0042,-186.00,1.5000,30,reversal
COP,Short,2022-08-05T14:00:00+00:00,2022-08-05T19:45:00+00:00,93.0400,92.9700,4.7494,0.8939,3.8555,0.0072,-227.00,5.7500,30,eod
JPM,Long,2022-08-05T14:00:00+00:00,2022-08-05T19:45:00+00:00,115.4400,115.7100,3.7143,0.8939,2.8204,0.0067,183.00,5.7500,30,eod
FCX,Short,2022-08-08T14:00:00+00:00,2022-08-08T18:05:00+00:00,31.0300,30.6900,-1.3835,1.5224,-2.9059,0.0106,-682.00,4.0833,30,reversal
NFLX,Long,2022-08-08T14:00:00+00:00,2022-08-08T19:45:00+00:00,23.7500,23.4000,3.2988,1.5224,1.7763,0.0104,892.00,5.7500,30,eod
LLY,Short,2022-08-08T15:15:00+00:00,2022-08-08T19:45:00+00:00,305.0100,302.7900,3.1133,-0.1145,3.2278,0.0084,-69.00,4.5000,105,eod
T,Long,2022-08-08T14:00:00+00:00,2022-08-08T19:45:00+00:00,18.1800,18.0500,-1.6412,1.5224,-3.1636,0.0056,1165.00,5.7500,30,eod
MU,Short,2022-08-09T14:00:00+00:00,2022-08-09T19:45:00+00:00,58.6800,59.1200,-3.1700,-0.6900,-2.4800,0.0084,-360.00,5.7500,30,eod
MPC,Long,2022-08-09T14:00:00+00:00,2022-08-09T19:45:00+00:00,93.2600,93.2500,0.7794,-0.6900,1.4694,0.0084,226.00,5.7500,30,eod
LOW,Long,2022-08-09T14:00:00+00:00,2022-08-09T19:45:00+00:00,195.6800,194.4600,-4.0786,-0.6900,-3.3886,0.0052,107.00,5.7500,30,eod
SLB,Short,2022-08-10T14:00:00+00:00,2022-08-10T16:20:00+00:00,34.1500,34.9100,-1.8195,0.2966,-2.1161,0.0081,-615.00,2.3333,30,reversal
GS,Long,2022-08-10T14:00:00+00:00,2022-08-10T19:45:00+00:00,347.6000,347.7700,2.6902,0.2966,2.3936,0.0052,60.00,5.7500,30,eod
GS,Short,2022-08-10T14:10:00+00:00,2022-08-10T19:45:00+00:00,349.3500,347.7700,3.4662,-0.2857,3.7518,0.0055,-60.00,5.5833,40,eod
NKE,Long,2022-08-11T14:00:00+00:00,2022-08-11T15:05:00+00:00,116.3600,114.7100,2.5665,1.0061,1.5604,0.0053,179.00,1.0833,30,reversal
MPC,Short,2022-08-11T14:00:00+00:00,2022-08-11T15:10:00+00:00,96.0900,96.0600,-0.8567,1.0061,-1.8628,0.0068,-217.00,1.1667,30,reversal
PFE,Long,2022-08-11T14:00:00+00:00,2022-08-11T15:20:00+00:00,48.3900,48.7600,-2.4479,1.0061,-3.4540,0.0049,432.00,1.3333,30,reversal
AMD,Long,2022-08-12T14:00:00+00:00,2022-08-12T15:25:00+00:00,100.4700,100.3300,1.5909,0.1877,1.4033,0.0119,207.00,1.4167,30,reversal
BAC,Short,2022-08-12T14:00:00+00:00,2022-08-12T19:45:00+00:00,35.7500,36.2900,-1.4891,0.1877,-1.6768,0.0063,-583.00,5.7500,30,eod
TXN,Short,2022-08-15T14:00:00+00:00,2022-08-15T19:45:00+00:00,184.2400,185.5100,-1.2085,-0.0128,-1.1958,0.0047,-112.00,5.7500,30,eod
UNH,Long,2022-08-15T14:00:00+00:00,2022-08-15T19:45:00+00:00,544.4900,545.3900,2.6908,-0.0128,2.7036,0.0039,38.00,5.7500,30,eod
UNH,Short,2022-08-15T14:15:00+00:00,2022-08-15T19:45:00+00:00,544.1300,545.3900,2.6645,-0.4445,3.1090,0.0037,-38.00,5.5000,45,eod
AVGO,Short,2022-08-16T14:00:00+00:00,2022-08-16T19:45:00+00:00,54.7400,55.2900,-2.3487,-0.8460,-1.5027,0.0064,-376.00,5.7500,30,eod
DE,Long,2022-08-16T14:00:00+00:00,2022-08-16T19:45:00+00:00,366.7400,371.1500,0.8364,-0.8460,1.6824,0.0047,56.00,5.7500,30,eod
HD,Short,2022-08-16T14:00:00+00:00,2022-08-16T19:45:00+00:00,322.3000,327.6700,3.7543,-0.8460,4.6003,0.0047,-64.00,5.7500,30,eod
SLB,Short,2022-08-17T14:00:00+00:00,2022-08-17T14:15:00+00:00,34.9100,35.1400,-1.0828,0.2831,-1.3660,0.0071,-587.00,0.2500,30,reversal
TXN,Long,2022-08-17T14:10:00+00:00,2022-08-17T19:45:00+00:00,176.7000,177.4100,-3.5106,-0.4928,-3.0178,0.0060,115.00,5.5833,40,eod
LLY,Long,2022-08-17T14:00:00+00:00,2022-08-17T19:45:00+00:00,315.8100,317.3200,2.1465,0.2831,1.8633,0.0058,64.00,5.7500,30,eod
LLY,Short,2022-08-17T14:10:00+00:00,2022-08-17T19:45:00+00:00,316.9300,317.3200,2.9897,-0.4928,3.4825,0.0053,-64.00,5.5833,40,eod
AVGO,Long,2022-08-18T14:00:00+00:00,2022-08-18T19:45:00+00:00,55.1400,55.9600,2.6550,0.1632,2.4918,0.0065,371.00,5.7500,30,eod
UNH,Short,2022-08-18T14:00:00+00:00,2022-08-18T19:45:00+00:00,544.1600,545.5800,-1.8199,0.1632,-1.9831,0.0036,-37.00,5.7500,30,eod
UNH,Long,2022-08-18T14:30:00+00:00,2022-08-18T19:45:00+00:00,542.4100,545.5800,-2.7399,0.5922,-3.3321,0.0035,37.00,5.2500,60,eod
DE,Short,2022-08-19T14:00:00+00:00,2022-08-19T19:45:00+00:00,361.5500,368.7700,3.6821,-1.6660,5.3482,0.0042,-57.00,5.7500,30,eod
NKE,Short,2022-08-19T16:55:00+00:00,2022-08-19T19:45:00+00:00,113.8200,113.2000,-2.2734,-1.2375,-1.0359,0.0062,-180.00,2.8333,205,eod
UNH,Long,2022-08-19T14:00:00+00:00,2022-08-19T19:45:00+00:00,547.8100,548.3800,0.9993,-1.6660,2.6653,0.0036,37.00,5.7500,30,eod
CVX,Short,2022-08-22T14:00:00+00:00,2022-08-22T14:15:00+00:00,154.8200,155.4200,-1.2797,-0.2601,-1.0197,0.0042,-132.00,0.2500,30,reversal
DE,Short,2022-08-22T15:10:00+00:00,2022-08-22T19:45:00+00:00,371.1400,370.1100,1.7440,-1.2825,3.0265,0.0079,-55.00,4.5833,100,eod
LOW,Long,2022-08-22T14:00:00+00:00,2022-08-22T19:45:00+00:00,211.9300,210.0400,1.7511,-0.2601,2.0111,0.0063,96.00,5.7500,30,eod
DE,Short,2022-08-23T14:00:00+00:00,2022-08-23T19:45:00+00:00,380.2300,376.1900,3.7617,0.0424,3.7193,0.0056,-53.00,5.7500,30,eod
FCX,Long,2022-08-23T14:00:00+00:00,2022-08-23T19:45:00+00:00,31.4200,31.8400,2.6160,0.0424,2.5736,0.0093,649.00,5.7500,30,eod
HD,Short,2022-08-23T14:00:00+00:00,2022-08-23T19:45:00+00:00,307.5900,307.3700,-1.8150,0.0424,-1.8573,0.0054,-66.00,5.7500,30,eod
PYPL,Long,2022-08-24T14:00:00+00:00,2022-08-24T15:55:00+00:00,94.6400,95.2100,2.2909,0.8545,1.4364,0.0064,217.00,1.9167,30,reversal
MPC,Long,2022-08-24T15:20:00+00:00,2022-08-24T19:45:00+00:00,103.9000,104.8200,-0.8544,2.2113,-3.0657,0.0068,198.00,4.4167,110,eod
T,Short,2022-08-24T14:00:00+00:00,2022-08-24T19:45:00+00:00,17.8800,18.0300,-1.4485,0.8545,-2.3030,0.0038,-1149.00,5.7500,30,eod
MSFT,Long,2022-08-25T14:05:00+00:00,2022-08-25T14:45:00+00:00,277.0000,277.4500,2.8540,1.7350,1.1190,0.0026,74.00,0.6667,35,reversal
TSLA,Short,2022-08-25T14:00:00+00:00,2022-08-25T19:45:00+00:00,296.8900,294.6200,-0.7272,2.1760,-2.9032,0.0071,-69.00,5.7500,30,eod
XOM,Long,2022-08-25T14:35:00+00:00,2022-08-25T19:45:00+00:00,98.5000,98.9100,-1.0652,2.3393,-3.4045,0.0058,209.00,5.1667,65,eod
JPM,Short,2022-08-26T14:05:00+00:00,2022-08-26T14:40:00+00:00,119.2600,117.4200,-1.3210,0.4745,-1.7955,0.0036,-173.00,0.5833,35,reversal
CVX,Long,2022-08-26T14:00:00+00:00,2022-08-26T19:45:00+00:00,164.0000,163.5900,-0.4235,-3.4220,2.9985,0.0029,125.00,5.7500,30,eod
COP,Short,2022-08-26T14:25:00+00:00,2022-08-26T19:45:00+00:00,112.8800,112.2400,0.4808,-2.7982,3.2790,0.0057,-183.00,5.3333,55,eod
CRM,Short,2022-08-29T14:05:00+00:00,2022-08-29T15:00:00+00:00,163.0900,163.0300,-2.3046,-0.7765,-1.5280,0.0052,-127.00,0.9167,35,reversal
XOM,Short,2022-08-29T14:00:00+00:00,2022-08-29T19:45:00+00:00,100.9400,100.5900,4.1489,-0.8984,5.0473,0.0048,-205.00,5.7500,30,eod
DE,Long,2022-08-29T14:00:00+00:00,2022-08-29T19:45:00+00:00,380.1900,382.4900,1.4632,-0.8984,2.3617,0.0054,54.00,5.7500,30,eod
LIN,Short,2022-08-30T14:00:00+00:00,2022-08-30T15:15:00+00:00,286.1900,285.5300,-3.2880,-2.2405,-1.0476,0.0037,-72.00,1.2500,30,reversal
UNH,Long,2022-08-30T14:00:00+00:00,2022-08-30T19:45:00+00:00,529.4100,522.2100,0.0505,-2.2405,2.2910,0.0037,39.00,5.7500,30,eod
LLY,Short,2022-08-30T14:00:00+00:00,2022-08-30T19:45:00+00:00,311.7200,306.8400,1.4857,-2.2405,3.7262,0.0053,-66.00,5.7500,30,eod
COP,Short,2022-08-31T14:25:00+00:00,2022-08-31T19:45:00+00:00,109.5800,110.2600,3.1104,-0.4162,3.5266,0.0067,-190.00,5.3333,55,eod
BAC,Long,2022-08-31T14:00:00+00:00,2022-08-31T19:45:00+00:00,34.2300,33.8600,2.1486,0.5610,1.5875,0.0054,607.00,5.7500,30,eod
PFE,Short,2022-08-31T14:00:00+00:00,2022-08-31T19:45:00+00:00,45.8400,45.3600,-1.8321,0.5610,-2.3932,0.0051,-453.00,5.7500,30,eod
PFE,Long,2022-08-31T14:10:00+00:00,2022-08-31T19:45:00+00:00,45.6200,45.3600,-3.1031,0.5110,-3.6141,0.0045,456.00,5.5833,40,eod
CVX,Short,2022-09-01T14:00:00+00:00,2022-09-01T14:20:00+00:00,153.7100,155.4600,-3.0491,-0.4869,-2.5622,0.0047,-134.00,0.3333,30,reversal
MPC,Long,2022-09-01T14:00:00+00:00,2022-09-01T19:45:00+00:00,96.0800,96.4300,-4.6991,-0.4869,-4.2122,0.0065,214.00,5.7500,30,eod
PFE,Long,2022-09-01T14:00:00+00:00,2022-09-01T19:45:00+00:00,45.7100,46.4400,1.6130,-0.4869,2.0999,0.0048,451.00,5.7500,30,eod
PFE,Short,2022-09-01T15:00:00+00:00,2022-09-01T19:45:00+00:00,45.8500,46.4400,2.2419,-1.0923,3.3341,0.0048,-449.00,4.7500,90,eod
SBUX,Short,2022-09-02T14:00:00+00:00,2022-09-02T15:00:00+00:00,83.5800,85.1200,-2.4788,-0.8721,-1.6067,0.0039,-245.00,1.0000,30,reversal
AVGO,Long,2022-09-02T14:00:00+00:00,2022-09-02T19:45:00+00:00,50.9300,49.9800,1.3555,-0.8721,2.2276,0.0066,402.00,5.7500,30,eod
COIN,Long,2022-09-06T14:00:00+00:00,2022-09-06T18:15:00+00:00,64.1600,64.0600,-0.5364,-2.6768,2.1405,0.0201,315.00,4.2500,30,reversal
GS,Short,2022-09-06T14:00:00+00:00,2022-09-06T19:45:00+00:00,325.0800,326.4800,-4.3948,-2.6768,-1.7180,0.0052,-62.00,5.7500,30,eod
LLY,Short,2022-09-06T14:00:00+00:00,2022-09-06T19:45:00+00:00,307.7100,306.9400,2.4448,-2.6768,5.1217,0.0057,-65.00,5.7500,30,eod
T,Short,2022-09-07T14:00:00+00:00,2022-09-07T18:05:00+00:00,16.9600,16.9000,3.3766,0.1253,3.2513,0.0044,-1190.00,4.0833,30,reversal
UNH,Long,2022-09-07T14:00:00+00:00,2022-09-07T19:10:00+00:00,518.9700,522.4200,1.9659,0.1253,1.8406,0.0033,38.00,5.1667,30,reversal
MU,Short,2022-09-07T14:00:00+00:00,2022-09-07T19:45:00+00:00,54.2700,55.4500,-2.1549,0.1253,-2.2802,0.0090,-371.00,5.7500,30,eod
JPM,Long,2022-09-08T14:00:00+00:00,2022-09-08T15:25:00+00:00,117.3200,118.1200,2.5802,1.2145,1.3656,0.0072,171.00,1.4167,30,reversal
LLY,Short,2022-09-08T14:00:00+00:00,2022-09-08T16:25:00+00:00,308.9900,311.7200,-1.1477,1.2145,-2.3622,0.0049,-65.00,2.4167,30,reversal
LLY,Long,2022-09-08T14:05:00+00:00,2022-09-08T16:25:00+00:00,308.8300,311.7200,-1.2298,1.8224,-3.0522,0.0050,65.00,2.3333,35,reversal
AAPL,Long,2022-09-09T14:00:00+00:00,2022-09-09T19:45:00+00:00,156.2600,157.5100,2.2214,1.0494,1.1720,0.0037,129.00,5.7500,30,eod
XOM,Short,2022-09-09T14:00:00+00:00,2022-09-09T19:45:00+00:00,95.6700,96.5600,-0.8720,1.0494,-1.9214,0.0075,-210.00,5.7500,30,eod
SBUX,Short,2022-09-12T14:00:00+00:00,2022-09-12T19:45:00+00:00,89.4300,89.0000,-1.7259,0.9589,-2.6848,0.0055,-225.00,5.7500,30,eod
UNH,Short,2022-09-12T15:00:00+00:00,2022-09-12T19:45:00+00:00,534.6200,531.0500,3.1301,0.0521,3.0781,0.0071,-37.00,4.7500,90,eod
T,Long,2022-09-12T14:00:00+00:00,2022-09-12T19:45:00+00:00,17.2800,17.3800,2.2463,0.9589,1.2874,0.0047,1166.00,5.7500,30,eod
UNH,Short,2022-09-13T14:00:00+00:00,2022-09-13T14:40:00+00:00,517.5000,519.4600,-2.8583,-1.7502,-1.1081,0.0043,-39.00,0.6667,30,reversal
LIN,Long,2022-09-13T14:00:00+00:00,2022-09-13T19:45:00+00:00,289.3100,285.6700,0.5050,-1.7502,2.2553,0.0047,69.00,5.7500,30,eod
PYPL,Short,2022-09-13T14:00:00+00:00,2022-09-13T19:45:00+00:00,96.0700,94.7000,1.3292,-1.7502,3.0794,0.0092,-210.00,5.7500,30,eod
HD,Short,2022-09-14T14:00:00+00:00,2022-09-14T14:35:00+00:00,274.4600,277.9700,-1.3679,1.0934,-2.4612,0.0060,-73.00,0.5833,30,reversal
TXN,Long,2022-09-14T14:00:00+00:00,2022-09-14T18:40:00+00:00,165.1500,164.1900,2.9233,1.0934,1.8299,0.0040,122.00,4.6667,30,reversal
LOW,Long,2022-09-14T14:00:00+00:00,2022-09-14T19:45:00+00:00,191.7500,191.4600,-1.9076,1.0934,-3.0010,0.0071,105.00,5.7500,30,eod
LLY,Short,2022-09-15T14:00:00+00:00,2022-09-15T14:35:00+00:00,306.7300,307.6500,-1.0737,0.8537,-1.9274,0.0053,-65.00,0.5833,30,reversal
ADBE,Long,2022-09-15T14:00:00+00:00,2022-09-15T19:45:00+00:00,319.5400,308.5600,-3.3233,0.8537,-4.1769,0.0075,62.00,5.7500,30,eod
FCX,Long,2022-09-15T14:00:00+00:00,2022-09-15T19:45:00+00:00,30.5300,29.7300,2.5795,0.8537,1.7258,0.0120,656.00,5.7500,30,eod
JPM,Short,2022-09-15T16:15:00+00:00,2022-09-15T19:45:00+00:00,118.1100,117.8700,1.6787,-1.3512,3.0300,0.0107,-166.00,3.5000,165,eod
PFE,Long,2022-09-16T14:00:00+00:00,2022-09-16T14:35:00+00:00,46.5000,46.1000,2.6216,-0.2826,2.9042,0.0050,422.00,0.5833,30,reversal
DE,Short,2022-09-16T14:00:00+00:00,2022-09-16T19:45:00+00:00,349.6400,354.4600,-2.3339,-0.2826,-2.0513,0.0067,-56.00,5.7500,30,eod
NFLX,Short,2022-09-19T14:00:00+00:00,2022-09-19T19:45:00+00:00,23.8900,24.2400,-2.6172,0.2201,-2.8373,0.0083,-815.00,5.7500,30,eod
CAT,Long,2022-09-19T14:00:00+00:00,2022-09-19T19:45:00+00:00,180.2900,182.0200,1.8147,0.2201,1.5946,0.0058,108.00,5.7500,30,eod
LLY,Long,2022-09-19T14:20:00+00:00,2022-09-19T19:45:00+00:00,298.3700,305.0400,-2.7484,0.3324,-3.0808,0.0060,65.00,5.4167,50,eod
MPC,Long,2022-09-20T14:00:00+00:00,2022-09-20T15:55:00+00:00,96.7900,96.5800,1.0519,-0.4201,1.4720,0.0079,202.00,1.9167,30,reversal
UNH,Short,2022-09-20T14:00:00+00:00,2022-09-20T16:45:00+00:00,516.2600,522.2700,-2.5679,-0.4201,-2.1478,0.0043,-37.00,2.7500,30,reversal
QCOM,Long,2022-09-21T14:00:00+00:00,2022-09-21T18:00:00+00:00,127.8500,124.8700,3.2119,0.8679,2.3440,0.0060,152.00,4.0000,30,reversal
FCX,Short,2022-09-21T14:00:00+00:00,2022-09-21T19:45:00+00:00,29.1300,28.1400,-1.1621,0.8679,-2.0299,0.0105,-668.00,5.7500,30,eod
GOOGL,Long,2022-09-22T14:00:00+00:00,2022-09-22T19:45:00+00:00,100.0400,101.1700,1.1082,-1.5141,2.6223,0.0048,195.00,5.7500,30,eod
SBUX,Short,2022-09-22T14:00:00+00:00,2022-09-22T19:45:00+00:00,85.3300,85.4600,-4.0455,-1.5141,-2.5314,0.0067,-228.00,5.7500,30,eod
SBUX,Long,2022-09-22T14:10:00+00:00,2022-09-22T19:45:00+00:00,85.5700,85.4600,-3.7338,-0.2591,-3.4747,0.0065,227.00,5.5833,40,eod
UNH,Short,2022-09-22T14:00:00+00:00,2022-09-22T19:45:00+00:00,512.0900,520.5700,2.2744,-1.5141,3.7885,0.0050,-38.00,5.7500,30,eod
PFE,Long,2022-09-23T14:00:00+00:00,2022-09-23T15:25:00+00:00,44.1900,43.8800,0.3265,-2.0663,2.3927,0.0049,439.00,1.4167,30,reversal
CRM,Short,2022-09-23T14:00:00+00:00,2022-09-23T19:45:00+00:00,145.4000,146.8300,-3.4626,-2.0663,-1.3963,0.0081,-133.00,5.7500,30,eod
LLY,Short,2022-09-23T14:00:00+00:00,2022-09-23T19:45:00+00:00,311.6800,311.9100,2.1397,-2.0663,4.2059,0.0078,-62.00,5.7500,30,eod
TSLA,Long,2022-09-26T14:00:00+00:00,2022-09-26T19:45:00+00:00,281.1000,277.8200,2.7928,1.2550,1.5378,0.0108,68.00,5.7500,30,eod
JPM,Short,2022-09-26T14:00:00+00:00,2022-09-26T19:45:00+00:00,107.9300,107.2000,-1.5991,1.2550,-2.8541,0.0093,-178.00,5.7500,30,eod
JPM,Long,2022-09-26T14:05:00+00:00,2022-09-26T19:45:00+00:00,107.5900,107.2000,-2.0515,1.1091,-3.1606,0.0088,179.00,5.6667,35,eod
UNH,Short,2022-09-26T16:05:00+00:00,2022-09-26T19:45:00+00:00,509.6200,510.9300,2.5037,-0.5237,3.0274,0.0076,-37.00,3.6667,155,eod
AMZN,Short,2022-09-27T14:25:00+00:00,2022-09-27T18:00:00+00:00,115.4700,114.0200,-3.0217,-1.8552,-1.1665,0.0068,-166.00,3.5833,55,reversal
XOM,Long,2022-09-27T14:00:00+00:00,2022-09-27T19:45:00+00:00,85.7700,85.8000,1.0180,-1.8320,2.8500,0.0080,223.00,5.7500,30,eod
UNH,Short,2022-09-27T14:00:00+00:00,2022-09-27T19:45:00+00:00,512.2800,509.1400,1.2826,-1.8320,3.1146,0.0059,-37.00,5.7500,30,eod
DIS,Long,2022-09-28T14:00:00+00:00,2022-09-28T18:40:00+00:00,97.1200,98.8200,2.0465,0.4209,1.6256,0.0058,198.00,4.6667,30,reversal
AAPL,Short,2022-09-28T14:00:00+00:00,2022-09-28T19:45:00+00:00,145.6400,150.2200,-0.7329,0.4209,-1.1538,0.0075,-132.00,5.7500,30,eod
MPC,Short,2022-09-28T16:40:00+00:00,2022-09-28T19:45:00+00:00,97.6700,100.4100,5.2566,2.0736,3.1830,0.0080,-197.00,3.0833,190,eod
MSFT,Short,2022-09-29T14:00:00+00:00,2022-09-29T14:35:00+00:00,235.3600,235.2100,-4.0845,-2.6372,-1.4473,0.0046,-80.00,0.5833,30,reversal
HD,Long,2022-09-29T14:00:00+00:00,2022-09-29T19:45:00+00:00,276.2900,277.5300,0.1997,-2.6372,2.8369,0.0044,68.00,5.7500,30,eod
LOW,Short,2022-09-29T14:05:00+00:00,2022-09-29T19:45:00+00:00,191.5800,190.3400,0.4246,-3.0667,3.4913,0.0053,-99.00,5.6667,35,eod
MU,Short,2022-09-30T14:00:00+00:00,2022-09-30T14:50:00+00:00,50.6200,52.0200,-2.0866,0.1095,-2.1961,0.0072,-376.00,0.8333,30,reversal
NKE,Long,2022-09-30T14:00:00+00:00,2022-09-30T19:45:00+00:00,84.2300,83.5100,2.4414,0.1095,2.3319,0.0063,226.00,5.7500,30,eod
NKE,Short,2022-09-30T14:05:00+00:00,2022-09-30T19:45:00+00:00,85.1500,83.5100,3.9790,0.0466,3.9325,0.0066,-223.00,5.6667,35,eod
T,Long,2022-09-30T15:05:00+00:00,2022-09-30T19:45:00+00:00,15.5100,15.4300,-1.6287,1.5723,-3.2010,0.0051,1218.00,4.6667,95,eod
MU,Long,2022-10-03T14:00:00+00:00,2022-10-03T18:30:00+00:00,52.4400,52.0800,3.4565,1.2982,2.1583,0.0082,362.00,4.5000,30,reversal
MPC,Long,2022-10-03T14:00:00+00:00,2022-10-03T19:45:00+00:00,100.8600,102.9900,-2.3689,1.2982,-3.6671,0.0088,188.00,5.7500,30,eod
PFE,Short,2022-10-03T14:00:00+00:00,2022-10-03T19:45:00+00:00,43.8500,44.1700,-1.0754,1.2982,-2.3736,0.0049,-433.00,5.7500,30,eod
META,Short,2022-10-04T14:00:00+00:00,2022-10-04T19:45:00+00:00,141.2400,139.8000,-0.3109,1.5468,-1.8578,0.0068,-134.00,5.7500,30,eod
NFLX,Long,2022-10-04T14:00:00+00:00,2022-10-04T19:45:00+00:00,23.9100,23.9800,-1.4972,1.5468,-3.0440,0.0091,795.00,5.7500,30,eod
T,Long,2022-10-04T14:00:00+00:00,2022-10-04T19:45:00+00:00,16.1100,16.0700,4.1795,1.5468,2.6327,0.0033,1180.00,5.7500,30,eod
NFLX,Short,2022-10-05T14:25:00+00:00,2022-10-05T19:45:00+00:00,23.1000,23.8400,-2.9612,-1.8703,-1.0909,0.0128,-824.00,5.3333,55,eod
LOW,Long,2022-10-05T14:00:00+00:00,2022-10-05T19:45:00+00:00,195.6300,199.6700,1.3397,-1.5119,2.8516,0.0056,97.00,5.7500,30,eod
LOW,Short,2022-10-05T14:05:00+00:00,2022-10-05T19:45:00+00:00,195.7400,199.6700,1.3164,-1.7496,3.0661,0.0061,-97.00,5.6667,35,eod
CVX,Long,2022-10-06T14:00:00+00:00,2022-10-06T19:45:00+00:00,161.0600,161.4300,1.8680,-1.1225,2.9905,0.0060,116.00,5.7500,30,eod
NKE,Short,2022-10-06T14:00:00+00:00,2022-10-06T19:45:00+00:00,90.7500,90.2300,-2.1966,-1.1225,-1.0742,0.0069,-206.00,5.7500,30,eod
LLY,Short,2022-10-06T14:00:00+00:00,2022-10-06T19:45:00+00:00,335.5500,332.7400,2.3659,-1.1225,3.4883,0.0077,-55.00,5.7500,30,eod
GE,Short,2022-10-07T14:00:00+00:00,2022-10-07T14:40:00+00:00,40.0600,40.4800,-2.7001,-1.6585,-1.0416,0.0077,-469.00,0.6667,30,reversal
UNH,Long,2022-10-07T14:00:00+00:00,2022-10-07T19:45:00+00:00,511.4900,503.7900,0.9622,-1.6585,2.6206,0.0055,36.00,5.7500,30,eod
PYPL,Short,2022-10-10T14:00:00+00:00,2022-10-10T17:05:00+00:00,84.4800,84.4700,-3.5318,-0.8991,-2.6327,0.0075,-220.00,3.0833,30,reversal
NFLX,Long,2022-10-10T14:00:00+00:00,2022-10-10T19:45:00+00:00,22.9700,23.0800,1.4135,-0.8991,2.3126,0.0113,811.00,5.7500,30,eod
PYPL,Short,2022-10-11T14:00:00+00:00,2022-10-11T15:00:00+00:00,80.0800,82.9600,-4.1371,-1.2072,-2.9299,0.0094,-232.00,1.0000,30,reversal
T,Long,2022-10-11T14:00:00+00:00,2022-10-11T15:45:00+00:00,14.8700,14.8800,1.2692,-1.2072,2.4765,0.0043,1254.00,1.7500,30,reversal
MU,Short,2022-10-11T17:30:00+00:00,2022-10-11T19:45:00+00:00,53.9800,53.7000,3.7022,0.6284,3.0738,0.0158,-344.00,2.2500,240,eod
NFLX,Long,2022-10-11T14:35:00+00:00,2022-10-11T19:45:00+00:00,21.4800,21.4800,-3.6285,-0.3140,-3.3145,0.0163,862.00,5.1667,65,eod
TSLA,Short,2022-10-12T14:00:00+00:00,2022-10-12T16:45:00+00:00,213.0700,215.8600,-0.6964,0.7352,-1.4315,0.0115,-86.00,2.7500,30,reversal
UNH,Long,2022-10-12T14:00:00+00:00,2022-10-12T19:45:00+00:00,506.9400,501.6300,2.6831,0.7352,1.9480,0.0063,36.00,5.7500,30,eod
ADBE,Long,2022-10-13T14:00:00+00:00,2022-10-13T16:10:00+00:00,283.6600,291.3300,2.4993,1.3066,1.1928,0.0086,64.00,2.1667,30,reversal
UNH,Short,2022-10-13T14:00:00+00:00,2022-10-13T19:45:00+00:00,490.3800,509.5700,-1.0359,1.3066,-2.3425,0.0059,-37.00,5.7500,30,eod
UNH,Long,2022-10-13T14:05:00+00:00,2022-10-13T19:45:00+00:00,488.7400,509.5700,-1.5235,1.6307,-3.1542,0.0062,37.00,5.6667,35,eod
CRM,Long,2022-10-14T14:00:00+00:00,2022-10-14T19:45:00+00:00,146.3800,142.8700,0.2433,-1.6113,1.8546,0.0076,127.00,5.7500,30,eod
DE,Short,2022-10-14T14:00:00+00:00,2022-10-14T19:45:00+00:00,362.9300,357.8600,-3.7710,-1.6113,-2.1596,0.0055,-51.00,5.7500,30,eod
UNH,Short,2022-10-14T14:00:00+00:00,2022-10-14T19:45:00+00:00,526.1500,515.0100,1.9410,-1.6113,3.5524,0.0062,-35.00,5.7500,30,eod
NFLX,Long,2022-10-17T14:05:00+00:00,2022-10-17T19:45:00+00:00,24.2800,24.5600,1.6340,0.4017,1.2323,0.0147,771.00,5.6667,35,eod
CAT,Short,2022-10-17T14:00:00+00:00,2022-10-17T19:45:00+00:00,181.2200,180.9600,-0.9044,0.5809,-1.4853,0.0079,-103.00,5.7500,30,eod
SCHW,Long,2022-10-17T15:40:00+00:00,2022-10-17T19:45:00+00:00,66.5900,67.5200,-2.6862,0.5075,-3.1938,0.0158,282.00,4.0833,130,eod
ADBE,Short,2022-10-18T14:00:00+00:00,2022-10-18T19:45:00+00:00,295.9100,293.0000,-1.8242,-0.7203,-1.1038,0.0086,-63.00,5.7500,30,eod
PFE,Long,2022-10-18T14:00:00+00:00,2022-10-18T19:45:00+00:00,44.0900,44.0400,1.5886,-0.7203,2.3089,0.0039,428.00,5.7500,30,eod
NFLX,Long,2022-10-19T14:00:00+00:00,2022-10-19T19:45:00+00:00,27.4200,27.0700,1.6115,-0.3387,1.9502,0.0132,689.00,5.7500,30,eod
HD,Long,2022-10-19T14:00:00+00:00,2022-10-19T19:45:00+00:00,277.2800,274.8400,-4.1849,-0.3387,-3.8463,0.0036,68.00,5.7500,30,eod
LOW,Short,2022-10-19T14:00:00+00:00,2022-10-19T19:45:00+00:00,184.3300,183.7500,-2.7484,-0.3387,-2.4098,0.0061,-102.00,5.7500,30,eod
NFLX,Short,2022-10-20T14:00:00+00:00,2022-10-20T19:45:00+00:00,26.9800,26.8100,-1.1033,1.3334,-2.4366,0.0142,-696.00,5.7500,30,eod
FCX,Long,2022-10-20T14:00:00+00:00,2022-10-20T19:45:00+00:00,29.7300,29.1800,2.7618,1.3334,1.4284,0.0107,631.00,5.7500,30,eod
T,Short,2022-10-20T14:00:00+00:00,2022-10-20T19:45:00+00:00,17.0600,16.7500,4.5296,1.3334,3.1962,0.0072,-1100.00,5.7500,30,eod
SLB,Short,2022-10-21T14:25:00+00:00,2022-10-21T19:45:00+00:00,48.9700,50.4300,4.0900,0.8370,3.2530,0.0082,-383.00,5.3333,55,eod
PFE,Long,2022-10-21T14:00:00+00:00,2022-10-21T19:45:00+00:00,44.9000,44.9800,4.1155,1.6207,2.4947,0.0064,418.00,5.7500,30,eod
T,Short,2022-10-21T14:00:00+00:00,2022-10-21T19:45:00+00:00,16.9600,17.1000,-0.8670,1.6207,-2.4877,0.0074,-1107.00,5.7500,30,eod
T,Long,2022-10-21T16:00:00+00:00,2022-10-21T19:45:00+00:00,16.7900,17.1000,-1.5120,1.5334,-3.0455,0.0108,1118.00,3.7500,150,eod
XOM,Long,2022-10-24T14:00:00+00:00,2022-10-24T15:15:00+00:00,106.8600,106.3500,1.4236,-0.5559,1.9795,0.0055,175.00,1.2500,30,reversal
SLB,Short,2022-10-24T14:00:00+00:00,2022-10-24T19:45:00+00:00,51.0100,52.0800,3.2927,-0.5559,3.8486,0.0071,-367.00,5.7500,30,eod
SBUX,Long,2022-10-24T14:40:00+00:00,2022-10-24T19:45:00+00:00,83.7700,83.9700,-3.3307,-0.2910,-3.0397,0.0094,223.00,5.0833,70,eod
PYPL,Short,2022-10-24T14:00:00+00:00,2022-10-24T19:45:00+00:00,82.0900,83.3200,-1.5993,-0.5559,-1.0434,0.0115,-228.00,5.7500,30,eod
TSLA,Long,2022-10-25T14:05:00+00:00,2022-10-25T19:45:00+00:00,218.5400,222.5400,2.1659,0.9697,1.1962,0.0112,84.00,5.6667,35,eod
GE,Long,2022-10-25T14:00:00+00:00,2022-10-25T19:45:00+00:00,44.9900,45.3500,-2.9668,1.1440,-4.1108,0.0113,411.00,5.7500,30,eod
HD,Short,2022-10-25T14:00:00+00:00,2022-10-25T19:45:00+00:00,288.3200,290.9300,-1.3744,1.1440,-2.5185,0.0042,-64.00,5.7500,30,eod
ADBE,Long,2022-10-26T14:00:00+00:00,2022-10-26T15:15:00+00:00,326.9400,328.9500,2.3545,0.5091,1.8455,0.0095,56.00,1.2500,30,reversal
HD,Short,2022-10-26T14:00:00+00:00,2022-10-26T19:40:00+00:00,288.0300,290.8800,-2.2491,0.5091,-2.7581,0.0048,-64.00,5.6667,30,reversal
NKE,Short,2022-10-27T14:00:00+00:00,2022-10-27T15:05:00+00:00,91.2900,92.3000,-2.6621,-1.4594,-1.2027,0.0079,-203.00,1.0833,30,reversal
NFLX,Long,2022-10-27T14:00:00+00:00,2022-10-27T19:45:00+00:00,29.9800,29.9600,0.6352,-1.4594,2.0946,0.0159,618.00,5.7500,30,eod
CAT,Short,2022-10-27T14:00:00+00:00,2022-10-27T19:45:00+00:00,213.3100,212.4400,3.0695,-1.4594,4.5289,0.0082,-86.00,5.7500,30,eod
AAPL,Long,2022-10-28T14:00:00+00:00,2022-10-28T19:45:00+00:00,151.8600,155.6800,1.7136,0.2472,1.4664,0.0070,121.00,5.7500,30,eod
AAPL,Short,2022-10-28T14:15:00+00:00,2022-10-28T19:45:00+00:00,153.3500,155.6800,3.4767,0.4261,3.0506,0.0063,-121.00,5.5000,45,eod
SLB,Short,2022-10-28T14:00:00+00:00,2022-10-28T19:45:00+00:00,50.5800,50.2900,-2.5654,0.2472,-2.8125,0.0077,-365.00,5.7500,30,eod
SLB,Long,2022-10-28T14:05:00+00:00,2022-10-28T19:45:00+00:00,50.1600,50.2900,-3.4358,0.3085,-3.7443,0.0081,369.00,5.6667,35,eod
COP,Long,2022-10-31T14:00:00+00:00,2022-10-31T16:05:00+00:00,128.6900,126.7800,1.9814,-0.4821,2.4635,0.0066,143.00,2.0833,30,reversal
META,Short,2022-10-31T14:00:00+00:00,2022-10-31T19:45:00+00:00,96.4600,93.6600,-1.9724,-0.4821,-1.4903,0.0093,-191.00,5.7500,30,eod
SLB,Short,2022-10-31T14:05:00+00:00,2022-10-31T19:45:00+00:00,51.8600,52.2000,2.3336,-0.9092,3.2428,0.0091,-357.00,5.6667,35,eod
HD,Short,2022-11-01T14:00:00+00:00,2022-11-01T17:40:00+00:00,296.0300,294.7400,-3.2038,-1.9106,-1.2932,0.0061,-62.00,3.6667,30,reversal
MPC,Long,2022-11-01T14:00:00+00:00,2022-11-01T19:45:00+00:00,114.6100,119.0600,0.8365,-1.9106,2.7471,0.0080,161.00,5.7500,30,eod
MPC,Short,2022-11-01T14:05:00+00:00,2022-11-01T19:45:00+00:00,115.6000,119.0600,1.8176,-2.1939,4.0115,0.0085,-160.00,5.6667,35,eod
MPC,Short,2022-11-02T14:00:00+00:00,2022-11-02T19:45:00+00:00,116.4900,115.3600,-2.1893,0.0878,-2.2771,0.0091,-157.00,5.7500,30,eod
LLY,Long,2022-11-02T14:00:00+00:00,2022-11-02T19:45:00+00:00,357.2800,356.0000,1.8179,0.0878,1.7301,0.0092,51.00,5.7500,30,eod
DIS,Short,2022-11-03T14:00:00+00:00,2022-11-03T15:35:00+00:00,98.8700,100.0000,-2.3377,-0.8350,-1.5028,0.0068,-186.00,1.5833,30,reversal
XOM,Long,2022-11-03T14:00:00+00:00,2022-11-03T19:45:00+00:00,110.0100,111.1300,2.0023,-0.8350,2.8373,0.0054,167.00,5.7500,30,eod
DE,Short,2022-11-03T15:25:00+00:00,2022-11-03T19:45:00+00:00,392.1000,395.3600,2.8734,-0.4367,3.3101,0.0085,-46.00,4.3333,115,eod
SBUX,Long,2022-11-04T14:00:00+00:00,2022-11-04T14:25:00+00:00,92.9600,92.1500,1.6781,-0.4477,2.1258,0.0060,197.00,0.4167,30,reversal
CRM,Short,2022-11-04T14:00:00+00:00,2022-11-04T19:45:00+00:00,140.3900,139.7700,-2.7968,-0.4477,-2.3491,0.0096,-130.00,5.7500,30,eod
CRM,Long,2022-11-04T14:10:00+00:00,2022-11-04T19:45:00+00:00,139.6900,139.7700,-2.8663,0.3737,-3.2400,0.0111,131.00,5.5833,40,eod
META,Long,2022-11-07T15:00:00+00:00,2022-11-07T20:45:00+00:00,95.6800,96.4800,2.2905,0.1501,2.1404,0.0089,191.00,5.7500,30,eod
SBUX,Short,2022-11-07T15:00:00+00:00,2022-11-07T20:45:00+00:00,90.8000,90.7500,-2.1821,0.1501,-2.3322,0.0067,-201.00,5.7500,30,eod
SBUX,Long,2022-11-08T15:00:00+00:00,2022-11-08T15:35:00+00:00,92.7400,92.3300,1.2960,0.0215,1.2745,0.0070,197.00,0.5833,30,reversal
HD,Short,2022-11-08T15:00:00+00:00,2022-11-08T20:45:00+00:00,287.8200,292.9700,-1.9746,0.0215,-1.9961,0.0076,-63.00,5.7500,30,eod
META,Long,2022-11-09T15:00:00+00:00,2022-11-09T20:45:00+00:00,103.4600,101.2100,2.2759,0.2414,2.0345,0.0091,175.00,5.7500,30,eod
COP,Short,2022-11-09T15:05:00+00:00,2022-11-09T20:45:00+00:00,130.3900,125.1100,-0.3889,0.7824,-1.1713,0.0083,-139.00,5.6667,35,eod
LOW,Short,2022-11-09T15:45:00+00:00,2022-11-09T20:45:00+00:00,190.7400,186.4400,2.9045,-0.0982,3.0027,0.0079,-95.00,5.0000,75,eod
T,Long,2022-11-10T15:00:00+00:00,2022-11-10T16:35:00+00:00,18.9100,18.8300,3.5442,1.7071,1.8372,0.0042,973.00,1.5833,30,reversal
CAT,Short,2022-11-10T15:00:00+00:00,2022-11-10T20:45:00+00:00,229.1500,231.9400,-0.5880,1.7071,-2.2950,0.0058,-80.00,5.7500,30,eod
SCHW,Long,2022-11-10T15:00:00+00:00,2022-11-10T20:45:00+00:00,78.9100,78.4000,-3.4512,1.7071,-5.1582,0.0043,233.00,5.7500,30,eod
HD,Short,2022-11-10T15:15:00+00:00,2022-11-10T20:45:00+00:00,312.5600,310.8200,4.5536,1.3523,3.2013,0.0091,-58.00,5.5000,45,eod
UNH,Long,2022-11-11T15:00:00+00:00,2022-11-11T20:45:00+00:00,527.5300,520.7200,-4.5658,1.2308,-5.7966,0.0052,34.00,5.7500,30,eod
LLY,Short,2022-11-11T15:00:00+00:00,2022-11-11T20:45:00+00:00,358.5300,353.4600,-1.4473,1.2308,-2.6781,0.0083,-50.00,5.7500,30,eod
COIN,Long,2022-11-11T15:00:00+00:00,2022-11-11T20:45:00+00:00,51.7600,57.5900,3.0483,1.2308,1.8175,0.0281,353.00,5.7500,30,eod
BAC,Short,2022-11-14T15:00:00+00:00,2022-11-14T15:15:00+00:00,37.8600,38.0500,-0.6420,0.5594,-1.2014,0.0029,-499.00,0.2500,30,reversal
NFLX,Long,2022-11-14T15:00:00+00:00,2022-11-14T20:45:00+00:00,29.7600,30.0600,2.5585,0.5594,1.9991,0.0107,635.00,5.7500,30,eod
LLY,Long,2022-11-14T15:00:00+00:00,2022-11-14T20:45:00+00:00,349.2900,357.5600,-2.6006,0.5594,-3.1600,0.0091,54.00,5.7500,30,eod
LOW,Short,2022-11-15T15:00:00+00:00,2022-11-15T16:30:00+00:00,207.2100,209.8400,-1.6277,0.4791,-2.1067,0.0093,-92.00,1.5000,30,reversal
TSLA,Long,2022-11-15T15:00:00+00:00,2022-11-15T20:45:00+00:00,200.1600,193.9300,1.9060,0.4791,1.4270,0.0122,95.00,5.7500,30,eod
GE,Short,2022-11-16T15:00:00+00:00,2022-11-16T15:10:00+00:00,53.2600,53.5400,-2.7383,-1.0288,-1.7096,0.0040,-352.00,0.1667,30,reversal
HD,Short,2022-11-16T15:00:00+00:00,2022-11-16T20:45:00+00:00,313.0400,315.7100,2.3339,-1.0288,3.3627,0.0090,-60.00,5.7500,30,eod
LOW,Long,2022-11-16T15:00:00+00:00,2022-11-16T20:45:00+00:00,218.1000,215.3000,1.5675,-1.0288,2.5963,0.0093,86.00,5.7500,30,eod
DE,Long,2022-11-17T15:00:00+00:00,2022-11-17T15:15:00+00:00,407.0800,403.0200,1.9838,0.6359,1.3480,0.0067,45.00,0.2500,30,reversal
JPM,Short,2022-11-17T15:00:00+00:00,2022-11-17T20:45:00+00:00,131.3800,132.4200,-1.7263,0.6359,-2.3622,0.0035,-141.00,5.7500,30,eod
BAC,Long,2022-11-17T15:00:00+00:00,2022-11-17T20:45:00+00:00,36.5900,37.1200,-3.4160,0.6359,-4.0519,0.0030,508.00,5.7500,30,eod
SLB,Short,2022-11-18T15:00:00+00:00,2022-11-18T20:45:00+00:00,52.6200,53.5500,3.2582,-1.4774,4.7356,0.0084,-352.00,5.7500,30,eod
CAT,Long,2022-11-18T15:00:00+00:00,2022-11-18T20:45:00+00:00,229.8100,231.6200,1.4446,-1.4774,2.9220,0.0035,80.00,5.7500,30,eod
GE,Short,2022-11-18T15:00:00+00:00,2022-11-18T20:45:00+00:00,53.2200,53.1700,-3.2044,-1.4774,-1.7270,0.0051,-349.00,5.7500,30,eod
BAC,Long,2022-11-21T15:00:00+00:00,2022-11-21T15:30:00+00:00,37.4400,37.2000,1.1936,-0.1329,1.3265,0.0034,494.00,0.5000,30,reversal
SLB,Short,2022-11-21T15:00:00+00:00,2022-11-21T17:30:00+00:00,50.6800,51.4000,-2.2340,-0.1329,-2.1011,0.0086,-365.00,2.5000,30,reversal
DIS,Long,2022-11-21T15:00:00+00:00,2022-11-21T20:45:00+00:00,98.2600,97.5400,-3.2653,-0.1329,-3.1324,0.0070,188.00,5.7500,30,eod
GOOGL,Short,2022-11-22T15:00:00+00:00,2022-11-22T18:00:00+00:00,94.6400,96.3800,-2.0958,-0.6231,-1.4728,0.0050,-193.00,3.0000,30,reversal
MPC,Long,2022-11-22T15:00:00+00:00,2022-11-22T20:45:00+00:00,124.2600,126.3000,2.2915,-0.6231,2.9146,0.0078,147.00,5.7500,30,eod
DIS,Long,2022-11-22T16:10:00+00:00,2022-11-22T20:45:00+00:00,95.1100,96.3600,-2.1968,0.9176,-3.1144,0.0091,191.00,4.5833,100,eod
PYPL,Short,2022-11-22T15:00:00+00:00,2022-11-22T20:45:00+00:00,78.8300,79.9800,2.4042,-0.6231,3.0273,0.0108,-232.00,5.7500,30,eod
COP,Long,2022-11-23T15:00:00+00:00,2022-11-23T20:45:00+00:00,127.3000,126.9200,-1.8351,1.8177,-3.6527,0.0067,143.00,5.7500,30,eod
DE,Long,2022-11-23T15:00:00+00:00,2022-11-23T20:45:00+00:00,445.8800,438.5200,3.7442,1.8177,1.9265,0.0078,40.00,5.7500,30,eod
SCHW,Short,2022-11-23T15:00:00+00:00,2022-11-23T20:45:00+00:00,81.8900,81.4400,-1.0798,1.8177,-2.8974,0.0045,-223.00,5.7500,30,eod
DE,Long,2022-11-25T15:45:00+00:00,2022-11-28T14:30:00+00:00,439.2500,441.4400,1.7187,0.5857,1.1330,0.0079,41.00,70.7500,75,reversal
NKE,Short,2022-11-25T15:00:00+00:00,2022-11-28T15:25:00+00:00,105.8200,105.6000,-1.4173,1.1208,-2.5381,0.0063,-171.00,72.4167,30,reversal
COP,Long,2022-11-28T15:00:00+00:00,2022-11-28T20:45:00+00:00,123.1900,123.7700,1.8946,0.4470,1.4476,0.0058,147.00,5.7500,30,eod
BAC,Short,2022-11-28T15:25:00+00:00,2022-11-28T20:45:00+00:00,37.3300,36.9000,-2.3794,-0.8822,-1.4972,0.0030,-488.00,5.3333,55,eod
BAC,Long,2022-11-28T15:00:00+00:00,2022-11-28T20:45:00+00:00,37.2300,36.9000,-3.0091,0.4470,-3.4561,0.0033,487.00,5.7500,30,eod
CAT,Short,2022-11-29T15:00:00+00:00,2022-11-29T15:15:00+00:00,232.6700,233.6700,-1.9939,-0.8567,-1.1372,0.0048,-78.00,0.2500,30,reversal
SLB,Short,2022-11-29T16:15:00+00:00,2022-11-29T20:45:00+00:00,51.0200,51.0900,0.8820,-2.1701,3.0521,0.0128,-355.00,4.5000,105,eod
PYPL,Long,2022-11-29T15:00:00+00:00,2022-11-29T20:45:00+00:00,80.0600,77.6800,1.2307,-0.8567,2.0874,0.0107,228.00,5.7500,30,eod
GOOGL,Long,2022-11-30T15:00:00+00:00,2022-11-30T20:45:00+00:00,95.7600,100.4300,0.9440,-0.4243,1.3683,0.0047,188.00,5.7500,30,eod
JPM,Long,2022-11-30T15:00:00+00:00,2022-11-30T20:45:00+00:00,133.5900,137.4500,-4.6233,-0.4243,-4.1990,0.0034,135.00,5.7500,30,eod
GS,Short,2022-11-30T15:00:00+00:00,2022-11-30T20:45:00+00:00,377.5600,384.8400,-3.4090,-0.4243,-2.9847,0.0037,-47.00,5.7500,30,eod
T,Long,2022-12-01T15:00:00+00:00,2022-12-01T17:35:00+00:00,19.3200,19.1300,1.9759,0.2860,1.6899,0.0037,951.00,2.5833,30,reversal
MU,Long,2022-12-01T15:00:00+00:00,2022-12-01T20:45:00+00:00,56.0600,55.4800,-3.0403,0.2860,-3.3264,0.0081,327.00,5.7500,30,eod
NFLX,Short,2022-12-01T15:00:00+00:00,2022-12-01T20:45:00+00:00,31.9100,31.7700,3.3937,0.2860,3.1077,0.0088,-575.00,5.7500,30,eod
JPM,Short,2022-12-01T15:00:00+00:00,2022-12-01T20:45:00+00:00,136.5300,136.3800,-2.3193,0.2860,-2.6054,0.0040,-134.00,5.7500,30,eod
PFE,Long,2022-12-02T15:00:00+00:00,2022-12-02T19:30:00+00:00,51.0500,50.8100,1.8013,-1.1048,2.9061,0.0036,357.00,4.5000,30,reversal
MPC,Short,2022-12-02T15:00:00+00:00,2022-12-02T20:45:00+00:00,118.8000,118.2300,-2.6581,-1.1048,-1.5533,0.0072,-153.00,5.7500,30,eod
MPC,Long,2022-12-02T15:10:00+00:00,2022-12-02T20:45:00+00:00,118.3400,118.2300,-2.8500,0.8761,-3.7262,0.0081,154.00,5.5833,40,eod
META,Long,2022-12-05T15:00:00+00:00,2022-12-05T20:45:00+00:00,123.3800,121.9300,1.2497,-1.0862,2.3359,0.0057,147.00,5.7500,30,eod
META,Short,2022-12-05T15:05:00+00:00,2022-12-05T20:45:00+00:00,123.7900,121.9300,1.5891,-1.8175,3.4066,0.0066,-147.00,5.6667,35,eod
BAC,Long,2022-12-05T19:15:00+00:00,2022-12-05T20:45:00+00:00,34.4200,34.2200,-4.2836,-1.2654,-3.0181,0.0090,533.00,1.5000,285,eod
GS,Short,2022-12-05T15:00:00+00:00,2022-12-05T20:45:00+00:00,373.7300,371.2800,-2.6335,-1.0862,-1.5473,0.0042,-48.00,5.7500,30,eod
CVX,Short,2022-12-06T15:00:00+00:00,2022-12-06T18:20:00+00:00,177.1900,171.9400,0.1926,-3.1177,3.3103,0.0044,-103.00,3.3333,30,reversal
BAC,Short,2022-12-06T15:10:00+00:00,2022-12-06T20:45:00+00:00,33.4300,32.9800,-4.2828,-2.8819,-1.4009,0.0080,-548.00,5.5833,40,eod
HD,Long,2022-12-06T15:00:00+00:00,2022-12-06T20:45:00+00:00,318.3500,317.9400,-0.1315,-3.1177,2.9862,0.0062,57.00,5.7500,30,eod
AAPL,Short,2022-12-07T15:00:00+00:00,2022-12-07T20:45:00+00:00,141.4500,140.6500,-2.2400,-1.1589,-1.0812,0.0054,-131.00,5.7500,30,eod
PFE,Short,2022-12-07T15:00:00+00:00,2022-12-07T20:45:00+00:00,50.6200,50.2900,2.5407,-1.1589,3.6995,0.0049,-366.00,5.7500,30,eod
T,Long,2022-12-07T15:00:00+00:00,2022-12-07T20:45:00+00:00,19.1200,19.2300,1.7252,-1.1589,2.8840,0.0030,969.00,5.7500,30,eod
QCOM,Long,2022-12-08T15:35:00+00:00,2022-12-08T20:45:00+00:00,122.1800,121.5400,3.7981,2.3010,1.4971,0.0080,151.00,5.1667,65,eod
LLY,Short,2022-12-08T15:00:00+00:00,2022-12-08T20:45:00+00:00,369.6200,370.4900,-0.6009,2.1946,-2.7955,0.0047,-50.00,5.7500,30,eod
T,Long,2022-12-08T15:00:00+00:00,2022-12-08T20:45:00+00:00,19.3700,19.0400,-1.0953,2.1946,-3.2899,0.0033,961.00,5.7500,30,eod
AVGO,Long,2022-12-09T15:00:00+00:00,2022-12-09T17:15:00+00:00,55.2100,54.8800,3.1318,1.0532,2.0786,0.0051,334.00,2.2500,30,reversal
GE,Short,2022-12-09T15:00:00+00:00,2022-12-09T20:45:00+00:00,51.4400,50.8200,-1.7690,1.0532,-2.8221,0.0053,-358.00,5.7500,30,eod
GE,Long,2022-12-09T15:05:00+00:00,2022-12-09T20:45:00+00:00,51.3500,50.8200,-2.0181,1.0390,-3.0570,0.0055,359.00,5.6667,35,eod
NFLX,Short,2022-12-12T15:00:00+00:00,2022-12-12T20:45:00+00:00,31.5400,31.4200,-1.6186,0.2350,-1.8536,0.0089,-581.00,5.7500,30,eod
XOM,Long,2022-12-12T15:00:00+00:00,2022-12-12T20:45:00+00:00,105.0300,105.9800,2.2463,0.2350,2.0113,0.0050,174.00,5.7500,30,eod
TSLA,Short,2022-12-13T15:00:00+00:00,2022-12-13T17:20:00+00:00,166.9400,158.8200,-2.3827,0.0394,-2.4221,0.0144,-110.00,2.3333,30,reversal
GOOGL,Short,2022-12-13T15:00:00+00:00,2022-12-13T20:45:00+00:00,98.9800,95.7400,3.0533,0.0394,3.0138,0.0051,-185.00,5.7500,30,eod
CVX,Long,2022-12-13T15:00:00+00:00,2022-12-13T20:45:00+00:00,174.2600,173.5300,1.6574,0.0394,1.6180,0.0047,105.00,5.7500,30,eod
COP,Short,2022-12-14T15:00:00+00:00,2022-12-14T19:10:00+00:00,113.6200,113.3800,-1.6944,0.6854,-2.3798,0.0063,-165.00,4.1667,30,reversal
COP,Long,2022-12-14T15:05:00+00:00,2022-12-14T19:10:00+00:00,113.1800,113.3800,-2.1504,1.0262,-3.1766,0.0068,166.00,4.0833,35,reversal
AVGO,Long,2022-12-14T15:00:00+00:00,2022-12-14T20:45:00+00:00,58.1600,57.4500,2.6186,0.6854,1.9332,0.0062,323.00,5.7500,30,eod
LLY,Short,2022-12-14T15:00:00+00:00,2022-12-14T20:45:00+00:00,365.0800,363.8900,3.7086,0.6854,3.0232,0.0057,-51.00,5.7500,30,eod
TSLA,Long,2022-12-15T15:00:00+00:00,2022-12-15T20:45:00+00:00,157.0800,157.8900,0.2082,-2.5038,2.7120,0.0129,119.00,5.7500,30,eod
GOOGL,Short,2022-12-15T16:45:00+00:00,2022-12-15T20:45:00+00:00,90.7700,90.7000,-3.3874,-2.0742,-1.3132,0.0069,-207.00,4.0000,135,eod
HD,Short,2022-12-15T15:15:00+00:00,2022-12-15T20:45:00+00:00,327.4200,326.2300,1.8359,-1.3810,3.2169,0.0043,-57.00,5.5000,45,eod
HD,Short,2022-12-16T15:00:00+00:00,2022-12-16T16:10:00+00:00,323.1100,323.7200,-2.8609,-0.5645,-2.2965,0.0043,-58.00,1.1667,30,reversal
META,Long,2022-12-16T15:00:00+00:00,2022-12-16T20:00:00+00:00,122.6400,119.2300,1.5602,-0.5645,2.1247,0.0068,153.00,5.0000,30,reversal
T,Short,2022-12-19T15:00:00+00:00,2022-12-19T17:30:00+00:00,18.2900,18.0300,2.1899,-1.0909,3.2807,0.0038,-1018.00,2.5000,30,reversal
QCOM,Short,2022-12-19T15:05:00+00:00,2022-12-19T20:45:00+00:00,112.6700,111.9700,-2.2844,-1.1369,-1.1475,0.0073,-165.00,5.6667,35,eod
SCHW,Long,2022-12-19T15:00:00+00:00,2022-12-19T20:45:00+00:00,78.9700,78.4200,1.4496,-1.0909,2.5404,0.0049,235.00,5.7500,30,eod
LOW,Short,2022-12-20T15:00:00+00:00,2022-12-20T15:20:00+00:00,199.0000,201.3800,-0.7956,1.1520,-1.9475,0.0045,-93.00,0.3333,30,reversal
ADBE,Long,2022-12-20T15:00:00+00:00,2022-12-20T20:45:00+00:00,336.1000,338.6500,3.0093,1.1520,1.8574,0.0051,55.00,5.7500,30,eod
COP,Long,2022-12-21T15:00:00+00:00,2022-12-21T20:45:00+00:00,113.6900,116.1400,-1.9661,1.2392,-3.2052,0.0058,164.00,5.7500,30,eod
LOW,Short,2022-12-21T15:00:00+00:00,2022-12-21T20:45:00+00:00,200.9500,201.8200,-1.4635,1.2392,-2.7027,0.0043,-92.00,5.7500,30,eod
SBUX,Long,2022-12-21T15:00:00+00:00,2022-12-21T20:45:00+00:00,97.7200,98.7000,2.7322,1.2392,1.4930,0.0043,190.00,5.7500,30,eod
AMD,Short,2022-12-22T15:00:00+00:00,2022-12-22T20:45:00+00:00,63.6900,63.7100,-3.6111,-1.4171,-2.1940,0.0085,-295.00,5.7500,30,eod
GE,Long,2022-12-22T15:00:00+00:00,2022-12-22T20:45:00+00:00,51.3300,50.7200,0.5726,-1.4171,1.9897,0.0055,366.00,5.7500,30,eod
NKE,Short,2022-12-22T15:25:00+00:00,2022-12-22T20:45:00+00:00,116.3900,116.4600,1.3624,-1.6841,3.0465,0.0080,-161.00,5.3333,55,eod
CVX,Long,2022-12-23T15:00:00+00:00,2022-12-23T20:45:00+00:00,175.7700,177.2800,1.2916,-0.8892,2.1808,0.0053,106.00,5.7500,30,eod
T,Short,2022-12-23T15:00:00+00:00,2022-12-23T20:45:00+00:00,18.1400,18.2900,-2.2760,-0.8892,-1.3868,0.0036,-1030.00,5.7500,30,eod
TSLA,Short,2022-12-27T15:15:00+00:00,2022-12-27T20:45:00+00:00,114.8100,110.0500,-2.4032,-0.7948,-1.6084,0.0154,-162.00,5.5000,45,eod
CAT,Long,2022-12-27T15:00:00+00:00,2022-12-27T20:45:00+00:00,241.5200,243.2600,1.0059,-1.6858,2.6917,0.0042,77.00,5.7500,30,eod
DE,Short,2022-12-27T15:00:00+00:00,2022-12-27T20:45:00+00:00,439.5000,436.5800,1.3755,-1.6858,3.0613,0.0034,-42.00,5.7500,30,eod
MU,Long,2022-12-28T15:00:00+00:00,2022-12-28T16:30:00+00:00,50.7600,49.4700,1.7117,-0.4447,2.1564,0.0062,374.00,1.5000,30,reversal
DE,Short,2022-12-28T15:00:00+00:00,2022-12-28T20:45:00+00:00,434.7100,430.4200,-1.6458,-0.4447,-1.2011,0.0035,-43.00,5.7500,30,eod
JPM,Short,2022-12-28T19:40:00+00:00,2022-12-28T20:45:00+00:00,133.3300,132.4600,1.6444,-1.3665,3.0110,0.0074,-141.00,1.0833,310,eod
META,Long,2022-12-29T15:00:00+00:00,2022-12-29T20:45:00+00:00,118.8500,120.6900,2.3332,1.1406,1.1926,0.0070,159.00,5.7500,30,eod
CAT,Short,2022-12-29T15:00:00+00:00,2022-12-29T20:45:00+00:00,239.4700,240.0600,-1.0653,1.1406,-2.2058,0.0043,-78.00,5.7500,30,eod
MU,Short,2022-12-30T15:00:00+00:00,2022-12-30T20:45:00+00:00,49.2700,49.8100,-1.9166,-0.8511,-1.0655,0.0064,-385.00,5.7500,30,eod
GE,Long,2022-12-30T15:00:00+00:00,2022-12-30T20:45:00+00:00,51.9200,52.1900,0.4116,-0.8511,1.2627,0.0052,365.00,5.7500,30,eod
SCHW,Long,2023-01-03T15:00:00+00:00,2023-01-03T17:45:00+00:00,83.3200,81.8800,0.5021,-2.4932,2.9952,0.0043,227.00,2.7500,30,reversal
AAPL,Short,2023-01-03T15:00:00+00:00,2023-01-03T20:45:00+00:00,126.5000,124.9600,-3.6824,-2.4932,-1.1892,0.0070,-149.00,5.7500,30,eod
LLY,Short,2023-01-03T15:00:00+00:00,2023-01-03T20:45:00+00:00,368.8000,364.6200,1.7428,-2.4932,4.2360,0.0055,-51.00,5.7500,30,eod
XOM,Long,2023-01-04T15:00:00+00:00,2023-01-04T20:45:00+00:00,106.1900,106.2800,1.4907,-1.2082,2.6989,0.0039,178.00,5.7500,30,eod
UNH,Short,2023-01-04T15:00:00+00:00,2023-01-04T20:45:00+00:00,510.8100,503.8000,-2.6083,-1.2082,-1.4001,0.0034,-37.00,5.7500,30,eod
UNH,Long,2023-01-04T17:35:00+00:00,2023-01-04T20:45:00+00:00,506.6400,503.8000,-2.5133,0.6568,-3.1702,0.0067,37.00,3.1667,185,eod
PYPL,Short,2023-01-04T15:00:00+00:00,2023-01-04T20:45:00+00:00,77.6200,77.4500,2.1987,-1.2082,3.4069,0.0076,-244.00,5.7500,30,eod
T,Short,2023-01-05T15:00:00+00:00,2023-01-05T15:55:00+00:00,19.0000,19.1200,-1.7568,0.1985,-1.9552,0.0036,-997.00,0.9167,30,reversal
MPC,Long,2023-01-05T15:00:00+00:00,2023-01-05T20:45:00+00:00,113.3600,115.5800,2.9408,0.1985,2.7423,0.0055,167.00,5.7500,30,eod
MPC,Short,2023-01-05T15:15:00+00:00,2023-01-05T20:45:00+00:00,114.7500,115.5800,3.1299,0.0274,3.1025,0.0091,-165.00,5.5000,45,eod
UNH,Long,2023-01-05T15:00:00+00:00,2023-01-05T20:45:00+00:00,492.3300,490.8400,-3.0162,0.1985,-3.2146,0.0038,38.00,5.7500,30,eod
MPC,Short,2023-01-06T15:00:00+00:00,2023-01-06T16:25:00+00:00,118.5000,118.0700,2.1553,-1.5350,3.6903,0.0058,-159.00,1.4167,30,reversal
AMD,Short,2023-01-06T15:00:00+00:00,2023-01-06T20:45:00+00:00,60.0900,64.0200,-3.5956,-1.5350,-2.0606,0.0114,-314.00,5.7500,30,eod
LIN,Long,2023-01-06T15:00:00+00:00,2023-01-06T20:45:00+00:00,311.2200,316.9200,1.4190,-1.5350,2.9540,0.0029,60.00,5.7500,30,eod
BAC,Long,2023-01-09T15:00:00+00:00,2023-01-09T20:45:00+00:00,34.2000,33.7500,-2.6390,1.7085,-4.3474,0.0031,544.00,5.7500,30,eod
GS,Short,2023-01-09T15:50:00+00:00,2023-01-09T20:45:00+00:00,354.6000,352.5200,4.7307,1.7020,3.0287,0.0026,-52.00,4.9167,80,eod
PFE,Short,2023-01-09T15:00:00+00:00,2023-01-09T20:45:00+00:00,49.5300,48.3800,-1.1575,1.7085,-2.8660,0.0043,-375.00,5.7500,30,eod
COIN,Long,2023-01-09T15:00:00+00:00,2023-01-09T20:45:00+00:00,37.6500,37.9400,3.7368,1.7085,2.0283,0.0199,494.00,5.7500,30,eod
BAC,Long,2023-01-10T15:05:00+00:00,2023-01-10T16:20:00+00:00,33.7400,34.1300,-3.5453,-0.3792,-3.1661,0.0034,554.00,1.2500,35,reversal
AVGO,Short,2023-01-10T15:00:00+00:00,2023-01-10T20:15:00+00:00,55.7100,57.1900,-3.3745,-0.5156,-2.8589,0.0077,-336.00,5.2500,30,reversal
DE,Long,2023-01-10T15:00:00+00:00,2023-01-10T20:45:00+00:00,433.0700,437.6200,1.9671,-0.5156,2.4827,0.0037,43.00,5.7500,30,eod
DE,Short,2023-01-11T15:00:00+00:00,2023-01-11T20:45:00+00:00,434.6600,431.8100,-2.0105,0.3195,-2.3300,0.0040,-42.00,5.7500,30,eod
DE,Long,2023-01-11T15:25:00+00:00,2023-01-11T20:45:00+00:00,432.3300,431.8100,-2.3863,1.0344,-3.4207,0.0056,43.00,5.3333,55,eod
GS,Short,2023-01-11T20:25:00+00:00,2023-01-11T20:45:00+00:00,364.4800,364.0900,4.5234,1.3495,3.1739,0.0039,-51.00,0.3333,355,eod
HD,Long,2023-01-11T15:00:00+00:00,2023-01-11T20:45:00+00:00,326.8100,328.7400,2.1014,0.3195,1.7819,0.0052,57.00,5.7500,30,eod
CAT,Long,2023-01-12T15:00:00+00:00,2023-01-12T20:45:00+00:00,254.4300,254.7300,2.1831,-0.5469,2.7300,0.0039,73.00,5.7500,30,eod
FCX,Short,2023-01-12T15:00:00+00:00,2023-01-12T20:45:00+00:00,44.8000,45.1900,-1.9815,-0.5469,-1.4345,0.0067,-417.00,5.7500,30,eod
BAC,Long,2023-01-13T15:05:00+00:00,2023-01-13T15:20:00+00:00,33.5400,33.9500,-2.6559,0.5136,-3.1695,0.0036,555.00,0.2500,35,reversal
COP,Short,2023-01-13T15:00:00+00:00,2023-01-13T16:20:00+00:00,118.9600,120.8500,-2.0960,0.3587,-2.4547,0.0059,-156.00,1.3333,30,reversal
UNH,Short,2023-01-13T15:00:00+00:00,2023-01-13T18:25:00+00:00,506.5900,494.2700,5.4358,0.3587,5.0771,0.0054,-36.00,3.4167,30,reversal
GS,Long,2023-01-13T15:00:00+00:00,2023-01-13T20:45:00+00:00,367.6500,373.5700,2.5487,0.3587,2.1900,0.0039,50.00,5.7500,30,eod
CRM,Short,2023-01-17T15:00:00+00:00,2023-01-17T20:45:00+00:00,148.2600,148.1900,-1.4604,1.2811,-2.7415,0.0047,-127.00,5.7500,30,eod
GS,Long,2023-01-17T15:00:00+00:00,2023-01-17T20:45:00+00:00,358.6900,349.9300,-3.6265,1.2811,-4.9076,0.0050,52.00,5.7500,30,eod
SCHW,Long,2023-01-17T15:00:00+00:00,2023-01-17T20:45:00+00:00,82.9100,83.6500,2.4657,1.2811,1.1847,0.0047,227.00,5.7500,30,eod
SCHW,Short,2023-01-17T15:25:00+00:00,2023-01-17T20:45:00+00:00,83.6000,83.6500,4.3341,1.1078,3.2263,0.0046,-225.00,5.3333,55,eod
LIN,Short,2023-01-18T15:00:00+00:00,2023-01-18T15:45:00+00:00,331.0000,331.3200,-1.8554,0.5968,-2.4522,0.0028,-56.00,0.7500,30,reversal
COP,Short,2023-01-18T15:50:00+00:00,2023-01-18T20:30:00+00:00,123.4200,118.9100,1.6766,-1.6353,3.3119,0.0068,-151.00,4.6667,80,reversal
GS,Long,2023-01-18T15:00:00+00:00,2023-01-18T20:45:00+00:00,353.9900,349.5700,2.1699,0.5968,1.5730,0.0056,52.00,5.7500,30,eod
SCHW,Short,2023-01-19T15:00:00+00:00,2023-01-19T19:25:00+00:00,77.1500,75.6000,3.0725,-0.7503,3.8228,0.0055,-244.00,4.4167,30,reversal
CAT,Short,2023-01-19T15:00:00+00:00,2023-01-19T20:45:00+00:00,247.7600,246.3000,-2.3894,-0.7503,-1.6391,0.0035,-76.00,5.7500,30,eod
LOW,Long,2023-01-19T15:45:00+00:00,2023-01-19T20:45:00+00:00,201.8700,202.2000,-4.3421,-1.1410,-3.2011,0.0063,93.00,5.0000,75,eod
UNH,Long,2023-01-19T15:00:00+00:00,2023-01-19T20:45:00+00:00,483.6700,485.4300,1.4654,-0.7503,2.2157,0.0061,38.00,5.7500,30,eod
SLB,Long,2023-01-20T15:00:00+00:00,2023-01-20T15:35:00+00:00,58.1600,57.1300,3.7488,1.0853,2.6635,0.0074,326.00,0.5833,30,reversal
PFE,Short,2023-01-20T15:00:00+00:00,2023-01-20T20:45:00+00:00,44.9700,45.1200,-1.8379,1.0853,-2.9232,0.0042,-422.00,5.7500,30,eod
PFE,Long,2023-01-20T15:10:00+00:00,2023-01-20T20:45:00+00:00,44.9900,45.1200,-1.9002,1.3275,-3.2278,0.0038,420.00,5.5833,40,eod
SLB,Long,2023-01-23T15:00:00+00:00,2023-01-23T20:45:00+00:00,55.8300,55.8500,-2.7439,2.0425,-4.7864,0.0089,338.00,5.7500,30,eod
CAT,Short,2023-01-23T15:00:00+00:00,2023-01-23T20:45:00+00:00,249.8300,252.0600,-0.8931,2.0425,-2.9356,0.0034,-75.00,5.7500,30,eod
PYPL,Long,2023-01-23T15:00:00+00:00,2023-01-23T20:45:00+00:00,78.9500,79.3000,3.3463,2.0425,1.3038,0.0084,239.00,5.7500,30,eod
XOM,Short,2023-01-24T15:00:00+00:00,2023-01-24T20:45:00+00:00,111.8000,113.5800,8.6415,-0.1275,8.7689,0.0085,-168.00,5.7500,30,eod
COP,Short,2023-01-24T15:00:00+00:00,2023-01-24T20:45:00+00:00,118.6800,118.8900,-1.9448,-0.1275,-1.8173,0.0063,-158.00,5.7500,30,eod
JPM,Long,2023-01-24T15:00:00+00:00,2023-01-24T20:45:00+00:00,137.9400,138.0500,1.9901,-0.1275,2.1175,0.0042,136.00,5.7500,30,eod
T,Long,2023-01-24T15:00:00+00:00,2023-01-24T20:45:00+00:00,19.3200,19.2000,-10.6270,-0.1275,-10.4995,0.0103,974.00,5.7500,30,eod
CVX,Short,2023-01-25T15:00:00+00:00,2023-01-25T15:45:00+00:00,176.5300,178.0000,-2.9833,-0.9266,-2.0567,0.0041,-105.00,0.7500,30,reversal
CAT,Long,2023-01-25T15:00:00+00:00,2023-01-25T18:50:00+00:00,255.9400,258.6100,1.3310,-0.9266,2.2575,0.0034,72.00,3.8333,30,reversal
CAT,Short,2023-01-26T15:00:00+00:00,2023-01-26T15:40:00+00:00,257.1200,259.9200,-3.5036,-0.7833,-2.7204,0.0042,-72.00,0.6667,30,reversal
CRM,Short,2023-01-26T15:00:00+00:00,2023-01-26T20:45:00+00:00,160.8600,164.9000,2.8003,-0.7833,3.5836,0.0057,-116.00,5.7500,30,eod
SBUX,Long,2023-01-26T15:00:00+00:00,2023-01-26T20:45:00+00:00,107.4900,108.6700,0.7978,-0.7833,1.5811,0.0034,173.00,5.7500,30,eod
NFLX,Short,2023-01-27T15:00:00+00:00,2023-01-27T20:45:00+00:00,36.3200,36.1900,-0.4674,1.3392,-1.8065,0.0100,-509.00,5.7500,30,eod
CVX,Long,2023-01-27T16:00:00+00:00,2023-01-27T20:45:00+00:00,179.6900,180.2100,-2.7291,0.5639,-3.2929,0.0059,102.00,4.7500,90,eod
GE,Long,2023-01-27T15:10:00+00:00,2023-01-27T20:45:00+00:00,66.4800,66.6000,2.8386,1.5287,1.3099,0.0081,277.00,5.5833,40,eod
CVX,Short,2023-01-30T15:00:00+00:00,2023-01-30T15:35:00+00:00,177.1400,177.5500,-1.1030,1.2202,-2.3232,0.0045,-104.00,0.5833,30,reversal
SCHW,Short,2023-01-30T15:30:00+00:00,2023-01-30T20:45:00+00:00,74.9100,75.8900,2.4436,-0.6241,3.0677,0.0071,-246.00,5.2500,60,eod
UNH,Long,2023-01-30T15:00:00+00:00,2023-01-30T20:45:00+00:00,494.8300,486.6400,2.3677,1.2202,1.1475,0.0058,37.00,5.7500,30,eod
PFE,Short,2023-01-31T15:00:00+00:00,2023-01-31T15:15:00+00:00,43.2000,43.8600,-2.5065,-0.7898,-1.7167,0.0041,-424.00,0.2500,30,reversal
XOM,Short,2023-01-31T15:00:00+00:00,2023-01-31T20:45:00+00:00,113.5600,116.2500,2.5956,-0.7898,3.3854,0.0105,-161.00,5.7500,30,eod
CVX,Long,2023-01-31T15:00:00+00:00,2023-01-31T20:45:00+00:00,172.5500,174.3500,1.1245,-0.7898,1.9143,0.0049,106.00,5.7500,30,eod
BAC,Short,2023-02-01T15:25:00+00:00,2023-02-01T19:45:00+00:00,35.8500,35.9800,3.5438,0.5197,3.0240,0.0037,-505.00,4.3333,55,reversal
AVGO,Long,2023-02-01T15:00:00+00:00,2023-02-01T20:45:00+00:00,59.1400,60.4400,2.7918,0.2548,2.5370,0.0050,306.00,5.7500,30,eod
COP,Long,2023-02-01T16:00:00+00:00,2023-02-01T20:45:00+00:00,117.3700,118.2300,-3.4711,-0.2869,-3.1842,0.0081,155.00,4.7500,90,eod
MPC,Short,2023-02-01T15:00:00+00:00,2023-02-01T20:45:00+00:00,126.4000,123.4700,-1.7505,0.2548,-2.0053,0.0116,-143.00,5.7500,30,eod
META,Short,2023-02-02T15:20:00+00:00,2023-02-02T20:45:00+00:00,187.6200,186.9700,4.0544,0.3281,3.7263,0.0094,-97.00,5.4167,50,eod
SLB,Short,2023-02-02T15:00:00+00:00,2023-02-02T20:45:00+00:00,53.3300,52.3700,-2.5856,-0.7842,-1.8013,0.0095,-344.00,5.7500,30,eod
DE,Long,2023-02-02T15:00:00+00:00,2023-02-02T20:45:00+00:00,410.5900,405.6100,-4.7466,-0.7842,-3.9623,0.0061,44.00,5.7500,30,eod
LOW,Long,2023-02-02T15:00:00+00:00,2023-02-02T20:45:00+00:00,218.4900,220.6500,1.5782,-0.7842,2.3625,0.0055,84.00,5.7500,30,eod
AAPL,Short,2023-02-03T15:00:00+00:00,2023-02-03T20:45:00+00:00,153.1400,154.4700,4.9139,1.4152,3.4987,0.0049,-120.00,5.7500,30,eod
ADBE,Short,2023-02-03T15:00:00+00:00,2023-02-03T20:45:00+00:00,381.8600,378.8100,-1.5524,1.4152,-2.9676,0.0062,-48.00,5.7500,30,eod
UNH,Long,2023-02-03T15:10:00+00:00,2023-02-03T20:45:00+00:00,471.2500,471.8000,-1.3230,2.1868,-3.5098,0.0075,39.00,5.5833,40,eod
COIN,Long,2023-02-03T15:00:00+00:00,2023-02-03T20:45:00+00:00,79.4700,74.0500,3.1284,1.4152,1.7132,0.0238,232.00,5.7500,30,eod
GS,Short,2023-02-06T15:00:00+00:00,2023-02-06T17:05:00+00:00,367.4900,369.9600,-1.6375,0.2778,-1.9153,0.0057,-49.00,2.0833,30,reversal
SBUX,Long,2023-02-06T15:00:00+00:00,2023-02-06T20:45:00+00:00,104.1900,104.7700,2.0762,0.2778,1.7985,0.0030,173.00,5.7500,30,eod
SBUX,Short,2023-02-06T18:20:00+00:00,2023-02-06T20:45:00+00:00,105.8800,104.7700,2.8319,-0.2561,3.0880,0.0079,-170.00,2.4167,230,eod
CVX,Long,2023-02-07T15:00:00+00:00,2023-02-07T17:55:00+00:00,171.3100,173.3400,1.5911,-0.1493,1.7404,0.0048,105.00,2.9167,30,reversal
AMZN,Short,2023-02-07T15:00:00+00:00,2023-02-07T20:45:00+00:00,98.7400,102.1700,-2.3863,-0.1493,-2.2370,0.0086,-183.00,5.7500,30,eod
LIN,Short,2023-02-07T15:00:00+00:00,2023-02-07T20:45:00+00:00,330.0800,336.0500,4.6682,-0.1493,4.8175,0.0050,-54.00,5.7500,30,eod
MSFT,Short,2023-02-08T15:10:00+00:00,2023-02-08T20:45:00+00:00,273.1800,267.4300,-2.1061,-0.2685,-1.8376,0.0046,-65.00,5.5833,40,eod
MSFT,Long,2023-02-08T15:00:00+00:00,2023-02-08T20:45:00+00:00,271.6700,267.4300,-4.1657,-0.5695,-3.5962,0.0036,65.00,5.7500,30,eod
JPM,Long,2023-02-08T15:00:00+00:00,2023-02-08T20:45:00+00:00,143.6300,142.5900,2.4231,-0.5695,2.9925,0.0029,124.00,5.7500,30,eod
BAC,Short,2023-02-08T15:00:00+00:00,2023-02-08T20:45:00+00:00,36.8200,36.4300,2.5883,-0.5695,3.1577,0.0034,-485.00,5.7500,30,eod
GOOGL,Short,2023-02-09T15:00:00+00:00,2023-02-09T20:45:00+00:00,95.9100,94.7000,-2.8455,-0.5922,-2.2533,0.0079,-188.00,5.7500,30,eod
CRM,Long,2023-02-09T15:00:00+00:00,2023-02-09T20:45:00+00:00,174.7000,173.0300,1.1208,-0.5922,1.7129,0.0085,103.00,5.7500,30,eod
DIS,Long,2023-02-09T15:20:00+00:00,2023-02-09T20:45:00+00:00,114.1900,110.2400,-3.7300,-0.5026,-3.2274,0.0056,157.00,5.4167,50,eod
DIS,Short,2023-02-10T15:05:00+00:00,2023-02-10T16:40:00+00:00,107.9800,108.8100,-2.0636,-0.8438,-1.2198,0.0060,-164.00,1.5833,35,reversal
COP,Long,2023-02-10T15:00:00+00:00,2023-02-10T20:45:00+00:00,113.5600,115.0800,1.4905,-1.4598,2.9502,0.0062,157.00,5.7500,30,eod
PFE,Short,2023-02-10T15:00:00+00:00,2023-02-10T20:45:00+00:00,43.7900,43.9500,2.3868,-1.4598,3.8466,0.0041,-407.00,5.7500,30,eod
MSFT,Long,2023-02-13T15:00:00+00:00,2023-02-13T15:20:00+00:00,272.0900,271.8500,2.8922,1.8248,1.0674,0.0039,65.00,0.3333,30,reversal
DIS,Short,2023-02-13T15:00:00+00:00,2023-02-13T20:45:00+00:00,106.9800,107.8300,-0.8435,1.8248,-2.6683,0.0055,-166.00,5.7500,30,eod
PYPL,Long,2023-02-13T15:10:00+00:00,2023-02-13T20:45:00+00:00,78.9000,79.8000,-2.2731,1.5010,-3.7741,0.0052,225.00,5.5833,40,eod
COP,Long,2023-02-14T15:25:00+00:00,2023-02-14T18:40:00+00:00,114.0600,113.8500,3.8846,2.6027,1.2820,0.0064,155.00,3.2500,55,reversal
DE,Long,2023-02-14T15:00:00+00:00,2023-02-14T20:45:00+00:00,411.3100,410.4000,-0.4362,3.4597,-3.8959,0.0061,43.00,5.7500,30,eod
PFE,Short,2023-02-14T15:00:00+00:00,2023-02-14T20:45:00+00:00,44.0200,43.9300,0.7197,3.4597,-2.7400,0.0038,-404.00,5.7500,30,eod
AMD,Short,2023-02-15T15:00:00+00:00,2023-02-15T20:45:00+00:00,83.8500,84.7100,-1.6387,-0.3503,-1.2884,0.0104,-212.00,5.7500,30,eod
LLY,Long,2023-02-15T18:20:00+00:00,2023-02-15T20:45:00+00:00,337.9000,335.8100,-2.2772,0.7525,-3.0297,0.0093,53.00,2.4167,230,eod
COIN,Long,2023-02-15T15:00:00+00:00,2023-02-15T20:45:00+00:00,63.3800,68.4800,1.3324,-0.3503,1.6827,0.0322,280.00,5.7500,30,eod
CAT,Short,2023-02-16T15:00:00+00:00,2023-02-16T20:40:00+00:00,244.6300,246.6200,-1.7815,0.1504,-1.9319,0.0058,-74.00,5.6667,30,reversal
UNH,Long,2023-02-16T15:45:00+00:00,2023-02-16T20:45:00+00:00,489.8300,489.2900,-1.3686,1.7777,-3.1464,0.0043,36.00,5.0000,75,eod
PYPL,Long,2023-02-16T15:00:00+00:00,2023-02-16T20:45:00+00:00,77.7000,77.0800,2.3579,0.1504,2.2075,0.0044,233.00,5.7500,30,eod
PYPL,Short,2023-02-16T15:15:00+00:00,2023-02-16T20:45:00+00:00,78.4000,77.0800,4.3615,0.9465,3.4150,0.0045,-231.00,5.5000,45,eod
LLY,Short,2023-02-17T15:00:00+00:00,2023-02-17T20:45:00+00:00,329.7500,327.5500,3.2919,-1.2687,4.5606,0.0067,-55.00,5.7500,30,eod
PFE,Long,2023-02-17T15:00:00+00:00,2023-02-17T20:45:00+00:00,42.9500,43.1700,1.4854,-1.2687,2.7541,0.0036,423.00,5.7500,30,eod
PYPL,Short,2023-02-17T15:00:00+00:00,2023-02-17T20:45:00+00:00,74.9500,74.2800,-3.0019,-1.2687,-1.7333,0.0055,-242.00,5.7500,30,eod
MU,Long,2023-02-21T15:00:00+00:00,2023-02-21T17:20:00+00:00,59.5500,58.3200,1.1838,-0.5751,1.7589,0.0077,307.00,2.3333,30,reversal
UNH,Short,2023-02-21T15:00:00+00:00,2023-02-21T20:45:00+00:00,494.6500,491.7800,-2.8781,-0.5751,-2.3030,0.0045,-36.00,5.7500,30,eod
SLB,Short,2023-02-22T15:40:00+00:00,2023-02-22T20:45:00+00:00,52.3900,52.2600,-2.4159,-0.9870,-1.4289,0.0087,-347.00,5.0833,70,eod
T,Long,2023-02-22T15:00:00+00:00,2023-02-22T20:45:00+00:00,19.3400,19.3300,2.0046,-0.9668,2.9714,0.0026,940.00,5.7500,30,eod
T,Short,2023-02-23T15:00:00+00:00,2023-02-23T19:30:00+00:00,19.5500,19.2900,2.7606,-0.4466,3.2071,0.0032,-930.00,4.5000,30,reversal
SBUX,Short,2023-02-23T15:00:00+00:00,2023-02-23T20:45:00+00:00,104.1400,103.6600,-2.3372,-0.4466,-1.8906,0.0025,-174.00,5.7500,30,eod
UNH,Long,2023-02-23T15:00:00+00:00,2023-02-23T20:45:00+00:00,492.1200,491.6900,2.2347,-0.4466,2.6813,0.0047,36.00,5.7500,30,eod
ADBE,Short,2023-02-24T15:00:00+00:00,2023-02-24T20:45:00+00:00,322.7600,320.0000,-2.8459,-0.8262,-2.0196,0.0052,-56.00,5.7500,30,eod
ADBE,Long,2023-02-24T15:30:00+00:00,2023-02-24T20:45:00+00:00,320.8300,320.0000,-3.9399,-0.9086,-3.0313,0.0053,57.00,5.2500,60,eod
MPC,Long,2023-02-24T15:00:00+00:00,2023-02-24T20:45:00+00:00,123.9200,124.5700,1.5197,-0.8262,2.3460,0.0061,147.00,5.7500,30,eod
LIN,Short,2023-02-24T16:30:00+00:00,2023-02-24T20:45:00+00:00,335.4200,346.7900,4.0956,-0.5177,4.6134,0.0080,-54.00,4.2500,120,eod
META,Short,2023-02-27T15:00:00+00:00,2023-02-27T20:45:00+00:00,171.5000,169.3700,-1.0453,0.7254,-1.7707,0.0069,-105.00,5.7500,30,eod
DE,Long,2023-02-27T15:00:00+00:00,2023-02-27T20:45:00+00:00,421.6000,420.7000,2.3308,0.7254,1.6054,0.0050,42.00,5.7500,30,eod
SCHW,Long,2023-02-27T20:10:00+00:00,2023-02-27T20:45:00+00:00,78.5200,77.9100,-3.4598,-0.3913,-3.0685,0.0069,231.00,0.5833,340,eod
SBUX,Long,2023-02-28T15:00:00+00:00,2023-02-28T15:10:00+00:00,102.8900,102.4400,3.0098,1.3659,1.6440,0.0025,175.00,0.1667,30,reversal
COP,Long,2023-02-28T15:00:00+00:00,2023-02-28T20:45:00+00:00,105.6800,103.7300,-1.9255,1.3659,-3.2913,0.0045,171.00,5.7500,30,eod
UNH,Short,2023-02-28T15:00:00+00:00,2023-02-28T20:45:00+00:00,478.4900,475.2500,-1.2925,1.3659,-2.6583,0.0053,-37.00,5.7500,30,eod
SCHW,Long,2023-03-01T15:00:00+00:00,2023-03-01T16:25:00+00:00,76.7200,77.4600,-3.3723,-0.1014,-3.2709,0.0048,234.00,1.4167,30,reversal
COP,Long,2023-03-01T15:00:00+00:00,2023-03-01T20:45:00+00:00,105.5400,106.3400,2.5598,-0.1014,2.6612,0.0051,170.00,5.7500,30,eod
MPC,Short,2023-03-01T15:05:00+00:00,2023-03-01T20:45:00+00:00,125.7100,129.5000,2.3745,-0.7718,3.1463,0.0059,-143.00,5.6667,35,eod
LOW,Short,2023-03-01T15:00:00+00:00,2023-03-01T20:45:00+00:00,197.6200,194.3100,-2.6746,-0.1014,-2.5732,0.0071,-90.00,5.7500,30,eod
T,Long,2023-03-02T15:00:00+00:00,2023-03-02T19:05:00+00:00,18.6900,18.7200,3.1633,0.9444,2.2188,0.0027,961.00,4.0833,30,reversal
JPM,Long,2023-03-02T15:00:00+00:00,2023-03-02T20:45:00+00:00,140.2300,141.2000,-3.0448,0.9444,-3.9892,0.0042,128.00,5.7500,30,eod
COIN,Short,2023-03-02T15:00:00+00:00,2023-03-02T20:45:00+00:00,59.6700,63.6300,-1.2428,0.9444,-2.1872,0.0300,-301.00,5.7500,30,eod
AVGO,Short,2023-03-03T15:00:00+00:00,2023-03-03T16:00:00+00:00,61.9900,62.5500,-1.1915,0.8954,-2.0869,0.0032,-284.00,1.0000,30,reversal
CRM,Long,2023-03-03T15:20:00+00:00,2023-03-03T20:45:00+00:00,187.2300,186.1500,-1.6006,1.4910,-3.0917,0.0061,93.00,5.4167,50,eod
CVX,Long,2023-03-03T15:00:00+00:00,2023-03-03T20:45:00+00:00,163.2200,164.7200,3.7124,0.8954,2.8170,0.0046,107.00,5.7500,30,eod
CVX,Short,2023-03-03T16:40:00+00:00,2023-03-03T20:45:00+00:00,164.2000,164.7200,4.2037,0.9799,3.2238,0.0055,-106.00,4.0833,130,eod
SBUX,Long,2023-03-06T15:00:00+00:00,2023-03-06T15:25:00+00:00,105.5300,105.5800,1.4765,0.0000,1.4765,0.0032,166.00,0.4167,30,reversal
CAT,Short,2023-03-06T15:00:00+00:00,2023-03-06T20:05:00+00:00,252.3900,254.0500,-2.3924,0.0000,-2.3924,0.0039,-69.00,5.0833,30,reversal
T,Long,2023-03-07T15:00:00+00:00,2023-03-07T15:35:00+00:00,18.8300,18.7500,0.2049,-2.3892,2.5941,0.0026,928.00,0.5833,30,reversal
CRM,Short,2023-03-07T15:00:00+00:00,2023-03-07T20:45:00+00:00,184.9700,183.3200,0.7570,-2.3892,3.1462,0.0058,-94.00,5.7500,30,eod
FCX,Short,2023-03-07T15:25:00+00:00,2023-03-07T20:45:00+00:00,40.8200,40.0200,-2.8476,-1.6471,-1.2005,0.0102,-428.00,5.3333,55,eod
DE,Long,2023-03-08T15:00:00+00:00,2023-03-08T16:15:00+00:00,424.4600,422.5600,1.7037,-0.9003,2.6040,0.0051,41.00,1.2500,30,reversal
MSFT,Short,2023-03-08T15:00:00+00:00,2023-03-08T20:45:00+00:00,251.5400,253.6900,-2.4826,-0.9003,-1.5822,0.0035,-69.00,5.7500,30,eod
MPC,Long,2023-03-08T16:40:00+00:00,2023-03-08T20:45:00+00:00,127.3500,127.6500,-2.5169,0.5236,-3.0405,0.0100,137.00,4.0833,130,eod
T,Short,2023-03-08T15:00:00+00:00,2023-03-08T20:45:00+00:00,18.5100,18.6200,2.8081,-0.9003,3.7084,0.0031,-950.00,5.7500,30,eod
CAT,Short,2023-03-09T15:00:00+00:00,2023-03-09T19:35:00+00:00,248.8500,243.6400,-0.8107,1.6725,-2.4833,0.0047,-70.00,4.5833,30,reversal
AVGO,Long,2023-03-09T15:00:00+00:00,2023-03-09T20:45:00+00:00,64.0900,62.4600,3.4853,1.6725,1.8128,0.0042,272.00,5.7500,30,eod
GE,Short,2023-03-09T19:25:00+00:00,2023-03-09T20:45:00+00:00,74.1800,73.0100,1.1731,-2.0472,3.2203,0.0113,-233.00,1.3333,295,eod
JPM,Long,2023-03-09T15:00:00+00:00,2023-03-09T20:45:00+00:00,135.3600,130.3000,-2.9945,1.6725,-4.6671,0.0042,129.00,5.7500,30,eod
CVX,Short,2023-03-10T15:00:00+00:00,2023-03-10T15:40:00+00:00,163.6200,161.1200,2.8525,-0.4041,3.2566,0.0049,-105.00,0.6667,30,reversal
PFE,Long,2023-03-10T15:00:00+00:00,2023-03-10T16:30:00+00:00,39.8100,39.7700,2.1511,-0.4041,2.5552,0.0040,434.00,1.5000,30,reversal
DE,Short,2023-03-10T15:00:00+00:00,2023-03-10T20:45:00+00:00,410.5400,395.5300,-2.2577,-0.4041,-1.8536,0.0062,-42.00,5.7500,30,eod
DE,Long,2023-03-10T16:25:00+00:00,2023-03-10T20:45:00+00:00,410.7500,395.5300,-1.7298,1.2918,-3.0216,0.0078,42.00,4.3333,115,eod
SCHW,Long,2023-03-13T14:00:00+00:00,2023-03-13T14:10:00+00:00,49.5900,47.4400,4.6808,2.5932,2.0876,0.0084,345.00,0.1667,30,reversal
CVX,Short,2023-03-13T14:40:00+00:00,2023-03-13T15:50:00+00:00,159.2500,159.9800,5.3441,2.1792,3.1649,0.0063,-106.00,1.1667,70,reversal
AMD,Long,2023-03-13T14:00:00+00:00,2023-03-13T19:45:00+00:00,80.4800,82.5000,-0.8712,2.5932,-3.4644,0.0069,213.00,5.7500,30,eod
QCOM,Short,2023-03-13T14:00:00+00:00,2023-03-13T19:45:00+00:00,113.8700,115.2200,-0.0905,2.5932,-2.6838,0.0048,-150.00,5.7500,30,eod
LIN,Long,2023-03-14T14:00:00+00:00,2023-03-14T16:00:00+00:00,342.5200,344.6700,2.9836,1.3064,1.6771,0.0030,49.00,2.0000,30,reversal
SCHW,Long,2023-03-14T14:00:00+00:00,2023-03-14T19:45:00+00:00,56.6600,56.8800,-3.9184,1.3064,-5.2249,0.0109,299.00,5.7500,30,eod
HD,Short,2023-03-14T14:00:00+00:00,2023-03-14T19:45:00+00:00,285.1100,284.0700,-1.4094,1.3064,-2.7159,0.0043,-59.00,5.7500,30,eod
AVGO,Short,2023-03-15T14:00:00+00:00,2023-03-15T19:45:00+00:00,62.1400,62.3000,-2.2618,-0.2597,-2.0021,0.0057,-273.00,5.7500,30,eod
SCHW,Long,2023-03-15T14:00:00+00:00,2023-03-15T19:45:00+00:00,56.9400,59.7700,2.4502,-0.2597,2.7099,0.0130,298.00,5.7500,30,eod
SCHW,Short,2023-03-15T14:05:00+00:00,2023-03-15T19:45:00+00:00,57.4400,59.7700,2.7550,-0.2880,3.0430,0.0149,-296.00,5.6667,35,eod
AMD,Long,2023-03-16T14:00:00+00:00,2023-03-16T16:50:00+00:00,92.8700,95.8800,4.0917,1.4433,2.6484,0.0099,180.00,2.8333,30,reversal
AMD,Short,2023-03-16T14:05:00+00:00,2023-03-16T16:50:00+00:00,92.7500,95.8800,4.1106,0.6635,3.4471,0.0095,-181.00,2.7500,35,reversal
GS,Short,2023-03-16T14:00:00+00:00,2023-03-16T19:45:00+00:00,307.1100,315.2700,-1.5495,1.4433,-2.9928,0.0060,-54.00,5.7500,30,eod
SCHW,Long,2023-03-16T14:00:00+00:00,2023-03-16T19:45:00+00:00,56.4500,58.2700,-2.0945,1.4433,-3.5378,0.0148,297.00,5.7500,30,eod
BAC,Short,2023-03-17T14:00:00+00:00,2023-03-17T16:25:00+00:00,28.1800,28.0300,-1.1182,1.6661,-2.7844,0.0069,-589.00,2.4167,30,reversal
BAC,Long,2023-03-17T14:05:00+00:00,2023-03-17T16:25:00+00:00,27.9000,28.0300,-2.0011,1.2305,-3.2316,0.0088,597.00,2.3333,35,reversal
PYPL,Long,2023-03-17T14:00:00+00:00,2023-03-17T16:35:00+00:00,74.7000,73.2400,2.9288,1.6661,1.2627,0.0047,222.00,2.5833,30,reversal
UNH,Long,2023-03-20T14:00:00+00:00,2023-03-20T15:30:00+00:00,478.4300,475.9800,2.9193,0.5137,2.4056,0.0039,34.00,1.5000,30,reversal
AMD,Short,2023-03-20T14:00:00+00:00,2023-03-20T19:45:00+00:00,94.0600,96.4300,-1.7539,0.5137,-2.2676,0.0112,-176.00,5.7500,30,eod
TSLA,Short,2023-03-20T14:15:00+00:00,2023-03-20T19:45:00+00:00,182.5600,183.2700,2.6563,-0.3717,3.0280,0.0113,-90.00,5.5000,45,eod
LIN,Short,2023-03-21T14:00:00+00:00,2023-03-21T19:45:00+00:00,341.1200,342.0500,-1.9459,-0.1235,-1.8224,0.0034,-47.00,5.7500,30,eod
PYPL,Long,2023-03-21T14:00:00+00:00,2023-03-21T19:45:00+00:00,75.2300,76.7900,1.8724,-0.1235,1.9958,0.0047,217.00,5.7500,30,eod
NVDA,Long,2023-03-22T14:00:00+00:00,2023-03-22T19:45:00+00:00,26.9600,26.8300,2.9415,0.4045,2.5370,0.0080,610.00,5.7500,30,eod
HD,Short,2023-03-22T14:00:00+00:00,2023-03-22T19:45:00+00:00,287.7300,285.5300,-1.5666,0.4045,-1.9711,0.0044,-57.00,5.7500,30,eod
NFLX,Long,2023-03-23T14:00:00+00:00,2023-03-23T19:45:00+00:00,31.9000,31.9100,2.8916,0.5401,2.3515,0.0096,515.00,5.7500,30,eod
SLB,Short,2023-03-23T14:00:00+00:00,2023-03-23T19:45:00+00:00,47.1100,45.5400,-1.3613,0.5401,-1.9015,0.0085,-349.00,5.7500,30,eod
HD,Long,2023-03-23T14:25:00+00:00,2023-03-23T19:45:00+00:00,282.3800,284.3500,-2.0888,1.0222,-3.1110,0.0037,58.00,5.3333,55,eod
CRM,Long,2023-03-24T14:00:00+00:00,2023-03-24T15:05:00+00:00,188.3100,186.8800,1.7771,0.1413,1.6359,0.0044,88.00,1.0833,30,reversal
JPM,Short,2023-03-24T14:00:00+00:00,2023-03-24T19:45:00+00:00,124.1600,124.8300,-1.6923,0.1413,-1.8335,0.0060,-134.00,5.7500,30,eod
PFE,Short,2023-03-27T14:00:00+00:00,2023-03-27T15:10:00+00:00,40.0500,40.3000,-1.9018,0.5226,-2.4245,0.0065,-413.00,1.1667,30,reversal
NFLX,Long,2023-03-27T14:00:00+00:00,2023-03-27T19:45:00+00:00,33.4700,32.8300,2.1459,0.5226,1.6233,0.0105,494.00,5.7500,30,eod
LLY,Short,2023-03-27T15:05:00+00:00,2023-03-27T19:45:00+00:00,334.9500,335.1800,2.0970,-0.9055,3.0025,0.0085,-49.00,4.6667,95,eod
QCOM,Short,2023-03-28T16:25:00+00:00,2023-03-28T19:45:00+00:00,120.5600,120.7300,-1.8057,-0.7735,-1.0322,0.0092,-135.00,3.3333,175,eod
XOM,Long,2023-03-28T14:00:00+00:00,2023-03-28T19:45:00+00:00,106.9200,107.0900,1.4140,-0.9737,2.3877,0.0071,153.00,5.7500,30,eod
MPC,Short,2023-03-28T14:30:00+00:00,2023-03-28T19:45:00+00:00,130.4600,131.4700,1.7280,-1.3772,3.1052,0.0065,-125.00,5.2500,60,eod
MPC,Short,2023-03-29T14:00:00+00:00,2023-03-29T14:55:00+00:00,133.6200,134.3500,-1.1141,0.5767,-1.6908,0.0086,-122.00,0.9167,30,reversal
NKE,Long,2023-03-29T14:00:00+00:00,2023-03-29T19:45:00+00:00,119.9000,120.5100,1.8148,0.5767,1.2381,0.0058,136.00,5.7500,30,eod
T,Long,2023-03-30T14:00:00+00:00,2023-03-30T14:55:00+00:00,19.1000,19.0100,1.2752,0.2037,1.0715,0.0037,855.00,0.9167,30,reversal
MU,Short,2023-03-30T14:00:00+00:00,2023-03-30T19:45:00+00:00,63.3500,62.8900,-1.8971,0.2037,-2.1009,0.0057,-257.00,5.7500,30,eod
SBUX,Long,2023-03-31T14:00:00+00:00,2023-03-31T16:50:00+00:00,103.7700,103.4700,2.3302,0.4946,1.8356,0.0036,157.00,2.8333,30,reversal
SLB,Short,2023-03-31T14:00:00+00:00,2023-03-31T19:45:00+00:00,48.7700,49.0800,-1.0130,0.4946,-1.5076,0.0070,-334.00,5.7500,30,eod
CAT,Long,2023-04-03T14:00:00+00:00,2023-04-03T14:50:00+00:00,233.5900,230.3900,2.9737,0.2102,2.7635,0.0037,69.00,0.8333,30,reversal
MPC,Short,2023-04-03T14:00:00+00:00,2023-04-03T16:50:00+00:00,133.7000,135.4400,-2.3367,0.2102,-2.5469,0.0081,-121.00,2.8333,30,reversal
TSLA,Long,2023-04-03T14:00:00+00:00,2023-04-03T19:45:00+00:00,197.7000,194.7200,-2.9006,0.2102,-3.1108,0.0083,82.00,5.7500,30,eod
UNH,Short,2023-04-03T14:00:00+00:00,2023-04-03T19:45:00+00:00,493.1700,495.6200,3.7137,0.2102,3.5035,0.0044,-32.00,5.7500,30,eod
TSLA,Short,2023-04-04T14:00:00+00:00,2023-04-04T19:45:00+00:00,195.1900,191.5300,-1.8465,0.9478,-2.7943,0.0089,-82.00,5.7500,30,eod
CAT,Long,2023-04-04T14:00:00+00:00,2023-04-04T19:45:00+00:00,225.1700,216.8100,-2.8731,0.9478,-3.8210,0.0045,71.00,5.7500,30,eod
NKE,Long,2023-04-04T14:00:00+00:00,2023-04-04T19:45:00+00:00,123.0800,123.7100,2.0144,0.9478,1.0665,0.0056,130.00,5.7500,30,eod
DE,Long,2023-04-05T16:05:00+00:00,2023-04-05T19:45:00+00:00,374.4400,373.0800,-4.7751,-1.7720,-3.0031,0.0086,42.00,3.6667,155,eod
HD,Short,2023-04-05T14:00:00+00:00,2023-04-05T19:45:00+00:00,291.7100,289.0000,-3.2300,-1.6286,-1.6014,0.0036,-54.00,5.7500,30,eod
PFE,Short,2023-04-05T14:00:00+00:00,2023-04-05T19:45:00+00:00,41.8200,41.6900,3.1202,-1.6286,4.7488,0.0045,-380.00,5.7500,30,eod
T,Long,2023-04-05T14:00:00+00:00,2023-04-05T19:45:00+00:00,19.6900,19.8900,1.1183,-1.6286,2.7469,0.0032,808.00,5.7500,30,eod
QCOM,Long,2023-04-06T14:00:00+00:00,2023-04-06T14:15:00+00:00,123.1100,123.3400,2.9373,1.5960,1.3413,0.0051,129.00,0.2500,30,reversal
NKE,Short,2023-04-06T14:00:00+00:00,2023-04-06T19:45:00+00:00,118.2600,120.2800,-1.2362,1.5960,-2.8322,0.0056,-135.00,5.7500,30,eod
SBUX,Long,2023-04-06T14:00:00+00:00,2023-04-06T19:45:00+00:00,104.2400,104.7700,-2.9718,1.5960,-4.5679,0.0027,153.00,5.7500,30,eod
QCOM,Long,2023-04-10T14:00:00+00:00,2023-04-10T18:40:00+00:00,122.9000,123.9500,1.4962,-1.4091,2.9053,0.0055,129.00,4.6667,30,reversal
MSFT,Short,2023-04-10T14:00:00+00:00,2023-04-10T19:45:00+00:00,285.1300,288.8400,-2.7412,-1.4091,-1.3321,0.0045,-55.00,5.7500,30,eod
COP,Long,2023-04-10T18:55:00+00:00,2023-04-10T19:45:00+00:00,106.0400,105.8300,-1.4217,1.7745,-3.1962,0.0090,149.00,0.8333,325,eod
CAT,Short,2023-04-10T14:00:00+00:00,2023-04-10T19:45:00+00:00,215.8300,215.3900,4.2892,-1.4091,5.6983,0.0057,-73.00,5.7500,30,eod
FCX,Long,2023-04-11T14:00:00+00:00,2023-04-11T19:45:00+00:00,41.2700,41.3000,1.3308,-1.5565,2.8873,0.0046,384.00,5.7500,30,eod
COIN,Short,2023-04-11T14:00:00+00:00,2023-04-11T19:45:00+00:00,71.5400,69.8700,2.1781,-1.5565,3.7345,0.0177,-222.00,5.7500,30,eod
PYPL,Short,2023-04-11T14:00:00+00:00,2023-04-11T19:45:00+00:00,74.7100,73.6100,-3.4500,-1.5565,-1.8935,0.0061,-212.00,5.7500,30,eod
ADBE,Short,2023-04-12T14:20:00+00:00,2023-04-12T19:45:00+00:00,372.9600,369.5900,-3.2325,-1.2494,-1.9831,0.0033,-42.00,5.4167,50,eod
DE,Long,2023-04-12T14:00:00+00:00,2023-04-12T19:45:00+00:00,387.4600,383.7200,0.6090,-2.3123,2.9213,0.0059,41.00,5.7500,30,eod
LLY,Short,2023-04-12T14:00:00+00:00,2023-04-12T19:45:00+00:00,367.1400,369.1500,1.6992,-2.3123,4.0115,0.0050,-43.00,5.7500,30,eod
QCOM,Short,2023-04-13T14:00:00+00:00,2023-04-13T19:45:00+00:00,119.3800,121.3900,-1.4782,0.6747,-2.1529,0.0059,-134.00,5.7500,30,eod
AMZN,Long,2023-04-13T14:00:00+00:00,2023-04-13T19:45:00+00:00,100.1600,102.3400,2.5606,0.6747,1.8859,0.0041,159.00,5.7500,30,eod
LOW,Long,2023-04-13T14:00:00+00:00,2023-04-13T19:45:00+00:00,196.4400,201.5800,-3.2788,0.6747,-3.9535,0.0048,81.00,5.7500,30,eod
BAC,Short,2023-04-14T14:00:00+00:00,2023-04-14T14:45:00+00:00,29.4800,29.4100,0.1331,2.8800,-2.7470,0.0051,-547.00,0.7500,30,reversal
GE,Long,2023-04-14T14:05:00+00:00,2023-04-14T19:45:00+00:00,75.6000,76.2300,1.9344,0.7851,1.1493,0.0050,213.00,5.6667,35,eod
GE,Short,2023-04-14T17:25:00+00:00,2023-04-14T19:45:00+00:00,75.7400,76.2300,2.1046,-0.9277,3.0324,0.0055,-213.00,2.3333,235,eod
UNH,Long,2023-04-14T14:00:00+00:00,2023-04-14T19:45:00+00:00,512.1900,511.8900,-3.5097,2.8800,-6.3897,0.0064,31.00,5.7500,30,eod
ADBE,Short,2023-04-17T14:05:00+00:00,2023-04-17T19:45:00+00:00,376.7700,377.5600,-2.2495,-0.9829,-1.2666,0.0039,-42.00,5.6667,35,eod
GS,Long,2023-04-17T14:00:00+00:00,2023-04-17T19:45:00+00:00,337.4500,339.1000,1.5131,-0.8593,2.3725,0.0035,47.00,5.7500,30,eod
SCHW,Short,2023-04-17T14:00:00+00:00,2023-04-17T19:45:00+00:00,51.4800,52.4600,4.1071,-0.8593,4.9664,0.0088,-312.00,5.7500,30,eod
MU,Short,2023-04-18T14:00:00+00:00,2023-04-18T14:35:00+00:00,61.9100,61.9100,-2.6785,-1.5309,-1.1476,0.0059,-258.00,0.5833,30,reversal
AAPL,Long,2023-04-18T14:00:00+00:00,2023-04-18T19:45:00+00:00,166.6600,166.2800,1.1664,-1.5309,2.6973,0.0037,96.00,5.7500,30,eod
GS,Short,2023-04-18T14:05:00+00:00,2023-04-18T19:45:00+00:00,330.8700,335.0000,2.2467,-1.2921,3.5388,0.0030,-48.00,5.6667,35,eod
COP,Short,2023-04-19T14:00:00+00:00,2023-04-19T14:25:00+00:00,103.7200,104.3700,-2.4113,0.0000,-2.4113,0.0034,-153.00,0.4167,30,reversal
NFLX,Long,2023-04-19T14:00:00+00:00,2023-04-19T15:30:00+00:00,32.3900,31.9500,2.1857,0.0000,2.1857,0.0066,491.00,1.5000,30,reversal
UNH,Long,2023-04-19T17:10:00+00:00,2023-04-19T19:45:00+00:00,487.5200,484.4000,-1.8581,1.1670,-3.0252,0.0100,32.00,2.5833,220,eod
COP,Short,2023-04-20T14:00:00+00:00,2023-04-20T19:30:00+00:00,102.9500,103.2600,-1.8968,0.8465,-2.7433,0.0038,-153.00,5.5000,30,reversal
MU,Long,2023-04-20T14:00:00+00:00,2023-04-20T19:45:00+00:00,61.4300,61.2100,2.6162,0.8465,1.7697,0.0065,256.00,5.7500,30,eod
T,Long,2023-04-20T14:00:00+00:00,2023-04-20T19:45:00+00:00,18.1100,17.5600,-3.0368,0.8465,-3.8833,0.0034,870.00,5.7500,30,eod
SLB,Short,2023-04-21T14:00:00+00:00,2023-04-21T19:45:00+00:00,50.1300,49.4600,-3.2047,-1.6627,-1.5420,0.0058,-310.00,5.7500,30,eod
SLB,Long,2023-04-21T15:05:00+00:00,2023-04-21T19:45:00+00:00,49.5000,49.4600,-3.2681,0.0285,-3.2967,0.0095,315.00,4.6667,95,eod
JPM,Long,2023-04-21T14:00:00+00:00,2023-04-21T19:45:00+00:00,139.8100,140.6400,0.9818,-1.6627,2.6446,0.0045,111.00,5.7500,30,eod
BAC,Short,2023-04-21T14:00:00+00:00,2023-04-21T19:45:00+00:00,29.7900,29.8800,1.8633,-1.6627,3.5260,0.0047,-522.00,5.7500,30,eod
SLB,Long,2023-04-24T14:00:00+00:00,2023-04-24T19:45:00+00:00,50.2000,50.3100,2.3652,-0.1118,2.4770,0.0063,310.00,5.7500,30,eod
SLB,Short,2023-04-24T14:30:00+00:00,2023-04-24T19:45:00+00:00,50.5800,50.3100,2.9015,-0.5331,3.4346,0.0078,-309.00,5.2500,60,eod
T,Short,2023-04-24T14:00:00+00:00,2023-04-24T19:45:00+00:00,17.9300,17.5400,-1.8527,-0.1118,-1.7409,0.0036,-870.00,5.7500,30,eod
T,Long,2023-04-24T14:20:00+00:00,2023-04-24T19:45:00+00:00,17.8200,17.5400,-2.8074,0.2205,-3.0279,0.0045,879.00,5.4167,50,eod
GE,Short,2023-04-25T14:05:00+00:00,2023-04-25T14:30:00+00:00,80.1500,78.5100,2.5267,-0.6127,3.1394,0.0046,-194.00,0.4167,35,reversal
SLB,Short,2023-04-25T14:00:00+00:00,2023-04-25T16:30:00+00:00,48.6500,48.6600,-1.8837,-0.3884,-1.4954,0.0071,-320.00,2.5000,30,reversal
LIN,Long,2023-04-25T14:00:00+00:00,2023-04-25T19:45:00+00:00,367.1500,366.7200,2.1178,-0.3884,2.5061,0.0027,42.00,5.7500,30,eod
META,Long,2023-04-26T14:00:00+00:00,2023-04-26T16:30:00+00:00,212.8800,210.7800,2.7953,0.7758,2.0195,0.0060,73.00,2.5000,30,reversal
GOOGL,Short,2023-04-26T14:00:00+00:00,2023-04-26T16:35:00+00:00,106.0200,103.5000,4.0609,0.7758,3.2851,0.0074,-147.00,2.5833,30,reversal
TXN,Short,2023-04-26T14:00:00+00:00,2023-04-26T19:45:00+00:00,164.8100,164.2000,-2.1629,0.7758,-2.9387,0.0048,-95.00,5.7500,30,eod
LLY,Long,2023-04-26T14:00:00+00:00,2023-04-26T19:45:00+00:00,373.0700,376.1700,-3.9084,0.7758,-4.6842,0.0041,42.00,5.7500,30,eod
NVDA,Short,2023-04-27T14:00:00+00:00,2023-04-27T19:45:00+00:00,26.6600,27.2000,-2.5904,0.3626,-2.9530,0.0086,-592.00,5.7500,30,eod
MSFT,Long,2023-04-27T14:00:00+00:00,2023-04-27T19:45:00+00:00,300.9900,304.8500,2.6724,0.3626,2.3098,0.0048,52.00,5.7500,30,eod
LLY,Long,2023-04-27T14:00:00+00:00,2023-04-27T19:45:00+00:00,385.9200,390.7200,-3.6964,0.3626,-4.0590,0.0052,40.00,5.7500,30,eod
BAC,Long,2023-04-28T14:00:00+00:00,2023-04-28T14:30:00+00:00,29.0600,29.1700,2.5155,0.3196,2.1959,0.0053,543.00,0.5000,30,reversal
QCOM,Short,2023-04-28T14:00:00+00:00,2023-04-28T19:45:00+00:00,114.0500,116.5200,-2.4932,0.3196,-2.8128,0.0063,-138.00,5.7500,30,eod
QCOM,Long,2023-04-28T14:05:00+00:00,2023-04-28T19:45:00+00:00,114.7500,116.5200,-2.0679,1.1572,-3.2251,0.0046,137.00,5.6667,35,eod
BAC,Short,2023-04-28T15:10:00+00:00,2023-04-28T19:45:00+00:00,29.3200,29.2300,3.1000,-0.0156,3.1156,0.0072,-537.00,4.5833,100,eod
FCX,Short,2023-05-01T14:00:00+00:00,2023-05-01T19:45:00+00:00,38.0200,37.5600,-2.4493,-0.2190,-2.2303,0.0044,-416.00,5.7500,30,eod
LLY,Long,2023-05-01T14:00:00+00:00,2023-05-01T19:45:00+00:00,399.1000,405.6900,2.1274,-0.2190,2.3464,0.0060,39.00,5.7500,30,eod
LLY,Short,2023-05-01T14:20:00+00:00,2023-05-01T19:45:00+00:00,400.8400,405.6900,2.6298,-0.3982,3.0280,0.0065,-39.00,5.4167,50,eod
COIN,Long,2023-05-01T16:15:00+00:00,2023-05-01T19:45:00+00:00,48.9400,50.3000,-2.9775,0.1309,-3.1084,0.0238,324.00,3.5000,165,eod
AMZN,Long,2023-05-02T14:00:00+00:00,2023-05-02T19:45:00+00:00,102.9200,103.6000,1.3857,-1.0056,2.3913,0.0072,155.00,5.7500,30,eod
CVX,Short,2023-05-02T14:00:00+00:00,2023-05-02T19:45:00+00:00,162.3400,160.2200,-3.5114,-1.0056,-2.5058,0.0036,-98.00,5.7500,30,eod
MPC,Long,2023-05-02T14:00:00+00:00,2023-05-02T19:45:00+00:00,117.9100,116.7000,-5.5972,-1.0056,-4.5916,0.0058,135.00,5.7500,30,eod
GE,Short,2023-05-02T14:00:00+00:00,2023-05-02T19:45:00+00:00,81.1200,80.7500,2.6233,-1.0056,3.6289,0.0040,-197.00,5.7500,30,eod
COIN,Long,2023-05-03T14:00:00+00:00,2023-05-03T14:50:00+00:00,51.3400,50.1800,2.3529,0.6725,1.6804,0.0109,312.00,0.8333,30,reversal
MPC,Short,2023-05-03T14:00:00+00:00,2023-05-03T19:45:00+00:00,114.5500,110.2500,-2.1418,0.6725,-2.8143,0.0067,-139.00,5.7500,30,eod
NKE,Short,2023-05-03T19:05:00+00:00,2023-05-03T19:45:00+00:00,127.6100,126.7100,2.9074,-0.1782,3.0857,0.0075,-125.00,0.6667,335,eod
SBUX,Long,2023-05-03T14:00:00+00:00,2023-05-03T19:45:00+00:00,105.4600,104.0100,-4.0010,0.6725,-4.6735,0.0042,151.00,5.7500,30,eod
CRM,Long,2023-05-04T14:00:00+00:00,2023-05-04T14:55:00+00:00,194.0500,192.1900,1.7300,-0.6369,2.3669,0.0043,82.00,0.9167,30,reversal
SBUX,Short,2023-05-04T14:20:00+00:00,2023-05-04T16:30:00+00:00,104.8800,104.1600,1.8820,-1.4131,3.2950,0.0037,-152.00,2.1667,50,reversal
GE,Short,2023-05-04T14:00:00+00:00,2023-05-04T19:45:00+00:00,79.7700,79.0600,-3.3856,-0.6369,-2.7487,0.0047,-201.00,5.7500,30,eod
DIS,Long,2023-05-04T14:00:00+00:00,2023-05-04T19:45:00+00:00,97.1400,97.3900,-4.5456,-0.6369,-3.9087,0.0042,165.00,5.7500,30,eod
AVGO,Long,2023-05-05T14:10:00+00:00,2023-05-05T14:20:00+00:00,62.3500,62.1500,3.4915,2.2401,1.2514,0.0041,257.00,0.1667,40,reversal
SLB,Short,2023-05-05T14:00:00+00:00,2023-05-05T19:45:00+00:00,46.0900,45.7400,-0.9735,1.8214,-2.7949,0.0095,-348.00,5.7500,30,eod
DE,Long,2023-05-05T14:00:00+00:00,2023-05-05T19:45:00+00:00,376.7700,381.5900,-1.6566,1.8214,-3.4780,0.0054,42.00,5.7500,30,eod
UNH,Long,2023-05-08T14:00:00+00:00,2023-05-08T18:50:00+00:00,493.5900,493.0400,1.9621,-0.5873,2.5493,0.0037,32.00,4.8333,30,reversal
ADBE,Short,2023-05-08T14:00:00+00:00,2023-05-08T19:45:00+00:00,341.9400,343.7000,-2.7792,-0.5873,-2.1919,0.0061,-47.00,5.7500,30,eod
SCHW,Long,2023-05-08T16:40:00+00:00,2023-05-08T19:45:00+00:00,47.7800,47.8300,-2.6280,0.3817,-3.0096,0.0154,335.00,3.0833,190,eod
COIN,Short,2023-05-08T14:00:00+00:00,2023-05-08T19:45:00+00:00,56.7200,58.2800,3.1754,-0.5873,3.7626,0.0109,-284.00,5.7500,30,eod
META,Long,2023-05-09T14:05:00+00:00,2023-05-09T19:45:00+00:00,233.6200,233.9500,1.2576,0.2559,1.0017,0.0065,68.00,5.6667,35,eod
PYPL,Short,2023-05-09T14:00:00+00:00,2023-05-09T19:45:00+00:00,67.4800,65.9600,-1.6913,1.1388,-2.8301,0.0077,-236.00,5.7500,30,eod
GE,Long,2023-05-10T14:05:00+00:00,2023-05-10T19:45:00+00:00,79.6200,79.3000,-2.4850,0.5828,-3.0678,0.0049,201.00,5.6667,35,eod
GS,Short,2023-05-10T14:00:00+00:00,2023-05-10T19:45:00+00:00,323.3700,323.1400,-2.4636,0.3847,-2.8484,0.0037,-49.00,5.7500,30,eod
COIN,Long,2023-05-10T14:05:00+00:00,2023-05-10T19:45:00+00:00,62.6200,62.6600,1.7074,0.5828,1.1245,0.0151,256.00,5.6667,35,eod
COIN,Short,2023-05-10T14:20:00+00:00,2023-05-10T19:45:00+00:00,63.2400,62.6600,2.8587,-0.2653,3.1240,0.0125,-254.00,5.4167,50,eod
TXN,Short,2023-05-11T14:00:00+00:00,2023-05-11T19:45:00+00:00,160.6100,161.0600,-2.2612,0.1985,-2.4597,0.0042,-100.00,5.7500,30,eod
META,Long,2023-05-11T14:00:00+00:00,2023-05-11T19:45:00+00:00,236.4400,235.8600,2.6169,0.1985,2.4184,0.0063,68.00,5.7500,30,eod
TSLA,Short,2023-05-12T19:30:00+00:00,2023-05-12T19:45:00+00:00,168.6000,167.5800,-2.4028,-1.3195,-1.0833,0.0177,-95.00,0.2500,360,eod
LIN,Long,2023-05-12T14:00:00+00:00,2023-05-12T19:45:00+00:00,368.6400,369.9000,-0.1837,-3.1572,2.9735,0.0043,43.00,5.7500,30,eod
T,Short,2023-05-12T14:00:00+00:00,2023-05-12T19:45:00+00:00,17.0800,17.0500,1.3030,-3.1572,4.4602,0.0041,-941.00,5.7500,30,eod
AMZN,Short,2023-05-15T14:00:00+00:00,2023-05-15T19:45:00+00:00,109.7700,111.0100,-2.6546,-0.9893,-1.6653,0.0082,-146.00,5.7500,30,eod
ADBE,Short,2023-05-15T14:00:00+00:00,2023-05-15T19:45:00+00:00,339.4500,345.7900,3.4497,-0.9893,4.4390,0.0056,-47.00,5.7500,30,eod
GE,Long,2023-05-15T14:00:00+00:00,2023-05-15T19:45:00+00:00,79.9800,81.1600,1.7143,-0.9893,2.7036,0.0054,201.00,5.7500,30,eod
SLB,Short,2023-05-16T14:00:00+00:00,2023-05-16T19:45:00+00:00,43.3700,43.2000,-2.0629,0.7574,-2.8203,0.0096,-369.00,5.7500,30,eod
LOW,Long,2023-05-16T14:00:00+00:00,2023-05-16T19:45:00+00:00,197.6000,199.0900,3.4226,0.7574,2.6652,0.0050,81.00,5.7500,30,eod
T,Long,2023-05-16T14:00:00+00:00,2023-05-16T19:45:00+00:00,16.7500,16.5700,-2.7150,0.7574,-3.4724,0.0039,956.00,5.7500,30,eod
NFLX,Long,2023-05-17T14:00:00+00:00,2023-05-17T19:45:00+00:00,33.4500,34.0500,1.2785,-1.6228,2.9013,0.0064,478.00,5.7500,30,eod
FCX,Short,2023-05-17T14:05:00+00:00,2023-05-17T19:45:00+00:00,35.5500,35.8600,-2.3620,-1.0214,-1.3406,0.0073,-449.00,5.6667,35,eod
LOW,Short,2023-05-17T14:00:00+00:00,2023-05-17T19:45:00+00:00,202.6300,207.0100,2.5250,-1.6228,4.1478,0.0055,-78.00,5.7500,30,eod
PFE,Long,2023-05-17T18:30:00+00:00,2023-05-17T19:45:00+00:00,36.7000,36.7300,-1.4931,1.5313,-3.0243,0.0056,434.00,1.2500,300,eod
NFLX,Long,2023-05-18T14:00:00+00:00,2023-05-18T19:45:00+00:00,36.2400,37.1300,3.5710,1.3343,2.2367,0.0077,439.00,5.7500,30,eod
SCHW,Long,2023-05-18T14:00:00+00:00,2023-05-18T19:45:00+00:00,51.1000,51.6500,-1.7957,1.3343,-3.1300,0.0086,311.00,5.7500,30,eod
UNH,Short,2023-05-18T14:00:00+00:00,2023-05-18T19:45:00+00:00,478.7700,478.3200,-1.5736,1.3343,-2.9079,0.0036,-33.00,5.7500,30,eod
UNH,Long,2023-05-19T14:00:00+00:00,2023-05-19T19:05:00+00:00,482.7500,478.6100,1.3353,-1.1547,2.4899,0.0034,33.00,5.0833,30,reversal
META,Short,2023-05-19T14:00:00+00:00,2023-05-19T19:45:00+00:00,244.7600,244.8800,-2.2631,-1.1547,-1.1085,0.0065,-65.00,5.7500,30,eod
DE,Long,2023-05-19T14:15:00+00:00,2023-05-19T19:45:00+00:00,371.0700,364.4200,-3.9394,-0.0833,-3.8560,0.0100,43.00,5.5000,45,eod
NVDA,Long,2023-05-22T14:00:00+00:00,2023-05-22T19:45:00+00:00,31.2800,31.1600,2.1692,1.0364,1.1327,0.0058,509.00,5.7500,30,eod
CAT,Short,2023-05-22T14:00:00+00:00,2023-05-22T19:45:00+00:00,213.5300,214.2900,-1.8741,1.0364,-2.9105,0.0066,-74.00,5.7500,30,eod
JPM,Long,2023-05-22T14:00:00+00:00,2023-05-22T19:45:00+00:00,139.6700,138.0000,-2.9466,1.0364,-3.9830,0.0042,114.00,5.7500,30,eod
PFE,Short,2023-05-22T15:10:00+00:00,2023-05-22T19:45:00+00:00,37.9000,38.7000,4.0116,0.3640,3.6476,0.0070,-419.00,4.5833,100,eod
AVGO,Long,2023-05-23T14:00:00+00:00,2023-05-23T16:50:00+00:00,68.3600,69.1200,-3.8587,0.1940,-4.0527,0.0050,229.00,2.8333,30,reversal
CVX,Long,2023-05-23T14:00:00+00:00,2023-05-23T19:45:00+00:00,157.4000,156.9100,3.1288,0.1940,2.9349,0.0049,99.00,5.7500,30,eod
LIN,Short,2023-05-23T14:00:00+00:00,2023-05-23T19:45:00+00:00,358.0300,355.1400,-2.1262,0.1940,-2.3201,0.0046,-43.00,5.7500,30,eod
PFE,Short,2023-05-23T14:45:00+00:00,2023-05-23T19:45:00+00:00,38.7300,39.7900,3.1158,-0.0349,3.1507,0.0046,-405.00,5.0000,75,eod
UNH,Long,2023-05-24T14:00:00+00:00,2023-05-24T19:45:00+00:00,482.0100,481.7300,0.9002,-1.5921,2.4922,0.0040,32.00,5.7500,30,eod
LLY,Short,2023-05-24T14:00:00+00:00,2023-05-24T19:45:00+00:00,425.5500,425.4300,1.8489,-1.5921,3.4410,0.0062,-36.00,5.7500,30,eod
PFE,Short,2023-05-24T14:00:00+00:00,2023-05-24T19:45:00+00:00,39.0500,38.8200,-4.5710,-1.5921,-2.9789,0.0041,-399.00,5.7500,30,eod
PFE,Long,2023-05-24T14:05:00+00:00,2023-05-24T19:45:00+00:00,38.8500,38.8200,-5.4379,-1.8262,-3.6116,0.0044,402.00,5.6667,35,eod
LIN,Short,2023-05-25T14:15:00+00:00,2023-05-25T14:50:00+00:00,358.4300,356.9100,2.0341,-0.9839,3.0179,0.0037,-43.00,0.5833,45,reversal
NVDA,Long,2023-05-25T14:00:00+00:00,2023-05-25T16:30:00+00:00,38.4100,38.3100,3.0813,0.1887,2.8926,0.0067,406.00,2.5000,30,reversal
META,Short,2023-05-25T14:00:00+00:00,2023-05-25T19:45:00+00:00,249.6800,253.2400,-1.8560,0.1887,-2.0447,0.0070,-62.00,5.7500,30,eod
T,Long,2023-05-25T14:00:00+00:00,2023-05-25T19:45:00+00:00,15.3800,15.2000,-2.8971,0.1887,-3.0858,0.0042,1015.00,5.7500,30,eod
AVGO,Long,2023-05-26T16:35:00+00:00,2023-05-26T19:45:00+00:00,78.8900,81.1800,5.0452,3.7969,1.2483,0.0096,195.00,3.1667,185,eod
SLB,Long,2023-05-26T14:00:00+00:00,2023-05-26T19:45:00+00:00,45.1600,44.5300,-1.8650,3.4619,-5.3268,0.0077,342.00,5.7500,30,eod
PFE,Short,2023-05-26T14:00:00+00:00,2023-05-26T19:45:00+00:00,38.0700,37.6900,0.4903,3.4619,-2.9716,0.0038,-406.00,5.7500,30,eod
NFLX,Short,2023-05-30T14:00:00+00:00,2023-05-30T14:45:00+00:00,38.7400,39.6800,-4.0356,-2.5350,-1.5006,0.0090,-401.00,0.7500,30,reversal
AVGO,Short,2023-05-30T14:00:00+00:00,2023-05-30T16:00:00+00:00,87.4400,84.6300,4.1470,-2.5350,6.6820,0.0058,-178.00,2.0000,30,reversal
SLB,Long,2023-05-30T14:00:00+00:00,2023-05-30T19:45:00+00:00,43.7100,44.1600,0.4055,-2.5350,2.9405,0.0079,356.00,5.7500,30,eod
CAT,Short,2023-05-31T14:00:00+00:00,2023-05-31T14:20:00+00:00,206.6100,207.2600,-1.6457,0.7871,-2.4328,0.0058,-75.00,0.3333,30,reversal
JPM,Long,2023-05-31T14:00:00+00:00,2023-05-31T15:30:00+00:00,134.9900,134.9800,-2.3064,0.7871,-3.0935,0.0034,115.00,1.5000,30,reversal
META,Long,2023-05-31T14:00:00+00:00,2023-05-31T19:45:00+00:00,263.7500,264.0600,2.0974,0.7871,1.3103,0.0080,59.00,5.7500,30,eod
META,Short,2023-05-31T14:30:00+00:00,2023-05-31T19:45:00+00:00,262.7200,264.0600,1.8065,-1.2448,3.0512,0.0071,-59.00,5.2500,60,eod
GE,Long,2023-06-01T14:00:00+00:00,2023-06-01T19:45:00+00:00,82.3800,83.4300,2.9290,1.2213,1.7077,0.0057,188.00,5.7500,30,eod
JPM,Short,2023-06-01T14:00:00+00:00,2023-06-01T19:45:00+00:00,136.1500,137.5400,-1.1532,1.2213,-2.3746,0.0034,-114.00,5.7500,30,eod
GS,Long,2023-06-01T14:30:00+00:00,2023-06-01T19:45:00+00:00,316.0000,316.9000,-3.2991,0.3953,-3.6944,0.0058,49.00,5.2500,60,eod
CRM,Short,2023-06-02T14:55:00+00:00,2023-06-02T19:45:00+00:00,212.2200,212.4900,-1.6828,-0.5058,-1.1770,0.0082,-73.00,4.8333,85,eod
GS,Short,2023-06-02T14:00:00+00:00,2023-06-02T19:45:00+00:00,321.3800,322.9400,3.5314,-2.5250,6.0564,0.0039,-48.00,5.7500,30,eod
HD,Long,2023-06-02T14:00:00+00:00,2023-06-02T19:45:00+00:00,293.2500,295.8100,0.4391,-2.5250,2.9641,0.0076,53.00,5.7500,30,eod
SBUX,Long,2023-06-05T14:00:00+00:00,2023-06-05T14:55:00+00:00,100.6300,100.0600,2.2898,0.4824,1.8073,0.0041,154.00,0.9167,30,reversal
XOM,Long,2023-06-05T14:05:00+00:00,2023-06-05T19:45:00+00:00,106.0500,105.5400,-2.9430,0.2426,-3.1856,0.0031,147.00,5.6667,35,eod
SLB,Short,2023-06-05T14:00:00+00:00,2023-06-05T19:45:00+00:00,46.6300,46.4100,-2.3692,0.4824,-2.8516,0.0073,-333.00,5.7500,30,eod
LIN,Short,2023-06-05T18:30:00+00:00,2023-06-05T19:45:00+00:00,366.4600,363.8000,2.5090,-0.5583,3.0673,0.0072,-42.00,1.2500,300,eod
QCOM,Long,2023-06-06T14:00:00+00:00,2023-06-06T19:45:00+00:00,114.4500,116.0900,2.9005,0.3943,2.5062,0.0062,135.00,5.7500,30,eod
QCOM,Short,2023-06-06T15:20:00+00:00,2023-06-06T19:45:00+00:00,116.0100,116.0900,3.7279,0.7002,3.0277,0.0085,-134.00,4.4167,110,eod
SBUX,Short,2023-06-06T14:00:00+00:00,2023-06-06T19:45:00+00:00,98.0600,98.2600,-2.5398,0.3943,-2.9341,0.0045,-158.00,5.7500,30,eod
UNH,Long,2023-06-06T14:00:00+00:00,2023-06-06T19:45:00+00:00,489.6300,487.0500,-2.6278,0.3943,-3.0221,0.0058,31.00,5.7500,30,eod
MSFT,Short,2023-06-07T14:00:00+00:00,2023-06-07T19:45:00+00:00,329.4900,322.8300,-3.5816,-1.3218,-2.2598,0.0038,-47.00,5.7500,30,eod
COP,Short,2023-06-07T14:00:00+00:00,2023-06-07T19:45:00+00:00,105.0100,104.8300,3.1575,-1.3218,4.4793,0.0070,-148.00,5.7500,30,eod
NKE,Long,2023-06-07T14:00:00+00:00,2023-06-07T19:45:00+00:00,106.6000,107.4800,1.5388,-1.3218,2.8606,0.0044,145.00,5.7500,30,eod
LIN,Short,2023-06-08T14:00:00+00:00,2023-06-08T19:45:00+00:00,360.1200,362.1100,-1.4993,1.1300,-2.6293,0.0044,-43.00,5.7500,30,eod
SCHW,Long,2023-06-08T14:00:00+00:00,2023-06-08T19:45:00+00:00,54.0900,55.1100,-2.2903,1.1300,-3.4203,0.0093,290.00,5.7500,30,eod
LLY,Long,2023-06-08T14:00:00+00:00,2023-06-08T19:45:00+00:00,442.2700,445.7800,2.7132,1.1300,1.5832,0.0048,35.00,5.7500,30,eod
QCOM,Long,2023-06-09T14:00:00+00:00,2023-06-09T19:45:00+00:00,120.4400,119.0400,3.0365,1.4644,1.5721,0.0072,130.00,5.7500,30,eod
SBUX,Short,2023-06-09T14:00:00+00:00,2023-06-09T19:45:00+00:00,98.2900,97.9700,-0.7134,1.4644,-2.1778,0.0048,-160.00,5.7500,30,eod
FCX,Short,2023-06-12T14:15:00+00:00,2023-06-12T19:45:00+00:00,37.7200,37.8200,2.5136,-0.5233,3.0369,0.0051,-416.00,5.5000,45,eod
SCHW,Long,2023-06-12T15:40:00+00:00,2023-06-12T19:45:00+00:00,53.1400,53.9400,-3.0395,0.6098,-3.6493,0.0104,294.00,4.0833,130,eod
LOW,Long,2023-06-12T14:00:00+00:00,2023-06-12T19:45:00+00:00,212.0600,213.6700,2.0090,-0.2488,2.2578,0.0054,74.00,5.7500,30,eod
LLY,Short,2023-06-12T14:00:00+00:00,2023-06-12T19:45:00+00:00,439.6300,444.4600,-2.2925,-0.2488,-2.0437,0.0051,-35.00,5.7500,30,eod
AMD,Short,2023-06-13T14:35:00+00:00,2023-06-13T19:45:00+00:00,127.3500,123.9100,-2.1962,-1.0973,-1.0989,0.0142,-123.00,5.1667,65,eod
JPM,Short,2023-06-13T14:00:00+00:00,2023-06-13T19:45:00+00:00,142.2200,141.9900,3.3631,-1.5134,4.8765,0.0030,-110.00,5.7500,30,eod
PFE,Long,2023-06-13T14:00:00+00:00,2023-06-13T19:45:00+00:00,39.8600,40.2100,1.4741,-1.5134,2.9876,0.0048,394.00,5.7500,30,eod
JPM,Short,2023-06-14T14:00:00+00:00,2023-06-14T19:45:00+00:00,142.6000,141.1300,-1.8912,0.8901,-2.7812,0.0034,-111.00,5.7500,30,eod
GS,Long,2023-06-14T14:15:00+00:00,2023-06-14T19:45:00+00:00,344.1900,338.2700,-1.8096,1.2218,-3.0315,0.0052,46.00,5.5000,45,eod
NKE,Long,2023-06-14T14:00:00+00:00,2023-06-14T19:45:00+00:00,110.1200,113.0200,3.0400,0.8901,2.1499,0.0047,144.00,5.7500,30,eod
NKE,Short,2023-06-14T15:50:00+00:00,2023-06-14T19:45:00+00:00,112.5000,113.0200,4.1839,1.0510,3.1329,0.0087,-142.00,3.9167,140,eod
NKE,Short,2023-06-15T14:00:00+00:00,2023-06-15T19:45:00+00:00,110.8400,112.6200,-1.3223,1.4990,-2.8214,0.0047,-143.00,5.7500,30,eod
NKE,Long,2023-06-15T14:05:00+00:00,2023-06-15T19:45:00+00:00,110.8400,112.6200,-1.1311,1.9431,-3.0742,0.0055,143.00,5.6667,35,eod
PYPL,Long,2023-06-15T14:00:00+00:00,2023-06-15T19:45:00+00:00,64.1900,65.9400,3.3777,1.4990,1.8786,0.0060,248.00,5.7500,30,eod
TSLA,Long,2023-06-16T14:00:00+00:00,2023-06-16T19:45:00+00:00,261.2500,260.8200,0.8319,-0.6124,1.4444,0.0076,61.00,5.7500,30,eod
LLY,Short,2023-06-16T14:00:00+00:00,2023-06-16T19:45:00+00:00,451.5200,448.4600,-2.2300,-0.6124,-1.6176,0.0047,-35.00,5.7500,30,eod
AMZN,Long,2023-06-20T14:00:00+00:00,2023-06-20T19:45:00+00:00,126.2400,125.8700,1.5589,-0.6249,2.1838,0.0063,127.00,5.7500,30,eod
NKE,Short,2023-06-20T14:00:00+00:00,2023-06-20T19:45:00+00:00,110.3900,109.3000,-3.1740,-0.6249,-2.5491,0.0053,-146.00,5.7500,30,eod
LLY,Short,2023-06-20T14:20:00+00:00,2023-06-20T19:45:00+00:00,452.9500,452.2900,1.5319,-1.6565,3.1883,0.0055,-35.00,5.4167,50,eod
TSLA,Short,2023-06-21T14:00:00+00:00,2023-06-21T19:45:00+00:00,267.9100,261.5400,-3.5234,-1.5873,-1.9361,0.0073,-60.00,5.7500,30,eod
MPC,Long,2023-06-21T14:00:00+00:00,2023-06-21T19:45:00+00:00,111.0700,112.2300,1.3591,-1.5873,2.9464,0.0068,145.00,5.7500,30,eod
DE,Short,2023-06-21T14:00:00+00:00,2023-06-21T19:45:00+00:00,413.5800,417.5800,2.3550,-1.5873,3.9423,0.0064,-39.00,5.7500,30,eod
COP,Short,2023-06-22T14:00:00+00:00,2023-06-22T19:45:00+00:00,101.4800,101.4900,-1.4768,1.5066,-2.9833,0.0069,-160.00,5.7500,30,eod
LIN,Long,2023-06-22T14:00:00+00:00,2023-06-22T19:45:00+00:00,370.4900,372.9700,3.2734,1.5066,1.7669,0.0037,43.00,5.7500,30,eod
COIN,Long,2023-06-22T14:20:00+00:00,2023-06-22T19:45:00+00:00,55.9500,57.0800,-1.5067,1.5320,-3.0386,0.0255,291.00,5.4167,50,eod
GS,Long,2023-06-23T14:00:00+00:00,2023-06-23T16:50:00+00:00,316.9300,315.3100,1.7737,-1.0436,2.8173,0.0044,51.00,2.8333,30,reversal
TSLA,Short,2023-06-23T14:00:00+00:00,2023-06-23T19:45:00+00:00,254.9500,255.3500,-2.6137,-1.0436,-1.5701,0.0089,-64.00,5.7500,30,eod
LOW,Short,2023-06-23T14:00:00+00:00,2023-06-23T19:45:00+00:00,215.8000,215.3000,2.3971,-1.0436,3.4407,0.0042,-76.00,5.7500,30,eod
PFE,Long,2023-06-26T14:00:00+00:00,2023-06-26T15:45:00+00:00,36.3400,36.6600,-2.8164,1.2244,-4.0408,0.0042,450.00,1.7500,30,reversal
JPM,Short,2023-06-26T14:00:00+00:00,2023-06-26T16:10:00+00:00,138.7100,138.7900,-1.5154,1.2244,-2.7398,0.0040,-118.00,2.1667,30,reversal
AVGO,Long,2023-06-26T14:15:00+00:00,2023-06-26T19:45:00+00:00,83.5400,82.4800,2.2667,0.9279,1.3388,0.0072,195.00,5.5000,45,eod
DIS,Short,2023-06-26T16:05:00+00:00,2023-06-26T19:45:00+00:00,89.0400,88.9200,2.2305,-1.3371,3.5676,0.0051,-183.00,3.6667,155,eod
TXN,Long,2023-06-27T14:00:00+00:00,2023-06-27T19:45:00+00:00,171.6000,176.3300,1.4732,0.4280,1.0452,0.0056,95.00,5.7500,30,eod
LLY,Short,2023-06-27T14:00:00+00:00,2023-06-27T19:45:00+00:00,456.7300,464.5200,-2.2854,0.4280,-2.7134,0.0075,-35.00,5.7500,30,eod
LLY,Long,2023-06-27T14:25:00+00:00,2023-06-27T19:45:00+00:00,455.1500,464.5200,-3.1239,-0.0728,-3.0511,0.0066,35.00,5.3333,55,eod
GE,Long,2023-06-28T14:00:00+00:00,2023-06-28T14:40:00+00:00,85.1700,85.0100,1.9120,0.0681,1.8439,0.0052,194.00,0.6667,30,reversal
FCX,Long,2023-06-28T14:30:00+00:00,2023-06-28T19:45:00+00:00,38.8400,39.1600,-2.0270,1.3646,-3.3915,0.0065,426.00,5.2500,60,eod
UNH,Short,2023-06-28T14:00:00+00:00,2023-06-28T19:45:00+00:00,476.8200,474.3700,-1.6022,0.0681,-1.6703,0.0057,-34.00,5.7500,30,eod
MU,Short,2023-06-29T14:00:00+00:00,2023-06-29T19:45:00+00:00,64.0500,64.4700,-3.2082,-0.3500,-2.8581,0.0060,-259.00,5.7500,30,eod
GS,Short,2023-06-29T14:00:00+00:00,2023-06-29T19:45:00+00:00,324.1900,322.6200,3.5909,-0.3500,3.9409,0.0044,-51.00,5.7500,30,eod
DIS,Long,2023-06-29T14:00:00+00:00,2023-06-29T19:45:00+00:00,88.3000,88.9400,2.2415,-0.3500,2.5915,0.0039,188.00,5.7500,30,eod
NFLX,Long,2023-06-30T14:00:00+00:00,2023-06-30T19:45:00+00:00,43.9100,44.1100,3.0304,1.1657,1.8646,0.0054,378.00,5.7500,30,eod
GS,Short,2023-06-30T14:00:00+00:00,2023-06-30T19:45:00+00:00,323.9200,323.3100,-0.8386,1.1657,-2.0044,0.0042,-51.00,5.7500,30,eod
COIN,Long,2023-06-30T14:00:00+00:00,2023-06-30T19:45:00+00:00,70.7000,71.6200,-2.4318,1.1657,-3.5975,0.0220,235.00,5.7500,30,eod
DE,Short,2023-07-03T15:30:00+00:00,2023-07-05T13:30:00+00:00,406.3100,406.4000,2.5764,-0.4927,3.0691,0.0064,-41.00,46.0000,120,reversal
COIN,Long,2023-07-03T14:00:00+00:00,2023-07-05T13:30:00+00:00,78.0900,77.7000,1.7844,0.2116,1.5728,0.0232,214.00,47.5000,30,reversal
TXN,Short,2023-07-03T14:00:00+00:00,2023-07-05T19:45:00+00:00,179.0700,177.0300,-2.0056,0.2116,-2.2172,0.0052,-93.00,53.7500,30,eod
META,Long,2023-07-05T14:00:00+00:00,2023-07-05T19:45:00+00:00,294.3700,295.4900,3.3493,0.8615,2.4878,0.0078,56.00,5.7500,30,eod
META,Short,2023-07-05T14:15:00+00:00,2023-07-05T19:45:00+00:00,296.4000,295.4900,4.2953,1.0843,3.2109,0.0078,-56.00,5.5000,45,eod
LIN,Long,2023-07-05T14:00:00+00:00,2023-07-05T19:45:00+00:00,368.7000,367.3100,-2.4165,0.8615,-3.2780,0.0043,45.00,5.7500,30,eod
MSFT,Long,2023-07-06T14:00:00+00:00,2023-07-06T19:45:00+00:00,337.9100,340.9800,1.5576,-0.6251,2.1827,0.0045,49.00,5.7500,30,eod
FCX,Short,2023-07-06T14:00:00+00:00,2023-07-06T19:45:00+00:00,37.7500,37.8200,-3.3797,-0.6251,-2.7546,0.0055,-443.00,5.7500,30,eod
PYPL,Long,2023-07-06T14:00:00+00:00,2023-07-06T19:45:00+00:00,66.2300,66.2000,-3.7434,-0.6251,-3.1183,0.0055,252.00,5.7500,30,eod
PYPL,Long,2023-07-07T14:00:00+00:00,2023-07-07T16:15:00+00:00,67.5500,67.3800,2.2735,1.0441,1.2294,0.0063,248.00,2.2500,30,reversal
SLB,Short,2023-07-07T14:30:00+00:00,2023-07-07T19:45:00+00:00,50.7200,53.3600,2.8305,-0.6102,3.4407,0.0082,-329.00,5.2500,60,eod
LLY,Short,2023-07-07T14:00:00+00:00,2023-07-07T19:45:00+00:00,458.2100,452.9200,-1.1336,1.0441,-2.1777,0.0069,-36.00,5.7500,30,eod
LLY,Long,2023-07-07T15:35:00+00:00,2023-07-07T19:45:00+00:00,451.5900,452.9200,-2.7489,0.5024,-3.2513,0.0081,36.00,4.1667,125,eod
META,Short,2023-07-10T14:00:00+00:00,2023-07-10T19:45:00+00:00,291.4700,292.3800,-2.6408,-1.1843,-1.4565,0.0075,-56.00,5.7500,30,eod
LOW,Short,2023-07-10T14:00:00+00:00,2023-07-10T19:45:00+00:00,226.7100,228.6900,2.8300,-1.1843,4.0143,0.0037,-72.00,5.7500,30,eod
SBUX,Long,2023-07-10T14:00:00+00:00,2023-07-10T19:45:00+00:00,98.3800,99.0900,1.7661,-1.1843,2.9505,0.0039,168.00,5.7500,30,eod
UNH,Short,2023-07-11T14:00:00+00:00,2023-07-11T15:05:00+00:00,465.0900,462.5400,1.6617,-1.6526,3.3143,0.0033,-35.00,1.0833,30,reversal
QCOM,Short,2023-07-11T14:00:00+00:00,2023-07-11T19:45:00+00:00,115.0600,116.8900,-3.4913,-1.6526,-1.8387,0.0059,-143.00,5.7500,30,eod
LIN,Long,2023-07-11T15:55:00+00:00,2023-07-11T19:45:00+00:00,363.9400,366.6700,-3.0832,0.3617,-3.4449,0.0064,45.00,3.8333,145,eod
DIS,Long,2023-07-11T14:00:00+00:00,2023-07-11T19:45:00+00:00,88.8900,89.5100,1.0488,-1.6526,2.7013,0.0034,185.00,5.7500,30,eod
MSFT,Long,2023-07-12T14:00:00+00:00,2023-07-12T18:40:00+00:00,339.5600,337.6700,1.8009,0.7125,1.0884,0.0042,48.00,4.6667,30,reversal
MU,Short,2023-07-12T14:00:00+00:00,2023-07-12T19:45:00+00:00,63.6900,63.7700,-2.1876,0.7125,-2.9001,0.0060,-258.00,5.7500,30,eod
MU,Long,2023-07-12T14:20:00+00:00,2023-07-12T19:45:00+00:00,63.6000,63.7700,-2.0203,1.2555,-3.2758,0.0071,259.00,5.4167,50,eod
DIS,Short,2023-07-13T14:00:00+00:00,2023-07-13T14:30:00+00:00,89.9000,90.2900,-1.8914,0.0674,-1.9589,0.0035,-183.00,0.5000,30,reversal
COP,Long,2023-07-13T14:00:00+00:00,2023-07-13T16:10:00+00:00,111.4500,110.5500,2.5023,0.0674,2.4348,0.0057,147.00,2.1667,30,reversal
GOOGL,Short,2023-07-13T15:25:00+00:00,2023-07-13T19:45:00+00:00,124.2800,124.5100,3.2221,0.2194,3.0026,0.0075,-131.00,4.3333,115,eod
LOW,Long,2023-07-13T14:40:00+00:00,2023-07-13T19:45:00+00:00,230.0400,229.4600,-3.1131,0.2895,-3.4025,0.0041,71.00,5.0833,70,eod
AMD,Long,2023-07-14T14:00:00+00:00,2023-07-14T19:45:00+00:00,120.1700,115.7900,3.7381,1.1478,2.5902,0.0099,136.00,5.7500,30,eod
XOM,Short,2023-07-14T14:00:00+00:00,2023-07-14T19:45:00+00:00,102.5500,100.9000,-1.3135,1.1478,-2.4613,0.0061,-159.00,5.7500,30,eod
UNH,Short,2023-07-14T14:00:00+00:00,2023-07-14T19:45:00+00:00,476.7900,480.6900,5.4739,1.1478,4.3261,0.0046,-34.00,5.7500,30,eod
T,Long,2023-07-14T14:00:00+00:00,2023-07-14T19:45:00+00:00,14.4600,14.4900,-3.0352,1.1478,-4.1831,0.0045,1130.00,5.7500,30,eod
SBUX,Long,2023-07-17T14:00:00+00:00,2023-07-17T19:30:00+00:00,101.4000,101.2600,2.8051,-0.0343,2.8394,0.0044,159.00,5.5000,30,reversal
SBUX,Short,2023-07-17T14:25:00+00:00,2023-07-17T19:30:00+00:00,101.3300,101.2600,3.0324,0.0101,3.0223,0.0039,-159.00,5.0833,55,reversal
NVDA,Short,2023-07-17T14:00:00+00:00,2023-07-17T19:45:00+00:00,45.5900,46.4100,-1.6709,-0.0343,-1.6366,0.0089,-355.00,5.7500,30,eod
DIS,Long,2023-07-17T15:15:00+00:00,2023-07-17T19:45:00+00:00,86.0100,85.7300,-2.8760,0.1700,-3.0461,0.0060,188.00,4.5000,105,eod
T,Long,2023-07-18T14:00:00+00:00,2023-07-18T14:45:00+00:00,13.9300,13.7700,2.6584,-0.2586,2.9170,0.0046,1152.00,0.7500,30,reversal
HD,Short,2023-07-18T14:00:00+00:00,2023-07-18T16:00:00+00:00,316.6200,316.0600,3.3784,-0.2586,3.6370,0.0034,-50.00,2.0000,30,reversal
SCHW,Short,2023-07-18T14:00:00+00:00,2023-07-18T19:45:00+00:00,65.9200,65.6500,-1.8339,-0.2586,-1.5752,0.0056,-243.00,5.7500,30,eod
SCHW,Long,2023-07-18T14:05:00+00:00,2023-07-18T19:45:00+00:00,65.1900,65.6500,-3.1718,-0.0360,-3.1358,0.0067,247.00,5.6667,35,eod
SCHW,Short,2023-07-19T14:00:00+00:00,2023-07-19T14:20:00+00:00,67.3000,68.2700,-2.0895,0.4313,-2.5208,0.0060,-238.00,0.3333,30,reversal
AMZN,Long,2023-07-19T14:00:00+00:00,2023-07-19T19:45:00+00:00,134.9000,135.6600,3.1703,0.4313,2.7389,0.0049,119.00,5.7500,30,eod
AMZN,Short,2023-07-19T14:05:00+00:00,2023-07-19T19:45:00+00:00,135.0800,135.6600,3.4200,0.1429,3.2770,0.0049,-118.00,5.6667,35,eod
GE,Long,2023-07-19T14:35:00+00:00,2023-07-19T19:45:00+00:00,87.0900,87.7600,-2.4980,0.6537,-3.1517,0.0049,183.00,5.1667,65,eod
TSLA,Short,2023-07-20T14:00:00+00:00,2023-07-20T14:40:00+00:00,272.8100,270.7900,-3.4179,-1.3525,-2.0654,0.0078,-58.00,0.6667,30,reversal
GE,Long,2023-07-20T14:00:00+00:00,2023-07-20T19:45:00+00:00,88.4700,88.7000,1.5155,-1.3525,2.8680,0.0037,180.00,5.7500,30,eod
JPM,Short,2023-07-20T14:00:00+00:00,2023-07-20T19:45:00+00:00,155.8000,156.1900,2.7097,-1.3525,4.0622,0.0018,-102.00,5.7500,30,eod
FCX,Short,2023-07-21T14:00:00+00:00,2023-07-21T14:30:00+00:00,40.8000,40.9600,-3.8246,-2.6499,-1.1747,0.0069,-392.00,0.5000,30,reversal
LIN,Short,2023-07-21T14:00:00+00:00,2023-07-21T19:45:00+00:00,382.2400,384.7800,1.5553,-2.6499,4.2051,0.0044,-41.00,5.7500,30,eod
NKE,Long,2023-07-21T14:00:00+00:00,2023-07-21T19:45:00+00:00,108.0500,108.9000,0.1564,-2.6499,2.8062,0.0053,148.00,5.7500,30,eod
AMZN,Short,2023-07-24T14:00:00+00:00,2023-07-24T19:45:00+00:00,128.5900,128.8500,-3.4830,-2.3827,-1.1003,0.0063,-124.00,5.7500,30,eod
FCX,Long,2023-07-24T14:00:00+00:00,2023-07-24T19:45:00+00:00,40.9600,42.1300,0.4472,-2.3827,2.8298,0.0071,390.00,5.7500,30,eod
JPM,Short,2023-07-24T14:00:00+00:00,2023-07-24T19:45:00+00:00,156.4900,157.7500,3.8756,-2.3827,6.2583,0.0024,-102.00,5.7500,30,eod
GE,Long,2023-07-25T14:00:00+00:00,2023-07-25T14:55:00+00:00,91.5800,93.5200,-4.6549,0.7354,-5.3903,0.0044,175.00,0.9167,30,reversal
AVGO,Long,2023-07-25T14:00:00+00:00,2023-07-25T15:40:00+00:00,91.3300,91.3100,1.9404,0.7354,1.2050,0.0053,175.00,1.6667,30,reversal
NKE,Short,2023-07-25T14:00:00+00:00,2023-07-25T19:45:00+00:00,107.7800,108.3100,-1.4949,0.7354,-2.2303,0.0057,-149.00,5.7500,30,eod
LIN,Short,2023-07-26T14:00:00+00:00,2023-07-26T15:05:00+00:00,383.6300,384.4500,-1.9021,1.0164,-2.9185,0.0043,-42.00,1.0833,30,reversal
MU,Long,2023-07-26T14:00:00+00:00,2023-07-26T19:45:00+00:00,67.1300,67.4100,2.8192,1.0164,1.8028,0.0060,240.00,5.7500,30,eod
DE,Long,2023-07-26T14:00:00+00:00,2023-07-26T19:45:00+00:00,440.8100,433.6800,-3.1422,1.0164,-4.1586,0.0036,36.00,5.7500,30,eod
DE,Short,2023-07-27T14:00:00+00:00,2023-07-27T14:30:00+00:00,425.8300,427.0900,-2.1135,0.4039,-2.5173,0.0038,-37.00,0.5000,30,reversal
AMD,Long,2023-07-27T14:00:00+00:00,2023-07-27T19:45:00+00:00,113.5600,110.8400,1.9652,0.4039,1.5613,0.0129,141.00,5.7500,30,eod
GE,Short,2023-07-27T14:10:00+00:00,2023-07-27T19:45:00+00:00,93.3700,91.8600,2.7491,-0.4433,3.1924,0.0052,-171.00,5.5833,40,eod
CAT,Long,2023-07-28T14:00:00+00:00,2023-07-28T14:35:00+00:00,262.3400,260.7800,3.0214,1.7389,1.2825,0.0043,60.00,0.5833,30,reversal
NKE,Short,2023-07-28T14:00:00+00:00,2023-07-28T19:45:00+00:00,107.7800,108.4800,-1.1105,1.7389,-2.8494,0.0060,-148.00,5.7500,30,eod
UNH,Long,2023-07-28T14:00:00+00:00,2023-07-28T19:45:00+00:00,497.9400,502.6300,-2.2990,1.7389,-4.0380,0.0065,32.00,5.7500,30,eod
CVX,Long,2023-07-31T14:00:00+00:00,2023-07-31T15:05:00+00:00,163.8000,162.9100,1.6192,-0.6362,2.2554,0.0043,97.00,1.0833,30,reversal
MSFT,Short,2023-07-31T14:05:00+00:00,2023-07-31T17:05:00+00:00,334.1300,334.6500,-1.2250,0.0101,-1.2351,0.0051,-47.00,3.0000,35,reversal
DIS,Short,2023-07-31T14:00:00+00:00,2023-07-31T19:45:00+00:00,88.2500,88.4400,2.4237,-0.6362,3.0599,0.0051,-180.00,5.7500,30,eod
UNH,Short,2023-08-01T14:00:00+00:00,2023-08-01T14:15:00+00:00,505.6500,505.9000,-1.1174,0.2185,-1.3360,0.0068,-31.00,0.2500,30,reversal
MPC,Long,2023-08-01T14:00:00+00:00,2023-08-01T14:50:00+00:00,134.6400,132.8800,2.5672,0.2185,2.3487,0.0066,117.00,0.8333,30,reversal
PFE,Short,2023-08-01T14:00:00+00:00,2023-08-01T15:40:00+00:00,36.7700,35.9000,5.0617,0.2185,4.8432,0.0052,-431.00,1.6667,30,reversal
T,Long,2023-08-01T14:45:00+00:00,2023-08-01T19:45:00+00:00,14.2900,14.3100,-2.4408,0.8086,-3.2494,0.0054,1108.00,5.0000,75,eod
AMD,Short,2023-08-02T14:00:00+00:00,2023-08-02T19:45:00+00:00,112.9300,110.1000,-3.0403,-0.7174,-2.3229,0.0125,-140.00,5.7500,30,eod
LIN,Long,2023-08-02T14:00:00+00:00,2023-08-02T19:45:00+00:00,386.6200,384.8400,1.6082,-0.7174,2.3256,0.0039,41.00,5.7500,30,eod
SBUX,Short,2023-08-02T14:00:00+00:00,2023-08-02T19:45:00+00:00,102.3200,102.1600,3.0798,-0.7174,3.7972,0.0054,-155.00,5.7500,30,eod
LOW,Short,2023-08-03T14:00:00+00:00,2023-08-03T14:30:00+00:00,227.3800,228.2100,-1.0985,1.8476,-2.9462,0.0038,-70.00,0.5000,30,reversal
NFLX,Long,2023-08-03T14:15:00+00:00,2023-08-03T16:25:00+00:00,43.8000,43.9900,2.4149,1.2243,1.1906,0.0073,364.00,2.1667,45,reversal
CAT,Long,2023-08-03T14:00:00+00:00,2023-08-03T19:45:00+00:00,284.5000,281.3600,-1.4704,1.8476,-3.3181,0.0070,56.00,5.7500,30,eod
PFE,Short,2023-08-04T14:00:00+00:00,2023-08-04T16:15:00+00:00,35.2600,35.0500,1.2585,-2.7600,4.0185,0.0045,-451.00,2.2500,30,reversal
TXN,Short,2023-08-04T14:15:00+00:00,2023-08-04T17:30:00+00:00,168.0200,170.5000,-3.2956,-2.1951,-1.1005,0.0042,-95.00,3.2500,45,reversal
MPC,Long,2023-08-04T14:00:00+00:00,2023-08-04T19:45:00+00:00,137.9500,138.4300,0.1479,-2.7600,2.9079,0.0064,115.00,5.7500,30,eod
PYPL,Long,2023-08-04T16:40:00+00:00,2023-08-04T19:45:00+00:00,63.4400,62.7600,-2.2941,0.7095,-3.0036,0.0070,250.00,3.0833,190,eod
QCOM,Long,2023-08-07T17:45:00+00:00,2023-08-07T19:45:00+00:00,118.0600,119.0000,-2.8004,0.2087,-3.0091,0.0107,133.00,2.0000,255,eod
AAPL,Short,2023-08-07T14:00:00+00:00,2023-08-07T19:45:00+00:00,178.8600,178.5000,-3.5309,-0.7303,-2.8005,0.0027,-88.00,5.7500,30,eod
PYPL,Long,2023-08-07T14:00:00+00:00,2023-08-07T19:45:00+00:00,63.5700,64.3000,1.4489,-0.7303,2.1792,0.0071,248.00,5.7500,30,eod
PYPL,Short,2023-08-07T15:05:00+00:00,2023-08-07T19:45:00+00:00,63.8400,64.3000,2.0890,-1.0476,3.1366,0.0070,-248.00,4.6667,95,eod
GS,Short,2023-08-08T14:00:00+00:00,2023-08-08T15:05:00+00:00,344.4100,344.5000,-2.6362,-1.2421,-1.3941,0.0060,-45.00,1.0833,30,reversal
SLB,Long,2023-08-08T14:00:00+00:00,2023-08-08T19:45:00+00:00,57.0200,58.4800,1.7003,-1.2421,2.9424,0.0066,277.00,5.7500,30,eod
LLY,Short,2023-08-08T14:00:00+00:00,2023-08-08T19:45:00+00:00,527.9400,523.3300,6.5125,-1.2421,7.7546,0.0052,-29.00,5.7500,30,eod
AAPL,Short,2023-08-09T14:00:00+00:00,2023-08-09T16:20:00+00:00,178.8400,177.9200,-2.4194,-1.1248,-1.2945,0.0033,-89.00,2.3333,30,reversal
AVGO,Long,2023-08-09T14:35:00+00:00,2023-08-09T19:45:00+00:00,85.7700,85.1600,-4.4480,-1.3920,-3.0560,0.0060,186.00,5.1667,65,eod
COP,Short,2023-08-09T14:00:00+00:00,2023-08-09T19:45:00+00:00,118.6300,116.6600,2.7369,-1.1248,3.8617,0.0054,-134.00,5.7500,30,eod
HD,Long,2023-08-09T14:00:00+00:00,2023-08-09T19:45:00+00:00,328.4200,328.6100,1.8698,-1.1248,2.9947,0.0019,48.00,5.7500,30,eod
LLY,Short,2023-08-10T14:00:00+00:00,2023-08-10T14:50:00+00:00,521.5800,524.6600,-0.9063,1.8185,-2.7247,0.0047,-30.00,0.8333,30,reversal
DIS,Long,2023-08-10T14:00:00+00:00,2023-08-10T14:50:00+00:00,88.9300,90.2000,-1.9148,1.8185,-3.7333,0.0037,180.00,0.8333,30,reversal
DIS,Long,2023-08-10T14:55:00+00:00,2023-08-10T19:45:00+00:00,90.6900,91.4600,2.1888,0.2125,1.9764,0.0057,177.00,4.8333,85,eod
DIS,Short,2023-08-10T16:30:00+00:00,2023-08-10T19:45:00+00:00,90.8100,91.4600,1.8900,-1.2252,3.1152,0.0073,-177.00,3.2500,180,eod
AMZN,Short,2023-08-11T14:00:00+00:00,2023-08-11T15:15:00+00:00,137.9100,138.2700,-0.5048,0.6157,-1.1205,0.0063,-116.00,1.2500,30,reversal
HD,Long,2023-08-11T14:00:00+00:00,2023-08-11T19:45:00+00:00,330.1800,330.9900,2.6056,0.6157,1.9899,0.0018,48.00,5.7500,30,eod
LOW,Short,2023-08-11T14:35:00+00:00,2023-08-11T19:45:00+00:00,224.7800,223.9700,4.8185,1.5523,3.2663,0.0034,-71.00,5.1667,65,eod
NVDA,Short,2023-08-14T14:20:00+00:00,2023-08-14T19:45:00+00:00,42.1000,43.6100,4.6234,1.5847,3.0387,0.0079,-380.00,5.4167,50,eod
ADBE,Long,2023-08-14T14:00:00+00:00,2023-08-14T19:45:00+00:00,514.2900,521.3900,3.6063,1.2052,2.4011,0.0041,31.00,5.7500,30,eod
BAC,Short,2023-08-14T14:00:00+00:00,2023-08-14T19:45:00+00:00,30.8300,30.8200,-1.7225,1.2052,-2.9277,0.0041,-519.00,5.7500,30,eod
HD,Long,2023-08-14T14:00:00+00:00,2023-08-14T19:45:00+00:00,329.4300,329.9500,-3.8426,1.2052,-5.0477,0.0023,48.00,5.7500,30,eod
LOW,Short,2023-08-15T14:15:00+00:00,2023-08-15T16:05:00+00:00,224.9300,223.4200,1.4097,-1.6060,3.0157,0.0028,-70.00,1.8333,45,reversal
HD,Long,2023-08-15T15:50:00+00:00,2023-08-15T19:15:00+00:00,329.0100,332.6800,-3.9749,-0.6845,-3.2904,0.0042,48.00,3.4167,140,reversal
GE,Long,2023-08-15T14:00:00+00:00,2023-08-15T19:45:00+00:00,91.0200,90.7900,0.9265,-1.3014,2.2279,0.0050,174.00,5.7500,30,eod
JPM,Short,2023-08-15T14:00:00+00:00,2023-08-15T19:45:00+00:00,151.4100,150.4200,-3.1742,-1.3014,-1.8728,0.0032,-105.00,5.7500,30,eod
HD,Long,2023-08-16T14:00:00+00:00,2023-08-16T14:45:00+00:00,336.2800,335.1200,3.0664,0.3744,2.6920,0.0027,47.00,0.7500,30,reversal
MPC,Short,2023-08-16T14:00:00+00:00,2023-08-16T19:45:00+00:00,143.4400,141.4800,-1.3678,0.3744,-1.7422,0.0063,-111.00,5.7500,30,eod
AAPL,Short,2023-08-17T14:00:00+00:00,2023-08-17T19:45:00+00:00,175.3600,173.9800,-2.9105,-0.8855,-2.0250,0.0037,-91.00,5.7500,30,eod
XOM,Long,2023-08-17T14:00:00+00:00,2023-08-17T19:45:00+00:00,109.0200,108.2500,1.9184,-0.8855,2.8040,0.0043,147.00,5.7500,30,eod
PFE,Short,2023-08-17T14:00:00+00:00,2023-08-17T19:45:00+00:00,36.2000,36.5800,2.7289,-0.8855,3.6145,0.0051,-442.00,5.7500,30,eod
MU,Long,2023-08-18T14:00:00+00:00,2023-08-18T19:45:00+00:00,63.1100,63.7500,2.4285,-0.0494,2.4779,0.0069,252.00,5.7500,30,eod
GOOGL,Short,2023-08-18T14:00:00+00:00,2023-08-18T19:45:00+00:00,126.8400,127.7300,-2.7462,-0.0494,-2.6968,0.0047,-125.00,5.7500,30,eod
DE,Long,2023-08-18T14:00:00+00:00,2023-08-18T19:45:00+00:00,398.5800,397.2100,-4.2323,-0.0494,-4.1829,0.0060,40.00,5.7500,30,eod
AVGO,Long,2023-08-21T14:00:00+00:00,2023-08-21T19:45:00+00:00,84.7400,86.5200,2.5071,1.2770,1.2301,0.0064,188.00,5.7500,30,eod
XOM,Long,2023-08-21T14:00:00+00:00,2023-08-21T19:45:00+00:00,109.4800,108.7700,-1.9961,1.2770,-3.2732,0.0047,145.00,5.7500,30,eod
GS,Short,2023-08-21T14:00:00+00:00,2023-08-21T19:45:00+00:00,322.3900,322.9300,-1.6939,1.2770,-2.9709,0.0042,-49.00,5.7500,30,eod
COIN,Short,2023-08-22T14:05:00+00:00,2023-08-22T15:45:00+00:00,74.3300,75.0300,-2.2324,-1.0610,-1.1714,0.0125,-214.00,1.6667,35,reversal
MPC,Long,2023-08-22T14:00:00+00:00,2023-08-22T19:45:00+00:00,144.1700,143.3300,1.7398,-1.0061,2.7458,0.0061,110.00,5.7500,30,eod
SCHW,Long,2023-08-22T14:00:00+00:00,2023-08-22T19:45:00+00:00,57.9300,56.4800,-4.8187,-1.0061,-3.8127,0.0054,275.00,5.7500,30,eod
T,Short,2023-08-22T14:35:00+00:00,2023-08-22T19:45:00+00:00,14.1500,14.2600,1.7324,-1.2760,3.0084,0.0045,-1124.00,5.1667,65,eod
TXN,Long,2023-08-23T14:00:00+00:00,2023-08-23T19:45:00+00:00,167.8500,170.3300,2.7814,1.2014,1.5800,0.0057,93.00,5.7500,30,eod
SBUX,Short,2023-08-23T14:00:00+00:00,2023-08-23T19:45:00+00:00,95.6000,95.3400,-1.4909,1.2014,-2.6922,0.0031,-164.00,5.7500,30,eod
SBUX,Long,2023-08-23T14:05:00+00:00,2023-08-23T19:45:00+00:00,95.4200,95.3400,-1.8470,1.3573,-3.2042,0.0036,164.00,5.6667,35,eod
AVGO,Short,2023-08-24T14:00:00+00:00,2023-08-24T19:45:00+00:00,87.9400,85.3600,-3.4984,-0.5467,-2.9517,0.0088,-179.00,5.7500,30,eod
SBUX,Short,2023-08-24T14:00:00+00:00,2023-08-24T19:45:00+00:00,95.4100,94.8200,4.5087,-0.5467,5.0554,0.0039,-165.00,5.7500,30,eod
T,Long,2023-08-24T14:00:00+00:00,2023-08-24T19:45:00+00:00,14.2300,14.1800,2.4432,-0.5467,2.9899,0.0038,1108.00,5.7500,30,eod
ADBE,Long,2023-08-25T14:00:00+00:00,2023-08-25T19:45:00+00:00,524.3300,524.0800,1.8198,0.5724,1.2474,0.0063,30.00,5.7500,30,eod
JPM,Short,2023-08-25T14:00:00+00:00,2023-08-25T19:45:00+00:00,147.1700,146.9600,-1.7899,0.5724,-2.3622,0.0042,-108.00,5.7500,30,eod
JPM,Long,2023-08-25T14:10:00+00:00,2023-08-25T19:45:00+00:00,147.0600,146.9600,-2.0203,1.1600,-3.1803,0.0041,108.00,5.5833,40,eod
CRM,Short,2023-08-28T14:00:00+00:00,2023-08-28T15:30:00+00:00,210.4300,211.0400,-2.3685,-0.8128,-1.5556,0.0043,-75.00,1.5000,30,reversal
DIS,Long,2023-08-28T14:00:00+00:00,2023-08-28T19:45:00+00:00,84.1400,84.1500,2.1586,-0.8128,2.9715,0.0028,188.00,5.7500,30,eod
DIS,Short,2023-08-28T14:05:00+00:00,2023-08-28T19:45:00+00:00,84.3100,84.1500,2.3820,-0.6480,3.0301,0.0034,-188.00,5.6667,35,eod
LIN,Short,2023-08-29T14:00:00+00:00,2023-08-29T16:15:00+00:00,380.0700,383.7900,-0.7012,2.0993,-2.8006,0.0035,-41.00,2.2500,30,reversal
PFE,Long,2023-08-29T14:25:00+00:00,2023-08-29T19:45:00+00:00,36.3400,36.1400,-0.8141,2.3955,-3.2095,0.0067,439.00,5.3333,55,eod
COIN,Long,2023-08-29T14:20:00+00:00,2023-08-29T19:45:00+00:00,80.2300,84.8800,4.1957,2.2183,1.9773,0.0190,197.00,5.4167,50,eod
COIN,Short,2023-08-29T14:35:00+00:00,2023-08-29T19:45:00+00:00,83.0000,84.8800,5.6415,2.1556,3.4859,0.0208,-193.00,5.1667,65,eod
TXN,Long,2023-08-30T14:00:00+00:00,2023-08-30T19:45:00+00:00,168.9100,169.1200,3.1339,0.6433,2.4906,0.0053,93.00,5.7500,30,eod
LLY,Short,2023-08-30T14:00:00+00:00,2023-08-30T19:45:00+00:00,553.7300,547.6400,-1.3635,0.6433,-2.0068,0.0045,-28.00,5.7500,30,eod
T,Long,2023-08-30T16:10:00+00:00,2023-08-30T19:45:00+00:00,14.7000,14.7200,-2.6088,0.5807,-3.1895,0.0057,1082.00,3.5833,160,eod
AMZN,Long,2023-08-31T14:00:00+00:00,2023-08-31T19:45:00+00:00,138.0700,138.3600,3.0925,0.8202,2.2724,0.0055,115.00,5.7500,30,eod
UNH,Short,2023-08-31T14:00:00+00:00,2023-08-31T19:45:00+00:00,490.5300,477.9200,-1.7749,0.8202,-2.5951,0.0029,-32.00,5.7500,30,eod
UNH,Long,2023-08-31T14:05:00+00:00,2023-08-31T19:45:00+00:00,489.8400,477.9200,-2.4528,0.7228,-3.1756,0.0027,32.00,5.6667,35,eod
META,Short,2023-09-01T14:00:00+00:00,2023-09-01T19:45:00+00:00,296.9900,296.2900,-2.2642,-1.0314,-1.2327,0.0055,-53.00,5.7500,30,eod
NFLX,Long,2023-09-01T14:00:00+00:00,2023-09-01T19:45:00+00:00,44.2500,43.9500,1.3673,-1.0314,2.3987,0.0055,356.00,5.7500,30,eod
DIS,Short,2023-09-01T14:00:00+00:00,2023-09-01T19:45:00+00:00,81.5800,81.6700,3.1462,-1.0314,4.1776,0.0027,-193.00,5.7500,30,eod
LIN,Long,2023-09-05T14:00:00+00:00,2023-09-05T19:45:00+00:00,384.1000,382.7800,-3.7187,-0.3642,-3.3545,0.0030,40.00,5.7500,30,eod
LOW,Short,2023-09-05T14:00:00+00:00,2023-09-05T19:45:00+00:00,230.4300,231.0300,-2.8805,-0.3642,-2.5163,0.0033,-68.00,5.7500,30,eod
UNH,Long,2023-09-05T14:00:00+00:00,2023-09-05T19:45:00+00:00,482.8600,482.0700,2.5906,-0.3642,2.9548,0.0030,32.00,5.7500,30,eod
AAPL,Short,2023-09-06T14:00:00+00:00,2023-09-06T19:45:00+00:00,185.0900,181.9900,-3.6913,-1.2601,-2.4312,0.0040,-84.00,5.7500,30,eod
GE,Long,2023-09-06T14:00:00+00:00,2023-09-06T19:45:00+00:00,90.3900,89.8900,1.6438,-1.2601,2.9039,0.0039,173.00,5.7500,30,eod
T,Short,2023-09-06T14:00:00+00:00,2023-09-06T19:45:00+00:00,14.5000,14.6000,2.0638,-1.2601,3.3239,0.0044,-1080.00,5.7500,30,eod
QCOM,Short,2023-09-07T14:00:00+00:00,2023-09-07T19:45:00+00:00,107.9600,106.3100,-2.6899,-0.4137,-2.2761,0.0044,-145.00,5.7500,30,eod
QCOM,Long,2023-09-07T14:10:00+00:00,2023-09-07T19:45:00+00:00,107.6400,106.3100,-2.8829,0.5231,-3.4060,0.0051,146.00,5.5833,40,eod
AMZN,Long,2023-09-07T14:00:00+00:00,2023-09-07T19:45:00+00:00,135.0100,137.8400,2.1470,-0.4137,2.5607,0.0052,116.00,5.7500,30,eod
PYPL,Short,2023-09-08T14:00:00+00:00,2023-09-08T17:25:00+00:00,60.5500,61.1400,-1.9084,0.4197,-2.3281,0.0051,-259.00,3.4167,30,reversal
LLY,Long,2023-09-08T14:00:00+00:00,2023-09-08T19:45:00+00:00,579.5800,586.6000,2.2418,0.4197,1.8222,0.0050,27.00,5.7500,30,eod
LLY,Short,2023-09-08T16:50:00+00:00,2023-09-08T19:45:00+00:00,586.0000,586.6000,2.8300,-0.2375,3.0675,0.0079,-26.00,2.9167,200,eod
DIS,Short,2023-09-11T14:05:00+00:00,2023-09-11T16:00:00+00:00,82.9100,81.5000,2.4813,-1.1000,3.5813,0.0041,-189.00,1.9167,35,reversal
TSLA,Long,2023-09-11T14:00:00+00:00,2023-09-11T19:45:00+00:00,265.7700,273.3800,1.3861,-1.0261,2.4122,0.0109,59.00,5.7500,30,eod
CVX,Short,2023-09-11T14:00:00+00:00,2023-09-11T19:45:00+00:00,166.0500,163.6500,-3.3530,-1.0261,-2.3269,0.0036,-94.00,5.7500,30,eod
COP,Long,2023-09-11T15:15:00+00:00,2023-09-11T19:45:00+00:00,121.4500,120.4100,-3.7255,-0.5508,-3.1747,0.0047,129.00,4.5000,105,eod
QCOM,Long,2023-09-12T14:00:00+00:00,2023-09-12T19:45:00+00:00,112.5900,111.2500,2.8817,0.6222,2.2595,0.0053,141.00,5.7500,30,eod
AAPL,Short,2023-09-12T14:00:00+00:00,2023-09-12T19:45:00+00:00,178.0200,175.7800,-2.1188,0.6222,-2.7410,0.0045,-89.00,5.7500,30,eod
UNH,Short,2023-09-12T15:10:00+00:00,2023-09-12T19:45:00+00:00,480.7900,480.4000,2.4136,-0.7726,3.1862,0.0047,-33.00,4.5833,100,eod
AMZN,Long,2023-09-13T14:00:00+00:00,2023-09-13T19:45:00+00:00,142.3400,144.3200,1.8818,-0.5086,2.3904,0.0051,111.00,5.7500,30,eod
NFLX,Short,2023-09-13T14:00:00+00:00,2023-09-13T19:45:00+00:00,43.0100,41.1100,-2.4738,-0.5086,-1.9652,0.0060,-370.00,5.7500,30,eod
SCHW,Long,2023-09-13T15:00:00+00:00,2023-09-13T19:45:00+00:00,59.6000,58.7000,-2.6291,0.6184,-3.2475,0.0064,266.00,4.7500,90,eod
T,Short,2023-09-14T14:00:00+00:00,2023-09-14T15:25:00+00:00,15.1100,15.0100,2.6543,-0.9506,3.6049,0.0040,-1067.00,1.4167,30,reversal
DIS,Short,2023-09-14T14:05:00+00:00,2023-09-14T18:35:00+00:00,83.4300,84.6100,-1.8798,-0.8359,-1.0440,0.0046,-193.00,4.5000,35,reversal
JPM,Long,2023-09-14T14:00:00+00:00,2023-09-14T19:45:00+00:00,148.6000,149.4500,1.4812,-0.9506,2.4317,0.0043,108.00,5.7500,30,eod
LIN,Short,2023-09-15T14:00:00+00:00,2023-09-15T19:45:00+00:00,393.0400,387.6500,3.1525,-1.7796,4.9321,0.0038,-40.00,5.7500,30,eod
HD,Short,2023-09-15T14:35:00+00:00,2023-09-15T19:45:00+00:00,325.8600,320.7100,-2.6501,-1.5285,-1.1216,0.0026,-49.00,5.1667,65,eod
PFE,Long,2023-09-15T14:00:00+00:00,2023-09-15T19:45:00+00:00,34.3700,33.9400,1.0548,-1.7796,2.8344,0.0028,468.00,5.7500,30,eod
GOOGL,Long,2023-09-18T14:00:00+00:00,2023-09-18T16:05:00+00:00,138.7400,138.2500,1.6703,-0.1485,1.8188,0.0029,116.00,2.0833,30,reversal
HD,Short,2023-09-18T14:00:00+00:00,2023-09-18T19:45:00+00:00,319.0800,317.2400,-1.8265,-0.1485,-1.6780,0.0029,-50.00,5.7500,30,eod
PFE,Long,2023-09-18T14:00:00+00:00,2023-09-18T19:45:00+00:00,33.6100,33.6100,-3.1719,-0.1485,-3.0234,0.0031,480.00,5.7500,30,eod
FCX,Long,2023-09-19T14:10:00+00:00,2023-09-19T19:45:00+00:00,39.2700,38.8400,-4.3364,-1.2578,-3.0785,0.0066,411.00,5.5833,40,eod
LLY,Short,2023-09-19T14:00:00+00:00,2023-09-19T19:45:00+00:00,575.4900,574.2400,1.6713,-1.7269,3.3982,0.0043,-28.00,5.7500,30,eod
DIS,Short,2023-09-19T14:00:00+00:00,2023-09-19T19:45:00+00:00,82.5700,82.1300,-3.5118,-1.7269,-1.7849,0.0047,-195.00,5.7500,30,eod
T,Long,2023-09-19T14:00:00+00:00,2023-09-19T19:45:00+00:00,15.1200,15.2400,0.8080,-1.7269,2.5350,0.0041,1068.00,5.7500,30,eod
GOOGL,Short,2023-09-20T14:00:00+00:00,2023-09-20T19:45:00+00:00,136.9200,134.0500,-1.9130,0.2037,-2.1168,0.0029,-117.00,5.7500,30,eod
MPC,Long,2023-09-20T14:00:00+00:00,2023-09-20T19:45:00+00:00,154.1600,153.4000,2.4502,0.2037,2.2464,0.0044,104.00,5.7500,30,eod
LIN,Long,2023-09-20T18:35:00+00:00,2023-09-20T19:45:00+00:00,381.4600,380.1600,-3.3391,-0.3097,-3.0295,0.0045,42.00,1.1667,305,eod
T,Short,2023-09-20T15:35:00+00:00,2023-09-20T19:45:00+00:00,15.6100,15.5700,2.2573,-0.9070,3.1643,0.0075,-1036.00,4.1667,125,eod
UNH,Short,2023-09-21T14:00:00+00:00,2023-09-21T19:45:00+00:00,499.6200,502.0200,2.4219,-1.6843,4.1062,0.0050,-32.00,5.7500,30,eod
DIS,Long,2023-09-21T14:00:00+00:00,2023-09-21T19:45:00+00:00,82.7800,82.8200,1.2270,-1.6843,2.9112,0.0051,195.00,5.7500,30,eod
PYPL,Short,2023-09-21T14:00:00+00:00,2023-09-21T19:45:00+00:00,59.0900,58.8000,-3.1778,-1.6843,-1.4935,0.0055,-274.00,5.7500,30,eod
PYPL,Long,2023-09-21T14:35:00+00:00,2023-09-21T19:45:00+00:00,59.0900,58.8000,-3.1649,0.3298,-3.4946,0.0056,273.00,5.1667,65,eod
GOOGL,Long,2023-09-22T14:00:00+00:00,2023-09-22T19:45:00+00:00,131.0600,130.4600,1.9022,0.5396,1.3627,0.0031,123.00,5.7500,30,eod
NFLX,Short,2023-09-22T14:00:00+00:00,2023-09-22T19:45:00+00:00,38.2200,38.0400,-2.1185,0.5396,-2.6581,0.0051,-421.00,5.7500,30,eod
PFE,Long,2023-09-22T14:05:00+00:00,2023-09-22T19:45:00+00:00,32.6300,32.6700,-2.4253,0.7060,-3.1313,0.0036,494.00,5.6667,35,eod
SLB,Short,2023-09-25T14:00:00+00:00,2023-09-25T15:05:00+00:00,58.8900,59.4700,-1.1950,1.5579,-2.7529,0.0054,-273.00,1.0833,30,reversal
NVDA,Long,2023-09-25T14:15:00+00:00,2023-09-25T15:45:00+00:00,42.4600,42.2700,2.5268,1.2921,1.2347,0.0111,379.00,1.5000,45,reversal
SBUX,Long,2023-09-25T18:35:00+00:00,2023-09-25T19:45:00+00:00,92.5500,92.5900,-1.5997,1.4732,-3.0729,0.0044,173.00,1.1667,305,eod
AMZN,Short,2023-09-26T14:00:00+00:00,2023-09-26T17:40:00+00:00,127.6200,126.9700,-2.6533,-1.4982,-1.1551,0.0064,-125.00,3.6667,30,reversal
XOM,Long,2023-09-26T14:00:00+00:00,2023-09-26T19:45:00+00:00,116.2100,116.1800,1.0775,-1.4982,2.5758,0.0031,137.00,5.7500,30,eod
T,Short,2023-09-26T14:00:00+00:00,2023-09-26T19:45:00+00:00,15.0200,15.0100,3.4856,-1.4982,4.9838,0.0053,-1067.00,5.7500,30,eod
COP,Long,2023-09-27T14:00:00+00:00,2023-09-27T19:45:00+00:00,122.4700,122.7900,1.5313,-0.6773,2.2086,0.0051,130.00,5.7500,30,eod
SLB,Short,2023-09-27T14:40:00+00:00,2023-09-27T19:45:00+00:00,60.6300,60.6400,2.5045,-0.7646,3.2690,0.0041,-264.00,5.0833,70,eod
SBUX,Short,2023-09-27T14:00:00+00:00,2023-09-27T19:45:00+00:00,91.7200,90.9500,-2.0954,-0.6773,-1.4182,0.0026,-174.00,5.7500,30,eod
PYPL,Long,2023-09-27T19:00:00+00:00,2023-09-27T19:45:00+00:00,57.5300,57.3200,-3.1470,0.1747,-3.3217,0.0091,279.00,0.7500,330,eod
AMD,Long,2023-09-28T14:00:00+00:00,2023-09-28T16:45:00+00:00,100.9800,103.1800,2.6604,1.6211,1.0392,0.0082,158.00,2.7500,30,reversal
SBUX,Long,2023-09-28T14:00:00+00:00,2023-09-28T19:45:00+00:00,90.6800,91.0900,-2.3586,1.6211,-3.9797,0.0026,176.00,5.7500,30,eod
DIS,Short,2023-09-28T14:00:00+00:00,2023-09-28T19:45:00+00:00,80.2500,80.0400,-1.3533,1.6211,-2.9744,0.0053,-199.00,5.7500,30,eod
ADBE,Long,2023-09-29T14:00:00+00:00,2023-09-29T19:45:00+00:00,516.9300,509.7200,3.9557,1.0976,2.8581,0.0047,31.00,5.7500,30,eod
ADBE,Short,2023-09-29T14:05:00+00:00,2023-09-29T19:45:00+00:00,517.2400,509.7200,4.2677,0.6384,3.6293,0.0045,-31.00,5.6667,35,eod
CAT,Short,2023-09-29T14:00:00+00:00,2023-09-29T19:45:00+00:00,276.7000,273.3300,-1.7777,1.0976,-2.8754,0.0049,-58.00,5.7500,30,eod
BAC,Long,2023-09-29T14:00:00+00:00,2023-09-29T19:45:00+00:00,27.6500,27.3800,-3.1031,1.0976,-4.2007,0.0030,585.00,5.7500,30,eod
XOM,Long,2023-10-02T14:00:00+00:00,2023-10-02T19:45:00+00:00,115.9500,115.3600,-3.3537,1.7197,-5.0734,0.0031,140.00,5.7500,30,eod
SCHW,Short,2023-10-02T14:00:00+00:00,2023-10-02T19:45:00+00:00,54.4800,53.4000,-1.1560,1.7197,-2.8757,0.0054,-298.00,5.7500,30,eod
PFE,Long,2023-10-02T14:00:00+00:00,2023-10-02T19:45:00+00:00,33.4500,33.8600,3.1331,1.7197,1.4134,0.0052,485.00,5.7500,30,eod
PFE,Short,2023-10-02T15:50:00+00:00,2023-10-02T19:45:00+00:00,33.5700,33.8600,3.2620,0.1895,3.0725,0.0061,-484.00,3.9167,140,eod
LLY,Short,2023-10-03T14:00:00+00:00,2023-10-03T14:30:00+00:00,526.0200,525.2500,-3.4352,-1.1218,-2.3134,0.0046,-30.00,0.5000,30,reversal
MU,Short,2023-10-03T14:00:00+00:00,2023-10-03T19:45:00+00:00,68.8800,67.6400,3.4669,-1.1218,4.5887,0.0051,-236.00,5.7500,30,eod
CVX,Long,2023-10-03T14:00:00+00:00,2023-10-03T19:45:00+00:00,166.7500,166.9700,1.1047,-1.1218,2.2265,0.0026,97.00,5.7500,30,eod
AVGO,Long,2023-10-04T14:00:00+00:00,2023-10-04T14:20:00+00:00,82.7000,81.9700,1.3993,-0.7133,2.1126,0.0050,197.00,0.3333,30,reversal
LLY,Short,2023-10-04T14:00:00+00:00,2023-10-04T14:45:00+00:00,533.5700,529.3500,2.5097,-0.7133,3.2231,0.0053,-30.00,0.7500,30,reversal
CVX,Long,2023-10-04T14:40:00+00:00,2023-10-04T19:45:00+00:00,161.8900,162.7900,-2.6334,0.7690,-3.4024,0.0034,100.00,5.0833,70,eod
PYPL,Short,2023-10-04T14:00:00+00:00,2023-10-04T19:45:00+00:00,57.5600,58.5500,-2.4472,-0.7133,-1.7339,0.0050,-284.00,5.7500,30,eod
TXN,Short,2023-10-05T14:00:00+00:00,2023-10-05T19:45:00+00:00,156.7000,155.4200,-3.5707,-2.3465,-1.2242,0.0032,-103.00,5.7500,30,eod
CVX,Short,2023-10-05T14:00:00+00:00,2023-10-05T19:45:00+00:00,163.4200,163.7300,2.0446,-2.3465,4.3912,0.0030,-99.00,5.7500,30,eod
LIN,Long,2023-10-05T17:25:00+00:00,2023-10-05T19:45:00+00:00,367.9700,370.1900,-4.2621,-1.1751,-3.0870,0.0078,44.00,2.3333,235,eod
NKE,Long,2023-10-05T14:00:00+00:00,2023-10-05T19:45:00+00:00,95.7800,95.9500,0.4968,-2.3465,2.8433,0.0044,169.00,5.7500,30,eod
GS,Long,2023-10-06T14:00:00+00:00,2023-10-06T14:15:00+00:00,309.6600,308.5400,1.3095,-0.6568,1.9662,0.0030,52.00,0.2500,30,reversal
CVX,Long,2023-10-06T14:00:00+00:00,2023-10-06T19:45:00+00:00,160.2500,162.9800,-4.8389,-0.6568,-4.1821,0.0036,101.00,5.7500,30,eod
CAT,Short,2023-10-06T14:00:00+00:00,2023-10-06T19:45:00+00:00,258.8600,266.7400,-2.5001,-0.6568,-1.8433,0.0051,-63.00,5.7500,30,eod
LLY,Long,2023-10-09T14:00:00+00:00,2023-10-09T14:20:00+00:00,578.0300,573.2700,2.4228,0.3236,2.0993,0.0070,28.00,0.3333,30,reversal
GE,Long,2023-10-09T14:00:00+00:00,2023-10-09T19:45:00+00:00,87.5700,87.9200,-2.7129,0.3236,-3.0365,0.0036,185.00,5.7500,30,eod
BAC,Short,2023-10-09T14:00:00+00:00,2023-10-09T19:45:00+00:00,25.8600,26.3000,-2.5379,0.3236,-2.8615,0.0029,-626.00,5.7500,30,eod
TSLA,Long,2023-10-10T14:00:00+00:00,2023-10-10T16:15:00+00:00,265.3900,266.2800,2.3634,1.2474,1.1160,0.0079,60.00,2.2500,30,reversal
XOM,Short,2023-10-10T14:00:00+00:00,2023-10-10T19:45:00+00:00,110.2100,110.6100,-1.5777,1.2474,-2.8252,0.0037,-145.00,5.7500,30,eod
CVX,Long,2023-10-10T14:30:00+00:00,2023-10-10T19:45:00+00:00,165.7800,166.5800,-1.4235,2.0056,-3.4291,0.0050,97.00,5.2500,60,eod
COP,Long,2023-10-11T14:00:00+00:00,2023-10-11T14:40:00+00:00,119.7400,118.6900,1.1065,-1.0794,2.1860,0.0043,134.00,0.6667,30,reversal
HD,Short,2023-10-11T14:00:00+00:00,2023-10-11T19:45:00+00:00,297.1400,297.7300,-2.9809,-1.0794,-1.9015,0.0037,-54.00,5.7500,30,eod
LLY,Short,2023-10-11T14:00:00+00:00,2023-10-11T19:45:00+00:00,602.2100,607.2500,2.8503,-1.0794,3.9297,0.0081,-26.00,5.7500,30,eod
JPM,Short,2023-10-12T14:00:00+00:00,2023-10-12T16:15:00+00:00,145.3700,146.8100,-2.3025,0.2064,-2.5089,0.0032,-109.00,2.2500,30,reversal
AVGO,Long,2023-10-12T14:00:00+00:00,2023-10-12T19:45:00+00:00,89.1600,90.5600,1.8854,0.2064,1.6790,0.0056,179.00,5.7500,30,eod
AVGO,Short,2023-10-12T14:35:00+00:00,2023-10-12T19:45:00+00:00,90.4300,90.5600,3.5550,0.4769,3.0781,0.0070,-177.00,5.1667,65,eod
DE,Long,2023-10-12T14:00:00+00:00,2023-10-12T19:45:00+00:00,381.5000,382.7000,-3.4848,0.2064,-3.6912,0.0044,41.00,5.7500,30,eod
JPM,Short,2023-10-13T14:00:00+00:00,2023-10-13T14:10:00+00:00,152.6400,150.5800,3.2502,-0.4220,3.6722,0.0038,-104.00,0.1667,30,reversal
T,Short,2023-10-13T14:00:00+00:00,2023-10-13T14:55:00+00:00,14.3400,14.3800,-2.7147,-0.4220,-2.2927,0.0056,-1114.00,0.9167,30,reversal
TXN,Long,2023-10-13T14:00:00+00:00,2023-10-13T19:45:00+00:00,154.8000,152.8100,1.5497,-0.4220,1.9717,0.0036,103.00,5.7500,30,eod
MU,Long,2023-10-16T14:00:00+00:00,2023-10-16T19:45:00+00:00,69.3400,69.1900,2.0055,-0.2224,2.2279,0.0069,229.00,5.7500,30,eod
COP,Short,2023-10-16T14:00:00+00:00,2023-10-16T19:45:00+00:00,124.7900,125.3000,-2.0385,-0.2224,-1.8161,0.0040,-127.00,5.7500,30,eod
SCHW,Short,2023-10-16T14:00:00+00:00,2023-10-16T19:45:00+00:00,53.2100,53.7300,4.1196,-0.2224,4.3420,0.0077,-299.00,5.7500,30,eod
COIN,Long,2023-10-16T14:00:00+00:00,2023-10-16T19:45:00+00:00,74.0200,75.0300,-3.8477,-0.2224,-3.6253,0.0135,215.00,5.7500,30,eod
BAC,Short,2023-10-17T14:00:00+00:00,2023-10-17T15:10:00+00:00,27.0000,27.4800,-2.1560,-0.8857,-1.2703,0.0043,-589.00,1.1667,30,reversal
GS,Long,2023-10-17T14:00:00+00:00,2023-10-17T19:45:00+00:00,309.5600,309.0000,-4.6439,-0.8857,-3.7582,0.0036,51.00,5.7500,30,eod
COIN,Long,2023-10-17T14:00:00+00:00,2023-10-17T19:45:00+00:00,77.1600,77.4000,1.9589,-0.8857,2.8446,0.0148,206.00,5.7500,30,eod
BAC,Long,2023-10-18T14:00:00+00:00,2023-10-18T14:45:00+00:00,27.9400,27.5100,1.8089,-0.8722,2.6811,0.0046,565.00,0.7500,30,reversal
CAT,Short,2023-10-18T14:00:00+00:00,2023-10-18T15:15:00+00:00,260.9300,262.7700,-2.5202,-0.8722,-1.6480,0.0052,-60.00,1.2500,30,reversal
NVDA,Long,2023-10-18T14:15:00+00:00,2023-10-18T19:45:00+00:00,42.4000,41.8700,-2.8785,0.2013,-3.0798,0.0057,372.00,5.5000,45,eod
XOM,Short,2023-10-18T14:00:00+00:00,2023-10-18T19:45:00+00:00,113.1600,112.5300,2.4442,-0.8722,3.3164,0.0049,-139.00,5.7500,30,eod
AVGO,Short,2023-10-19T14:00:00+00:00,2023-10-19T16:00:00+00:00,87.0000,88.4400,-2.8045,-0.7699,-2.0346,0.0056,-179.00,2.0000,30,reversal
CAT,Long,2023-10-19T14:00:00+00:00,2023-10-19T19:35:00+00:00,258.4400,252.5500,1.4855,-0.7699,2.2553,0.0055,60.00,5.5833,30,reversal
NFLX,Short,2023-10-19T14:15:00+00:00,2023-10-19T19:45:00+00:00,40.3000,40.4200,3.0559,-0.2289,3.2847,0.0062,-386.00,5.5000,45,eod
UNH,Long,2023-10-19T14:10:00+00:00,2023-10-19T19:45:00+00:00,530.4400,531.7400,-2.9770,0.4163,-3.3932,0.0038,29.00,5.5833,40,eod
BAC,Short,2023-10-20T14:00:00+00:00,2023-10-20T15:40:00+00:00,26.4900,26.5400,-2.4537,0.5419,-2.9956,0.0047,-581.00,1.6667,30,reversal
SLB,Long,2023-10-20T14:00:00+00:00,2023-10-20T19:45:00+00:00,57.5800,58.4100,-5.1122,0.5419,-5.6541,0.0065,267.00,5.7500,30,eod
T,Long,2023-10-20T14:00:00+00:00,2023-10-20T19:45:00+00:00,15.6800,15.4100,2.9524,0.5419,2.4105,0.0053,983.00,5.7500,30,eod
T,Short,2023-10-20T14:05:00+00:00,2023-10-20T19:45:00+00:00,15.7600,15.4100,3.7233,0.1614,3.5619,0.0056,-978.00,5.6667,35,eod
NVDA,Long,2023-10-23T14:00:00+00:00,2023-10-23T19:45:00+00:00,41.8500,43.0000,2.6942,1.3614,1.3327,0.0063,372.00,5.7500,30,eod
NFLX,Short,2023-10-23T14:00:00+00:00,2023-10-23T19:45:00+00:00,40.1300,40.7100,-1.6076,1.3614,-2.9690,0.0069,-388.00,5.7500,30,eod
FCX,Long,2023-10-23T14:00:00+00:00,2023-10-23T19:45:00+00:00,33.5200,33.5200,-1.8490,1.3614,-3.2105,0.0061,464.00,5.7500,30,eod
COIN,Long,2023-10-24T14:00:00+00:00,2023-10-24T15:20:00+00:00,88.3500,85.0100,2.1268,-0.5995,2.7262,0.0181,176.00,1.3333,30,reversal
CVX,Long,2023-10-24T19:40:00+00:00,2023-10-24T19:45:00+00:00,157.7700,157.1700,-2.6821,0.3431,-3.0252,0.0058,97.00,0.0833,370,eod
GE,Short,2023-10-24T14:00:00+00:00,2023-10-24T19:45:00+00:00,89.6300,91.0100,2.5316,-0.5995,3.1311,0.0051,-174.00,5.7500,30,eod
LOW,Short,2023-10-24T14:00:00+00:00,2023-10-24T19:45:00+00:00,186.6500,186.0900,-2.0708,-0.5995,-1.4713,0.0046,-83.00,5.7500,30,eod
TXN,Short,2023-10-25T14:00:00+00:00,2023-10-25T15:40:00+00:00,140.9300,142.4200,-3.2019,-1.1531,-2.0488,0.0039,-108.00,1.6667,30,reversal
TSLA,Long,2023-10-25T14:00:00+00:00,2023-10-25T19:45:00+00:00,218.7000,212.6200,1.5726,-1.1531,2.7257,0.0101,70.00,5.7500,30,eod
META,Short,2023-10-25T14:00:00+00:00,2023-10-25T19:45:00+00:00,307.2300,299.7800,2.0206,-1.1531,3.1738,0.0052,-49.00,5.7500,30,eod
ADBE,Long,2023-10-26T14:00:00+00:00,2023-10-26T19:00:00+00:00,523.4300,518.3200,-0.2423,-3.1315,2.8892,0.0054,29.00,5.0000,30,reversal
MU,Long,2023-10-26T14:50:00+00:00,2023-10-26T19:45:00+00:00,64.5000,64.5900,-3.9576,-0.8682,-3.0894,0.0093,236.00,4.9167,80,eod
TXN,Short,2023-10-26T14:00:00+00:00,2023-10-26T19:45:00+00:00,145.8700,144.2600,3.2570,-3.1315,6.3885,0.0040,-104.00,5.7500,30,eod
GE,Short,2023-10-26T14:00:00+00:00,2023-10-26T19:45:00+00:00,86.6200,86.7400,-4.5682,-3.1315,-1.4367,0.0067,-176.00,5.7500,30,eod
AMZN,Long,2023-10-27T14:00:00+00:00,2023-10-27T19:45:00+00:00,128.5000,127.5500,3.2986,0.4746,2.8240,0.0050,118.00,5.7500,30,eod
AMZN,Short,2023-10-27T14:05:00+00:00,2023-10-27T19:45:00+00:00,128.4300,127.5500,2.8663,-0.4342,3.3005,0.0056,-118.00,5.6667,35,eod
BAC,Short,2023-10-27T14:00:00+00:00,2023-10-27T19:45:00+00:00,25.4900,25.1100,-2.4570,0.4746,-2.9316,0.0063,-597.00,5.7500,30,eod
NKE,Long,2023-10-27T14:00:00+00:00,2023-10-27T19:45:00+00:00,98.9800,97.9200,-3.0185,0.4746,-3.4931,0.0040,153.00,5.7500,30,eod
DE,Long,2023-10-30T14:00:00+00:00,2023-10-30T17:20:00+00:00,363.3200,366.5900,-2.4294,0.6317,-3.0610,0.0056,42.00,3.3333,30,reversal
QCOM,Short,2023-10-30T14:00:00+00:00,2023-10-30T19:45:00+00:00,107.6100,108.0100,-1.9353,0.6317,-2.5669,0.0057,-141.00,5.7500,30,eod
MSFT,Long,2023-10-30T14:00:00+00:00,2023-10-30T19:45:00+00:00,336.8200,337.8300,2.8269,0.6317,2.1952,0.0040,45.00,5.7500,30,eod
ADBE,Short,2023-10-30T14:15:00+00:00,2023-10-30T19:45:00+00:00,523.0000,528.9000,2.2827,-0.7299,3.0125,0.0080,-29.00,5.5000,45,eod
SBUX,Short,2023-10-31T14:00:00+00:00,2023-10-31T14:40:00+00:00,92.4500,92.9000,-2.4336,-1.2918,-1.1418,0.0025,-164.00,0.6667,30,reversal
XOM,Long,2023-10-31T14:00:00+00:00,2023-10-31T19:05:00+00:00,105.6500,105.7900,1.5483,-1.2918,2.8401,0.0055,144.00,5.0833,30,reversal
AMD,Long,2023-11-01T14:00:00+00:00,2023-11-01T19:45:00+00:00,103.0900,107.9900,2.7374,0.6201,2.1173,0.0063,147.00,5.7500,30,eod
MPC,Short,2023-11-01T14:00:00+00:00,2023-11-01T19:45:00+00:00,155.5300,155.8400,3.7159,0.6201,3.0958,0.0061,-97.00,5.7500,30,eod
SBUX,Long,2023-11-01T14:00:00+00:00,2023-11-01T19:45:00+00:00,90.6800,91.3800,-2.9317,0.6201,-3.5518,0.0028,167.00,5.7500,30,eod
DIS,Short,2023-11-01T14:00:00+00:00,2023-11-01T19:45:00+00:00,80.9900,80.8700,-1.3527,0.6201,-1.9728,0.0035,-187.00,5.7500,30,eod
META,Short,2023-11-02T14:00:00+00:00,2023-11-02T19:45:00+00:00,311.1300,310.4000,-1.8308,-0.0355,-1.7953,0.0069,-49.00,5.7500,30,eod
CVX,Long,2023-11-02T14:00:00+00:00,2023-11-02T19:45:00+00:00,146.5400,148.7700,2.2530,-0.0355,2.2885,0.0044,105.00,5.7500,30,eod
PYPL,Short,2023-11-02T15:00:00+00:00,2023-11-02T19:45:00+00:00,54.7600,55.0700,3.8789,0.7484,3.1305,0.0058,-282.00,4.7500,90,eod
AMZN,Short,2023-11-03T14:00:00+00:00,2023-11-03T19:45:00+00:00,138.2600,138.2600,-0.7566,1.3116,-2.0682,0.0048,-111.00,5.7500,30,eod
MPC,Long,2023-11-03T14:15:00+00:00,2023-11-03T19:45:00+00:00,151.5500,150.8400,-1.7324,1.3638,-3.0962,0.0087,102.00,5.5000,45,eod
SBUX,Long,2023-11-03T14:00:00+00:00,2023-11-03T19:45:00+00:00,102.5000,102.9800,3.8593,1.3116,2.5477,0.0038,151.00,5.7500,30,eod
SBUX,Short,2023-11-03T14:05:00+00:00,2023-11-03T19:45:00+00:00,102.7700,102.9800,5.2190,1.2723,3.9467,0.0033,-150.00,5.6667,35,eod
TXN,Short,2023-11-06T15:00:00+00:00,2023-11-06T20:45:00+00:00,147.4500,147.3100,-3.0952,-0.2750,-2.8203,0.0046,-104.00,5.7500,30,eod
TXN,Long,2023-11-06T15:30:00+00:00,2023-11-06T20:45:00+00:00,146.7700,147.3100,-3.2243,-0.0966,-3.1276,0.0058,105.00,5.2500,60,eod
LLY,Long,2023-11-06T15:00:00+00:00,2023-11-06T20:45:00+00:00,584.3600,593.9900,2.5585,-0.2750,2.8335,0.0080,26.00,5.7500,30,eod
LLY,Short,2023-11-06T15:10:00+00:00,2023-11-06T20:45:00+00:00,588.0900,593.9900,3.0436,-0.8049,3.8486,0.0089,-26.00,5.5833,40,eod
ADBE,Long,2023-11-07T15:55:00+00:00,2023-11-07T18:25:00+00:00,587.3200,582.3700,3.4506,2.1640,1.2866,0.0085,26.00,2.5000,85,reversal
COP,Short,2023-11-07T15:00:00+00:00,2023-11-07T20:45:00+00:00,115.1700,115.3000,-0.9974,1.7905,-2.7879,0.0045,-134.00,5.7500,30,eod
LIN,Long,2023-11-07T15:00:00+00:00,2023-11-07T20:45:00+00:00,385.5800,389.4300,-2.1370,1.7905,-3.9275,0.0045,40.00,5.7500,30,eod
LOW,Short,2023-11-08T17:40:00+00:00,2023-11-08T20:15:00+00:00,193.3200,194.7300,-1.8919,-0.8058,-1.0861,0.0053,-79.00,2.5833,190,reversal
HD,Long,2023-11-08T15:00:00+00:00,2023-11-08T20:45:00+00:00,296.7900,295.8800,1.5481,-1.3281,2.8762,0.0045,51.00,5.7500,30,eod
NKE,Short,2023-11-08T15:00:00+00:00,2023-11-08T20:45:00+00:00,110.2300,109.2600,1.9522,-1.3281,3.2803,0.0060,-139.00,5.7500,30,eod
MU,Short,2023-11-09T15:00:00+00:00,2023-11-09T20:45:00+00:00,75.6700,73.6100,3.3012,0.2207,3.0805,0.0072,-203.00,5.7500,30,eod
COP,Short,2023-11-09T15:00:00+00:00,2023-11-09T20:45:00+00:00,114.5900,114.2900,-2.2318,0.2207,-2.4526,0.0050,-134.00,5.7500,30,eod
DIS,Long,2023-11-09T15:00:00+00:00,2023-11-09T20:45:00+00:00,89.7000,90.1800,1.6992,0.2207,1.4785,0.0034,171.00,5.7500,30,eod
AMD,Long,2023-11-10T15:00:00+00:00,2023-11-10T17:55:00+00:00,116.8600,119.0900,3.3889,0.5910,2.7979,0.0070,133.00,2.9167,30,reversal
PFE,Short,2023-11-10T15:00:00+00:00,2023-11-10T20:45:00+00:00,29.3900,29.4600,-1.6795,0.5910,-2.2705,0.0060,-529.00,5.7500,30,eod
DIS,Long,2023-11-10T15:00:00+00:00,2023-11-10T20:45:00+00:00,87.6100,88.1400,-3.7089,0.5910,-4.2999,0.0044,177.00,5.7500,30,eod
LLY,Short,2023-11-13T17:30:00+00:00,2023-11-13T20:45:00+00:00,609.8300,612.0700,3.8163,0.5768,3.2394,0.0112,-25.00,3.2500,180,eod
DIS,Long,2023-11-13T15:00:00+00:00,2023-11-13T20:45:00+00:00,88.6100,89.6600,2.4785,-0.4146,2.8931,0.0048,176.00,5.7500,30,eod
COIN,Short,2023-11-13T15:05:00+00:00,2023-11-13T20:45:00+00:00,89.6600,92.2000,-1.7586,-0.3410,-1.4176,0.0155,-174.00,5.6667,35,eod
SCHW,Long,2023-11-14T15:00:00+00:00,2023-11-14T16:50:00+00:00,54.5500,55.9300,-1.9932,1.5631,-3.5562,0.0088,284.00,1.8333,30,reversal
SLB,Short,2023-11-14T15:00:00+00:00,2023-11-14T18:45:00+00:00,53.9300,54.5400,-1.0683,1.5631,-2.6314,0.0055,-288.00,3.7500,30,reversal
FCX,Long,2023-11-14T15:05:00+00:00,2023-11-14T20:45:00+00:00,35.4200,35.2300,3.2066,1.1774,2.0293,0.0050,438.00,5.6667,35,eod
FCX,Short,2023-11-14T15:55:00+00:00,2023-11-14T20:45:00+00:00,35.5700,35.2300,4.4363,0.8471,3.5892,0.0046,-436.00,4.8333,85,eod
NVDA,Short,2023-11-15T15:00:00+00:00,2023-11-15T20:45:00+00:00,49.0600,48.7500,-3.0639,-1.0787,-1.9852,0.0047,-318.00,5.7500,30,eod
DE,Short,2023-11-15T15:00:00+00:00,2023-11-15T20:45:00+00:00,379.9100,380.3600,2.1320,-1.0787,3.2107,0.0063,-41.00,5.7500,30,eod
FCX,Long,2023-11-15T15:00:00+00:00,2023-11-15T20:45:00+00:00,35.6900,35.9500,1.7556,-1.0787,2.8343,0.0058,438.00,5.7500,30,eod
TXN,Short,2023-11-16T15:00:00+00:00,2023-11-16T20:45:00+00:00,151.8800,151.9700,-1.7310,1.1359,-2.8669,0.0040,-103.00,5.7500,30,eod
AMZN,Long,2023-11-16T15:00:00+00:00,2023-11-16T20:45:00+00:00,142.6700,142.7500,2.7968,1.1359,1.6609,0.0066,109.00,5.7500,30,eod
GOOGL,Short,2023-11-16T15:15:00+00:00,2023-11-16T20:45:00+00:00,136.4900,136.8400,3.2909,-0.0145,3.3055,0.0043,-114.00,5.5000,45,eod
SLB,Long,2023-11-16T15:00:00+00:00,2023-11-16T20:45:00+00:00,52.2800,51.9600,-2.9469,1.1359,-4.0828,0.0061,300.00,5.7500,30,eod
FCX,Short,2023-11-17T15:00:00+00:00,2023-11-17T17:35:00+00:00,35.5800,36.1800,-2.4602,-0.1382,-2.3220,0.0060,-439.00,2.5833,30,reversal
MU,Long,2023-11-17T15:00:00+00:00,2023-11-17T20:45:00+00:00,77.6700,77.5600,1.8703,-0.1382,2.0085,0.0074,201.00,5.7500,30,eod
NVDA,Long,2023-11-20T15:00:00+00:00,2023-11-20T18:30:00+00:00,49.8000,49.8900,3.1570,1.0196,2.1374,0.0037,311.00,3.5000,30,reversal
SBUX,Short,2023-11-20T15:00:00+00:00,2023-11-20T20:45:00+00:00,104.4500,104.3100,-1.0688,1.0196,-2.0884,0.0053,-148.00,5.7500,30,eod
SBUX,Long,2023-11-20T15:55:00+00:00,2023-11-20T20:45:00+00:00,104.0800,104.3100,-2.1671,0.9029,-3.0700,0.0042,149.00,4.8333,85,eod
LOW,Short,2023-11-21T15:00:00+00:00,2023-11-21T15:15:00+00:00,198.4100,200.6800,-2.6913,-0.5655,-2.1259,0.0036,-78.00,0.2500,30,reversal
CRM,Long,2023-11-21T15:00:00+00:00,2023-11-21T19:05:00+00:00,225.5900,223.7500,1.4379,-0.5655,2.0033,0.0043,68.00,4.0833,30,reversal
TSLA,Short,2023-11-21T15:00:00+00:00,2023-11-21T20:45:00+00:00,242.4400,241.4900,2.7786,-0.5655,3.3441,0.0086,-64.00,5.7500,30,eod
NVDA,Short,2023-11-22T15:05:00+00:00,2023-11-22T20:45:00+00:00,47.8100,48.7800,-6.3204,-3.8176,-2.5028,0.0070,-322.00,5.6667,35,eod
NVDA,Long,2023-11-22T15:00:00+00:00,2023-11-22T20:45:00+00:00,47.9400,48.7800,-6.4459,-3.0773,-3.3685,0.0065,322.00,5.7500,30,eod
AMZN,Long,2023-11-22T15:00:00+00:00,2023-11-22T20:45:00+00:00,146.7200,146.5900,-0.2729,-3.0773,2.8045,0.0060,105.00,5.7500,30,eod
SLB,Short,2023-11-22T15:00:00+00:00,2023-11-22T20:45:00+00:00,51.7100,52.5300,1.8981,-3.0773,4.9754,0.0061,-298.00,5.7500,30,eod
NVDA,Short,2023-11-24T15:00:00+00:00,2023-11-27T14:30:00+00:00,48.2700,47.9000,-1.5121,-0.4585,-1.0536,0.0069,-315.00,71.5000,30,reversal
CVX,Long,2023-11-24T15:00:00+00:00,2023-11-27T14:35:00+00:00,145.8700,143.7700,2.0183,-0.4585,2.4768,0.0039,104.00,71.5833,30,reversal
XOM,Short,2023-11-24T15:00:00+00:00,2023-11-27T14:40:00+00:00,105.3700,103.4500,2.7213,-0.4585,3.1798,0.0042,-144.00,71.6667,30,reversal
UNH,Short,2023-11-27T15:00:00+00:00,2023-11-27T20:45:00+00:00,546.2400,543.5400,-1.5892,0.7588,-2.3480,0.0032,-27.00,5.7500,30,eod
UNH,Long,2023-11-27T15:05:00+00:00,2023-11-27T20:45:00+00:00,545.4900,543.5400,-2.1552,1.7297,-3.8849,0.0030,28.00,5.6667,35,eod
COIN,Long,2023-11-27T15:00:00+00:00,2023-11-27T20:45:00+00:00,117.5900,119.5200,1.8983,0.7588,1.1395,0.0171,129.00,5.7500,30,eod
MU,Short,2023-11-28T15:00:00+00:00,2023-11-28T20:45:00+00:00,74.5100,75.9100,-2.6258,-0.1798,-2.4460,0.0071,-205.00,5.7500,30,eod
MU,Long,2023-11-28T15:15:00+00:00,2023-11-28T20:45:00+00:00,74.0400,75.9100,-3.4270,-0.2565,-3.1705,0.0073,206.00,5.5000,45,eod
CVX,Long,2023-11-28T15:00:00+00:00,2023-11-28T20:45:00+00:00,145.3100,145.3900,1.5540,-0.1798,1.7338,0.0044,105.00,5.7500,30,eod
PYPL,Short,2023-11-29T15:00:00+00:00,2023-11-29T15:20:00+00:00,59.2600,58.9300,-2.3279,-0.7795,-1.5484,0.0064,-260.00,0.3333,30,reversal
GS,Long,2023-11-29T15:00:00+00:00,2023-11-29T20:45:00+00:00,339.8700,340.6500,1.3601,-0.7795,2.1396,0.0042,45.00,5.7500,30,eod
SCHW,Short,2023-11-29T15:00:00+00:00,2023-11-29T20:45:00+00:00,58.5500,59.7100,3.5786,-0.7795,4.3580,0.0060,-263.00,5.7500,30,eod
CRM,Short,2023-11-30T15:05:00+00:00,2023-11-30T19:10:00+00:00,246.3400,248.8700,-4.1357,-2.5889,-1.5468,0.0050,-62.00,4.0833,35,reversal
LIN,Short,2023-11-30T15:00:00+00:00,2023-11-30T20:45:00+00:00,415.1600,415.3300,2.9967,-3.1421,6.1388,0.0034,-37.00,5.7500,30,eod
NKE,Long,2023-11-30T15:00:00+00:00,2023-11-30T20:45:00+00:00,109.3800,109.9100,-0.5435,-3.1421,2.5987,0.0044,140.00,5.7500,30,eod
CVX,Long,2023-12-01T15:00:00+00:00,2023-12-01T18:00:00+00:00,145.6500,145.7700,2.9691,1.1412,1.8280,0.0045,105.00,3.0000,30,reversal
MSFT,Short,2023-12-01T15:00:00+00:00,2023-12-01T20:45:00+00:00,375.0600,374.2900,-0.9266,1.1412,-2.0678,0.0042,-40.00,5.7500,30,eod
MSFT,Long,2023-12-01T16:10:00+00:00,2023-12-01T20:45:00+00:00,373.0700,374.2900,-1.5787,1.4422,-3.0209,0.0058,41.00,4.5833,100,eod
CRM,Short,2023-12-01T15:20:00+00:00,2023-12-01T20:45:00+00:00,256.8500,260.0700,3.2269,0.1819,3.0450,0.0049,-59.00,5.4167,50,eod
LLY,Short,2023-12-04T15:00:00+00:00,2023-12-04T15:25:00+00:00,575.4800,576.7100,-2.7275,-0.3796,-2.3479,0.0063,-26.00,0.4167,30,reversal
HD,Long,2023-12-04T15:00:00+00:00,2023-12-04T20:45:00+00:00,324.2000,324.0600,2.2971,-0.3796,2.6768,0.0033,47.00,5.7500,30,eod
LOW,Short,2023-12-04T15:00:00+00:00,2023-12-04T20:45:00+00:00,207.7500,207.6500,2.9377,-0.3796,3.3173,0.0045,-73.00,5.7500,30,eod
AMZN,Long,2023-12-05T15:10:00+00:00,2023-12-05T20:45:00+00:00,147.4100,146.9000,3.7962,2.4787,1.3176,0.0075,103.00,5.5833,40,eod
COP,Short,2023-12-05T15:00:00+00:00,2023-12-05T20:45:00+00:00,114.5100,113.5600,-0.0870,2.9069,-2.9939,0.0050,-133.00,5.7500,30,eod
BAC,Long,2023-12-05T15:00:00+00:00,2023-12-05T20:45:00+00:00,30.5700,30.5500,-1.8031,2.9069,-4.7100,0.0031,499.00,5.7500,30,eod
SBUX,Short,2023-12-06T15:00:00+00:00,2023-12-06T16:25:00+00:00,95.4800,96.4700,-3.5405,-0.9885,-2.5520,0.0038,-159.00,1.4167,30,reversal
DE,Long,2023-12-06T15:00:00+00:00,2023-12-06T20:45:00+00:00,369.0300,365.5300,1.8312,-0.9885,2.8197,0.0050,41.00,5.7500,30,eod
JPM,Long,2023-12-06T16:00:00+00:00,2023-12-06T20:45:00+00:00,157.1700,156.1700,-3.6618,-0.5710,-3.0908,0.0034,96.00,4.7500,90,eod
T,Short,2023-12-06T15:00:00+00:00,2023-12-06T20:45:00+00:00,17.2200,16.9800,4.8059,-0.9885,5.7944,0.0038,-886.00,5.7500,30,eod
DIS,Long,2023-12-07T15:00:00+00:00,2023-12-07T19:25:00+00:00,92.5700,92.5800,1.9048,-0.9267,2.8315,0.0039,164.00,4.4167,30,reversal
DIS,Short,2023-12-07T15:05:00+00:00,2023-12-07T19:25:00+00:00,92.6900,92.5800,2.0876,-1.0485,3.1361,0.0042,-163.00,4.3333,35,reversal
GE,Short,2023-12-07T15:00:00+00:00,2023-12-07T20:45:00+00:00,94.9600,95.0100,-2.4375,-0.9267,-1.5109,0.0030,-159.00,5.7500,30,eod
GE,Long,2023-12-07T16:55:00+00:00,2023-12-07T20:45:00+00:00,94.6300,95.0100,-2.1252,0.9671,-3.0923,0.0051,160.00,3.8333,145,eod
PYPL,Long,2023-12-08T15:00:00+00:00,2023-12-08T17:45:00+00:00,59.3900,59.0400,3.4699,1.5631,1.9069,0.0071,256.00,2.7500,30,reversal
NFLX,Short,2023-12-08T15:00:00+00:00,2023-12-08T20:45:00+00:00,45.3400,45.3000,-0.6412,1.5631,-2.2042,0.0027,-335.00,5.7500,30,eod
UNH,Long,2023-12-08T15:00:00+00:00,2023-12-08T20:45:00+00:00,546.4100,551.3100,-2.1588,1.5631,-3.7219,0.0034,27.00,5.7500,30,eod
AMD,Long,2023-12-11T15:00:00+00:00,2023-12-11T20:45:00+00:00,132.4600,134.4200,3.4935,0.8878,2.6057,0.0071,114.00,5.7500,30,eod
AMD,Short,2023-12-11T15:10:00+00:00,2023-12-11T20:45:00+00:00,133.7200,134.4200,4.3858,1.1431,3.2427,0.0079,-114.00,5.5833,40,eod
GE,Short,2023-12-11T15:00:00+00:00,2023-12-11T20:45:00+00:00,95.7900,95.8400,-1.6680,0.8878,-2.5558,0.0027,-158.00,5.7500,30,eod
LLY,Long,2023-12-11T15:00:00+00:00,2023-12-11T20:45:00+00:00,583.1000,584.1100,-3.3574,0.8878,-4.2452,0.0058,26.00,5.7500,30,eod
AVGO,Long,2023-12-12T15:00:00+00:00,2023-12-12T20:45:00+00:00,105.6100,107.3700,2.1743,1.0078,1.1665,0.0081,144.00,5.7500,30,eod
NFLX,Short,2023-12-12T15:00:00+00:00,2023-12-12T20:45:00+00:00,46.0700,46.2900,-1.2774,1.0078,-2.2852,0.0034,-330.00,5.7500,30,eod
PYPL,Long,2023-12-12T15:00:00+00:00,2023-12-12T20:45:00+00:00,58.2100,58.8000,-2.0484,1.0078,-3.0562,0.0078,261.00,5.7500,30,eod
NFLX,Short,2023-12-13T15:15:00+00:00,2023-12-13T20:45:00+00:00,47.0600,48.1000,3.1920,-0.1185,3.3106,0.0044,-325.00,5.5000,45,eod
SLB,Short,2023-12-13T15:00:00+00:00,2023-12-13T20:45:00+00:00,48.6700,49.1800,-1.9629,-0.4806,-1.4822,0.0083,-314.00,5.7500,30,eod
LLY,Long,2023-12-13T15:00:00+00:00,2023-12-13T20:45:00+00:00,590.5000,596.4000,1.8485,-0.4806,2.3292,0.0066,25.00,5.7500,30,eod
SLB,Long,2023-12-14T15:00:00+00:00,2023-12-14T20:45:00+00:00,51.1400,52.4900,2.3182,-0.6387,2.9570,0.0090,296.00,5.7500,30,eod
GS,Short,2023-12-14T15:00:00+00:00,2023-12-14T20:45:00+00:00,380.2500,382.9700,5.7103,-0.6387,6.3490,0.0044,-39.00,5.7500,30,eod
LLY,Short,2023-12-14T15:00:00+00:00,2023-12-14T20:45:00+00:00,581.8000,572.3200,-2.1142,-0.6387,-1.4755,0.0071,-26.00,5.7500,30,eod
AVGO,Long,2023-12-15T15:00:00+00:00,2023-12-15T20:45:00+00:00,114.5900,113.0300,2.5148,0.7305,1.7843,0.0108,133.00,5.7500,30,eod
COP,Short,2023-12-15T15:00:00+00:00,2023-12-15T20:45:00+00:00,114.5300,114.9300,-1.9389,0.7305,-2.6694,0.0047,-133.00,5.7500,30,eod
COP,Long,2023-12-15T15:20:00+00:00,2023-12-15T20:45:00+00:00,113.6700,114.9300,-2.5003,0.7950,-3.2953,0.0066,134.00,5.4167,50,eod
NFLX,Long,2023-12-18T15:00:00+00:00,2023-12-18T16:55:00+00:00,48.8100,48.3500,2.7896,0.6058,2.1837,0.0043,314.00,1.9167,30,reversal
T,Short,2023-12-18T15:00:00+00:00,2023-12-18T20:45:00+00:00,16.5200,16.4500,-2.2755,0.6058,-2.8813,0.0055,-928.00,5.7500,30,eod
T,Long,2023-12-18T16:55:00+00:00,2023-12-18T20:45:00+00:00,16.5100,16.4500,-2.5142,0.5169,-3.0311,0.0052,926.00,3.8333,145,eod
AMZN,Short,2023-12-19T15:00:00+00:00,2023-12-19T20:45:00+00:00,153.0000,153.3700,-1.3350,-0.0965,-1.2385,0.0065,-99.00,5.7500,30,eod
GS,Long,2023-12-19T15:00:00+00:00,2023-12-19T20:45:00+00:00,380.8600,383.1500,2.3679,-0.0965,2.4644,0.0049,40.00,5.7500,30,eod
TSLA,Long,2023-12-20T15:00:00+00:00,2023-12-20T15:35:00+00:00,259.4200,257.7900,1.9403,0.6840,1.2563,0.0081,58.00,0.5833,30,reversal
LIN,Short,2023-12-20T15:00:00+00:00,2023-12-20T20:00:00+00:00,407.6400,407.8900,-1.7694,0.6840,-2.4534,0.0047,-37.00,5.0000,30,reversal
PFE,Long,2023-12-20T15:25:00+00:00,2023-12-20T20:00:00+00:00,27.7500,27.7500,-2.0225,0.9883,-3.0108,0.0063,548.00,4.5833,55,reversal
AAPL,Short,2023-12-21T15:00:00+00:00,2023-12-21T20:45:00+00:00,195.4700,194.6400,-2.7418,-1.0006,-1.7412,0.0027,-77.00,5.7500,30,eod
GE,Long,2023-12-21T15:00:00+00:00,2023-12-21T20:45:00+00:00,99.7800,100.9600,0.9023,-1.0006,1.9028,0.0040,152.00,5.7500,30,eod
SCHW,Long,2023-12-22T15:00:00+00:00,2023-12-22T15:15:00+00:00,69.0500,68.5100,2.0872,0.5735,1.5137,0.0041,221.00,0.2500,30,reversal
NKE,Short,2023-12-22T15:00:00+00:00,2023-12-22T16:00:00+00:00,109.3400,110.1400,-1.3732,0.5735,-1.9468,0.0038,-139.00,1.0000,30,reversal
NKE,Long,2023-12-22T15:20:00+00:00,2023-12-22T16:00:00+00:00,108.6700,110.1400,-2.9926,0.2103,-3.2029,0.0038,140.00,0.6667,50,reversal
COIN,Short,2023-12-22T16:55:00+00:00,2023-12-22T20:45:00+00:00,177.0700,174.9900,2.8318,-0.1745,3.0063,0.0145,-86.00,3.8333,145,eod
MU,Long,2023-12-26T15:00:00+00:00,2023-12-26T17:55:00+00:00,87.6800,87.0400,1.7878,0.1928,1.5950,0.0057,175.00,2.9167,30,reversal
NKE,Short,2023-12-26T15:00:00+00:00,2023-12-26T18:00:00+00:00,107.6600,108.4000,-1.5884,0.1928,-1.7812,0.0037,-142.00,3.0000,30,reversal
GOOGL,Short,2023-12-27T15:00:00+00:00,2023-12-27T20:45:00+00:00,140.7000,140.1400,-1.7660,0.0349,-1.8009,0.0036,-108.00,5.7500,30,eod
COIN,Long,2023-12-27T15:00:00+00:00,2023-12-27T20:45:00+00:00,185.7800,185.8400,3.0128,0.0349,2.9779,0.0144,82.00,5.7500,30,eod
COIN,Short,2023-12-27T15:10:00+00:00,2023-12-27T20:45:00+00:00,184.0300,185.8400,2.2017,-1.3100,3.5117,0.0152,-82.00,5.5833,40,eod
GOOGL,Short,2023-12-28T15:00:00+00:00,2023-12-28T16:20:00+00:00,139.8200,140.3400,-1.5695,-0.3617,-1.2078,0.0040,-108.00,1.3333,30,reversal
TSLA,Long,2023-12-28T19:00:00+00:00,2023-12-28T20:45:00+00:00,255.9800,253.8400,-3.2226,-0.1120,-3.1106,0.0092,59.00,1.7500,270,eod
T,Long,2023-12-28T15:00:00+00:00,2023-12-28T20:45:00+00:00,16.8200,16.7500,2.4577,-0.3617,2.8194,0.0046,903.00,5.7500,30,eod
T,Short,2023-12-28T15:05:00+00:00,2023-12-28T20:45:00+00:00,16.8200,16.7500,2.6149,-0.4316,3.0465,0.0044,-902.00,5.6667,35,eod
CVX,Long,2023-12-29T15:00:00+00:00,2023-12-29T15:30:00+00:00,150.1000,149.2900,1.8868,-0.1093,1.9961,0.0020,100.00,0.5000,30,reversal
AAPL,Short,2023-12-29T15:00:00+00:00,2023-12-29T16:15:00+00:00,193.4000,192.3400,-1.7478,-0.1093,-1.6385,0.0019,-78.00,1.2500,30,reversal
LIN,Short,2023-12-29T15:40:00+00:00,2023-12-29T20:45:00+00:00,411.3400,410.9800,1.6913,-1.4077,3.0989,0.0037,-36.00,5.0833,70,eod
COIN,Short,2024-01-02T15:00:00+00:00,2024-01-02T15:05:00+00:00,165.7200,169.4700,-3.0562,-1.7316,-1.3246,0.0145,-91.00,0.0833,30,reversal
SBUX,Long,2024-01-02T17:10:00+00:00,2024-01-02T20:45:00+00:00,94.1900,93.8400,-4.0562,-0.9402,-3.1160,0.0044,158.00,3.5833,160,eod
UNH,Long,2024-01-02T15:00:00+00:00,2024-01-02T20:45:00+00:00,532.4700,538.7800,1.2339,-1.7316,2.9655,0.0039,28.00,5.7500,30,eod
PFE,Short,2024-01-02T15:00:00+00:00,2024-01-02T20:45:00+00:00,29.5700,29.7800,3.4359,-1.7316,5.1675,0.0050,-511.00,5.7500,30,eod
JPM,Long,2024-01-03T15:00:00+00:00,2024-01-03T16:40:00+00:00,170.6000,171.4200,-2.8274,1.0339,-3.8613,0.0023,87.00,1.6667,30,reversal
AAPL,Short,2024-01-03T15:00:00+00:00,2024-01-03T20:45:00+00:00,184.8200,184.2500,-1.8424,1.0339,-2.8762,0.0024,-81.00,5.7500,30,eod
MPC,Long,2024-01-03T15:00:00+00:00,2024-01-03T20:45:00+00:00,155.7000,158.3400,3.2060,1.0339,2.1721,0.0058,96.00,5.7500,30,eod
MPC,Short,2024-01-03T15:05:00+00:00,2024-01-03T20:45:00+00:00,156.4200,158.3400,3.4881,-0.0846,3.5726,0.0067,-96.00,5.6667,35,eod
COP,Long,2024-01-04T15:05:00+00:00,2024-01-04T20:45:00+00:00,119.4500,116.5100,-2.5437,1.2164,-3.7601,0.0042,125.00,5.6667,35,eod
JPM,Long,2024-01-04T15:00:00+00:00,2024-01-04T20:45:00+00:00,172.7200,171.6500,2.9294,0.6425,2.2869,0.0027,86.00,5.7500,30,eod
DIS,Short,2024-01-04T15:00:00+00:00,2024-01-04T20:45:00+00:00,90.6500,90.8100,-2.3119,0.6425,-2.9543,0.0029,-165.00,5.7500,30,eod
PYPL,Short,2024-01-04T15:00:00+00:00,2024-01-04T20:45:00+00:00,58.2300,58.5700,3.9501,0.6425,3.3076,0.0030,-257.00,5.7500,30,eod
LOW,Long,2024-01-05T15:00:00+00:00,2024-01-05T15:35:00+00:00,214.0100,213.5100,3.6522,2.1629,1.4893,0.0022,69.00,0.5833,30,reversal
NFLX,Short,2024-01-05T15:00:00+00:00,2024-01-05T17:35:00+00:00,47.6100,47.5000,-0.7149,2.1629,-2.8778,0.0053,-310.00,2.5833,30,reversal
UNH,Long,2024-01-05T15:00:00+00:00,2024-01-05T20:45:00+00:00,538.5000,538.2400,-2.5350,2.1629,-4.6979,0.0037,27.00,5.7500,30,eod
T,Short,2024-01-05T19:50:00+00:00,2024-01-05T20:45:00+00:00,17.4300,17.4500,1.9166,-1.1187,3.0353,0.0064,-846.00,0.9167,320,eod
NVDA,Long,2024-01-08T15:00:00+00:00,2024-01-08T19:35:00+00:00,51.1400,51.6800,5.5821,3.2581,2.3240,0.0043,288.00,4.5833,30,reversal
NVDA,Short,2024-01-08T15:05:00+00:00,2024-01-08T19:35:00+00:00,51.3000,51.6800,5.7912,2.6882,3.1031,0.0047,-287.00,4.5000,35,reversal
TSLA,Short,2024-01-08T15:00:00+00:00,2024-01-08T20:45:00+00:00,238.0300,240.4500,0.3133,3.2581,-2.9448,0.0075,-61.00,5.7500,30,eod
JPM,Long,2024-01-08T15:00:00+00:00,2024-01-08T20:45:00+00:00,169.6900,171.5300,-3.9452,3.2581,-7.2033,0.0033,86.00,5.7500,30,eod
GE,Long,2024-01-09T15:00:00+00:00,2024-01-09T16:40:00+00:00,102.1900,102.3000,1.8148,-0.6940,2.5088,0.0041,143.00,1.6667,30,reversal
CVX,Short,2024-01-09T15:05:00+00:00,2024-01-09T20:45:00+00:00,147.5300,145.7700,-1.7992,0.2799,-2.0792,0.0028,-99.00,5.6667,35,eod
CVX,Long,2024-01-09T15:20:00+00:00,2024-01-09T20:45:00+00:00,147.1500,145.7700,-2.3794,0.9637,-3.3430,0.0032,99.00,5.4167,50,eod
QCOM,Short,2024-01-10T15:00:00+00:00,2024-01-10T20:45:00+00:00,138.0900,138.9200,-2.7861,-1.4127,-1.3734,0.0034,-106.00,5.7500,30,eod
META,Short,2024-01-10T15:00:00+00:00,2024-01-10T20:45:00+00:00,366.5300,369.8400,2.0822,-1.4127,3.4949,0.0060,-40.00,5.7500,30,eod
MSFT,Long,2024-01-10T15:00:00+00:00,2024-01-10T20:45:00+00:00,379.4700,381.8400,0.8783,-1.4127,2.2909,0.0031,38.00,5.7500,30,eod
NFLX,Long,2024-01-10T15:55:00+00:00,2024-01-10T20:45:00+00:00,47.5100,47.8400,-2.3397,0.7773,-3.1171,0.0077,308.00,4.8333,85,eod
QCOM,Short,2024-01-11T15:15:00+00:00,2024-01-11T16:15:00+00:00,137.4600,136.5300,-4.0966,-2.9137,-1.1829,0.0034,-106.00,1.0000,45,reversal
DE,Short,2024-01-11T15:00:00+00:00,2024-01-11T19:05:00+00:00,394.7400,391.6200,0.7009,-3.2394,3.9404,0.0040,-37.00,4.0833,30,reversal
TXN,Long,2024-01-11T15:00:00+00:00,2024-01-11T20:00:00+00:00,166.5500,165.9000,-0.3798,-3.2394,2.8596,0.0043,87.00,5.0000,30,reversal
T,Long,2024-01-11T20:25:00+00:00,2024-01-11T20:45:00+00:00,16.2000,16.2100,-4.3675,-0.8294,-3.5381,0.0069,905.00,0.3333,355,eod
JPM,Long,2024-01-12T15:00:00+00:00,2024-01-12T20:45:00+00:00,171.9800,169.3100,-4.5606,-0.8000,-3.7606,0.0050,85.00,5.7500,30,eod
GS,Short,2024-01-12T15:00:00+00:00,2024-01-12T20:45:00+00:00,379.5000,378.3400,-3.5276,-0.8000,-2.7276,0.0043,-38.00,5.7500,30,eod
PFE,Long,2024-01-12T15:00:00+00:00,2024-01-12T20:45:00+00:00,28.8800,28.7400,1.1847,-0.8000,1.9848,0.0077,507.00,5.7500,30,eod
LIN,Long,2024-01-16T15:00:00+00:00,2024-01-16T15:25:00+00:00,409.2600,409.0500,2.1836,-0.7848,2.9684,0.0028,35.00,0.4167,30,reversal
TSLA,Short,2024-01-16T15:00:00+00:00,2024-01-16T20:45:00+00:00,219.1600,219.5200,3.5704,-0.7848,4.3552,0.0091,-66.00,5.7500,30,eod
COP,Short,2024-01-16T15:00:00+00:00,2024-01-16T20:45:00+00:00,109.7100,108.6700,-2.9120,-0.7848,-2.1273,0.0050,-132.00,5.7500,30,eod
COP,Long,2024-01-16T15:10:00+00:00,2024-01-16T20:45:00+00:00,109.2900,108.6700,-2.9501,0.3553,-3.3054,0.0062,132.00,5.5833,40,eod
XOM,Long,2024-01-17T15:00:00+00:00,2024-01-17T16:05:00+00:00,97.8400,97.2200,1.7938,-0.8979,2.6917,0.0047,148.00,1.0833,30,reversal
SCHW,Short,2024-01-17T15:00:00+00:00,2024-01-17T20:45:00+00:00,61.5800,63.5500,5.6946,-0.8979,6.5925,0.0043,-235.00,5.7500,30,eod
NKE,Short,2024-01-17T15:00:00+00:00,2024-01-17T20:45:00+00:00,100.5400,100.7600,-2.6583,-0.8979,-1.7604,0.0028,-144.00,5.7500,30,eod
DIS,Long,2024-01-17T15:00:00+00:00,2024-01-17T20:45:00+00:00,91.4800,90.3900,-5.0724,-0.8979,-4.1746,0.0045,158.00,5.7500,30,eod
SCHW,Long,2024-01-18T15:00:00+00:00,2024-01-18T16:20:00+00:00,62.5800,62.2700,1.4784,-1.0289,2.5073,0.0045,227.00,1.3333,30,reversal
NKE,Short,2024-01-18T15:00:00+00:00,2024-01-18T18:30:00+00:00,100.3800,100.3400,-2.7296,-1.0289,-1.7006,0.0030,-142.00,3.5000,30,reversal
UNH,Short,2024-01-18T18:10:00+00:00,2024-01-18T20:45:00+00:00,509.9500,516.1000,2.2576,-1.0666,3.3241,0.0070,-27.00,2.5833,220,eod
DIS,Long,2024-01-19T15:00:00+00:00,2024-01-19T15:30:00+00:00,93.2000,92.1400,2.8783,0.6903,2.1880,0.0053,152.00,0.5000,30,reversal
PYPL,Short,2024-01-19T15:30:00+00:00,2024-01-19T19:00:00+00:00,64.7900,65.3900,3.3430,0.1797,3.1633,0.0100,-217.00,3.5000,60,reversal
SLB,Long,2024-01-19T15:25:00+00:00,2024-01-19T20:45:00+00:00,49.0300,49.5300,-2.4946,0.6834,-3.1780,0.0066,287.00,5.3333,55,eod
UNH,Short,2024-01-19T15:00:00+00:00,2024-01-19T20:45:00+00:00,512.4700,502.9000,-2.1259,0.6903,-2.8162,0.0039,-27.00,5.7500,30,eod
TSLA,Long,2024-01-22T15:00:00+00:00,2024-01-22T15:45:00+00:00,216.6900,209.3300,1.2869,-1.5038,2.7908,0.0094,65.00,0.7500,30,reversal
MU,Short,2024-01-22T15:05:00+00:00,2024-01-22T16:05:00+00:00,88.5700,88.5900,-2.3295,-0.9921,-1.3374,0.0064,-160.00,1.0000,35,reversal
LOW,Short,2024-01-22T15:00:00+00:00,2024-01-22T20:45:00+00:00,219.9200,219.7400,3.5964,-1.5038,5.1003,0.0043,-64.00,5.7500,30,eod
LLY,Long,2024-01-23T15:00:00+00:00,2024-01-23T16:30:00+00:00,615.4500,624.2400,-2.3624,0.9518,-3.3142,0.0050,22.00,1.5000,30,reversal
GE,Long,2024-01-23T15:00:00+00:00,2024-01-23T20:45:00+00:00,103.2900,103.9900,2.9527,0.9518,2.0009,0.0054,135.00,5.7500,30,eod
GE,Short,2024-01-23T15:10:00+00:00,2024-01-23T20:45:00+00:00,104.2300,103.9900,4.3429,1.2553,3.0876,0.0058,-134.00,5.5833,40,eod
DIS,Short,2024-01-23T15:00:00+00:00,2024-01-23T20:45:00+00:00,93.7100,93.7700,-1.8787,0.9518,-2.8305,0.0060,-149.00,5.7500,30,eod
NFLX,Long,2024-01-24T15:00:00+00:00,2024-01-24T16:25:00+00:00,55.8600,55.0100,2.3787,-0.1723,2.5510,0.0088,252.00,1.4167,30,reversal
GE,Short,2024-01-24T15:00:00+00:00,2024-01-24T20:00:00+00:00,101.6000,103.2500,-2.6622,-0.1723,-2.4899,0.0058,-138.00,5.0000,30,reversal
AVGO,Short,2024-01-24T18:35:00+00:00,2024-01-24T20:45:00+00:00,127.5700,125.4700,3.8204,0.7486,3.0718,0.0089,-109.00,2.1667,245,eod
T,Long,2024-01-24T15:10:00+00:00,2024-01-24T20:45:00+00:00,16.7100,16.7400,-2.4264,0.6462,-3.0726,0.0051,841.00,5.5833,40,eod
MPC,Long,2024-01-25T15:00:00+00:00,2024-01-25T15:30:00+00:00,157.2600,156.0900,1.6588,-0.7358,2.3946,0.0047,89.00,0.5000,30,reversal
QCOM,Short,2024-01-25T15:00:00+00:00,2024-01-25T20:45:00+00:00,155.2900,154.5400,-2.2434,-0.7358,-1.5076,0.0056,-90.00,5.7500,30,eod
CAT,Short,2024-01-25T15:00:00+00:00,2024-01-25T20:45:00+00:00,299.5000,299.6200,2.5460,-0.7358,3.2818,0.0058,-46.00,5.7500,30,eod
COP,Long,2024-01-26T17:10:00+00:00,2024-01-26T18:45:00+00:00,110.5600,111.6600,-2.2525,0.8088,-3.0613,0.0059,126.00,1.5833,160,reversal
NFLX,Short,2024-01-26T17:40:00+00:00,2024-01-26T20:45:00+00:00,57.7500,56.8800,2.8492,-0.2396,3.0888,0.0099,-242.00,3.0833,190,eod
SBUX,Short,2024-01-26T15:05:00+00:00,2024-01-26T20:45:00+00:00,92.5700,92.8100,-1.8968,-0.8057,-1.0911,0.0040,-151.00,5.6667,35,eod
UNH,Long,2024-01-26T15:00:00+00:00,2024-01-26T20:45:00+00:00,496.6300,502.4500,2.1953,-0.7893,2.9845,0.0056,28.00,5.7500,30,eod
SBUX,Short,2024-01-29T15:00:00+00:00,2024-01-29T17:35:00+00:00,92.3400,93.1900,-2.0996,-0.4989,-1.6007,0.0033,-153.00,2.5833,30,reversal
MSFT,Long,2024-01-29T15:00:00+00:00,2024-01-29T20:25:00+00:00,407.2000,409.2600,1.8339,-0.4989,2.3328,0.0032,34.00,5.4167,30,reversal
COIN,Short,2024-01-29T15:55:00+00:00,2024-01-29T20:35:00+00:00,135.2300,132.2000,3.2069,-0.3918,3.5987,0.0207,-104.00,4.6667,85,reversal
GS,Short,2024-01-30T15:00:00+00:00,2024-01-30T17:30:00+00:00,382.6400,383.3700,-2.6584,-0.6323,-2.0261,0.0038,-37.00,2.5000,30,reversal
MPC,Short,2024-01-30T15:40:00+00:00,2024-01-30T20:45:00+00:00,163.7500,169.9300,2.7033,-0.5975,3.3009,0.0066,-86.00,5.0833,70,eod
BAC,Long,2024-01-30T15:00:00+00:00,2024-01-30T20:45:00+00:00,34.3600,34.8000,1.2512,-0.6323,1.8835,0.0056,413.00,5.7500,30,eod
PFE,Long,2024-01-30T15:00:00+00:00,2024-01-30T20:45:00+00:00,27.1200,27.1000,-3.9360,-0.6323,-3.3037,0.0084,523.00,5.7500,30,eod
LLY,Short,2024-01-31T15:00:00+00:00,2024-01-31T15:25:00+00:00,661.4400,650.0000,2.4396,-0.9398,3.3794,0.0041,-21.00,0.4167,30,reversal
MSFT,Long,2024-01-31T15:00:00+00:00,2024-01-31T20:45:00+00:00,405.1700,398.6100,-4.8941,-0.9398,-3.9543,0.0043,34.00,5.7500,30,eod
MPC,Short,2024-01-31T15:00:00+00:00,2024-01-31T20:45:00+00:00,168.3100,165.9200,-3.0555,-0.9398,-2.1158,0.0053,-83.00,5.7500,30,eod
T,Long,2024-01-31T15:00:00+00:00,2024-01-31T20:45:00+00:00,17.6600,17.7000,1.4811,-0.9398,2.4208,0.0042,795.00,5.7500,30,eod
AMZN,Long,2024-02-01T15:00:00+00:00,2024-02-01T17:10:00+00:00,158.6500,157.6600,2.1071,-0.4188,2.5259,0.0045,88.00,2.1667,30,reversal
BAC,Short,2024-02-01T15:00:00+00:00,2024-02-01T20:45:00+00:00,33.5400,33.5200,-2.9287,-0.4188,-2.5099,0.0066,-420.00,5.7500,30,eod
BAC,Long,2024-02-01T15:05:00+00:00,2024-02-01T20:45:00+00:00,33.6100,33.5200,-2.5613,0.6272,-3.1885,0.0067,419.00,5.6667,35,eod
LLY,Short,2024-02-01T16:20:00+00:00,2024-02-01T20:45:00+00:00,652.8500,657.7500,2.3140,-0.7193,3.0333,0.0036,-21.00,4.4167,110,eod
META,Long,2024-02-02T15:00:00+00:00,2024-02-02T20:45:00+00:00,474.5500,474.4200,3.8719,2.0371,1.8348,0.0086,29.00,5.7500,30,eod
MPC,Long,2024-02-02T15:00:00+00:00,2024-02-02T20:45:00+00:00,164.6800,166.7800,-3.0560,2.0371,-5.0931,0.0062,85.00,5.7500,30,eod
T,Short,2024-02-02T15:00:00+00:00,2024-02-02T20:45:00+00:00,17.8000,17.8700,-0.9534,2.0371,-2.9905,0.0047,-786.00,5.7500,30,eod
FCX,Short,2024-02-05T15:00:00+00:00,2024-02-05T15:25:00+00:00,38.1200,38.4100,-3.5146,-2.0184,-1.4962,0.0066,-367.00,0.4167,30,reversal
CAT,Long,2024-02-05T15:00:00+00:00,2024-02-05T20:45:00+00:00,319.2900,321.1200,-5.3386,-2.0184,-3.3202,0.0070,43.00,5.7500,30,eod
GE,Long,2024-02-05T15:00:00+00:00,2024-02-05T20:45:00+00:00,109.6200,109.6700,0.9796,-2.0184,2.9980,0.0053,127.00,5.7500,30,eod
LLY,Short,2024-02-05T15:00:00+00:00,2024-02-05T20:45:00+00:00,707.5800,706.9500,4.6674,-2.0184,6.6858,0.0056,-19.00,5.7500,30,eod
COP,Long,2024-02-06T15:00:00+00:00,2024-02-06T20:45:00+00:00,110.9400,111.3600,0.6961,-2.1476,2.8437,0.0048,126.00,5.7500,30,eod
NKE,Short,2024-02-06T15:00:00+00:00,2024-02-06T20:45:00+00:00,101.5600,102.4000,3.6884,-2.1476,5.8360,0.0043,-137.00,5.7500,30,eod
LLY,Short,2024-02-06T15:25:00+00:00,2024-02-06T20:45:00+00:00,704.7200,701.8200,-4.3596,-2.2965,-2.0631,0.0056,-19.00,5.3333,55,eod
LLY,Long,2024-02-06T16:20:00+00:00,2024-02-06T20:45:00+00:00,696.1100,701.8200,-4.9708,-1.3560,-3.6148,0.0073,20.00,4.4167,110,eod
MU,Long,2024-02-07T15:00:00+00:00,2024-02-07T18:35:00+00:00,84.3700,84.0900,2.0966,-0.4606,2.5573,0.0071,166.00,3.5833,30,reversal
CVX,Short,2024-02-07T15:00:00+00:00,2024-02-07T20:45:00+00:00,152.5500,151.8400,-2.8878,-0.4606,-2.4271,0.0028,-92.00,5.7500,30,eod
CVX,Long,2024-02-07T15:05:00+00:00,2024-02-07T20:45:00+00:00,152.1300,151.8400,-3.8773,0.2462,-4.1236,0.0028,92.00,5.6667,35,eod
LLY,Short,2024-02-07T15:00:00+00:00,2024-02-07T20:45:00+00:00,734.1000,727.5400,4.8812,-0.4606,5.3418,0.0076,-19.00,5.7500,30,eod
DIS,Long,2024-02-08T15:00:00+00:00,2024-02-08T20:45:00+00:00,108.9200,110.2100,2.3781,0.6204,1.7578,0.0067,129.00,5.7500,30,eod
DIS,Short,2024-02-08T16:15:00+00:00,2024-02-08T20:45:00+00:00,110.6600,110.2100,3.9985,0.8046,3.1939,0.0080,-127.00,4.5000,105,eod
PYPL,Short,2024-02-08T15:00:00+00:00,2024-02-08T20:45:00+00:00,57.4400,55.7800,-2.2371,0.6204,-2.8575,0.0065,-244.00,5.7500,30,eod
PYPL,Long,2024-02-08T15:05:00+00:00,2024-02-08T20:45:00+00:00,56.9800,55.7800,-3.5037,0.5101,-4.0138,0.0064,247.00,5.6667,35,eod
T,Long,2024-02-09T15:00:00+00:00,2024-02-09T15:30:00+00:00,16.8700,16.7800,2.6067,0.8392,1.7675,0.0053,833.00,0.5000,30,reversal
CVX,Long,2024-02-09T15:15:00+00:00,2024-02-09T20:45:00+00:00,153.1500,151.1000,-2.7571,1.2073,-3.9644,0.0042,91.00,5.5000,45,eod
DE,Short,2024-02-09T15:00:00+00:00,2024-02-09T20:45:00+00:00,382.2200,382.0600,-1.3673,0.8392,-2.2065,0.0042,-36.00,5.7500,30,eod
QCOM,Long,2024-02-12T15:00:00+00:00,2024-02-12T20:45:00+00:00,152.7700,153.1200,2.2943,-0.3653,2.6596,0.0058,91.00,5.7500,30,eod
ADBE,Short,2024-02-12T15:00:00+00:00,2024-02-12T20:45:00+00:00,615.4000,613.1500,-2.0923,-0.3653,-1.7270,0.0058,-22.00,5.7500,30,eod
GS,Short,2024-02-12T15:00:00+00:00,2024-02-12T20:45:00+00:00,389.5900,392.1700,3.2400,-0.3653,3.6053,0.0039,-35.00,5.7500,30,eod
AMZN,Long,2024-02-13T15:00:00+00:00,2024-02-13T16:50:00+00:00,169.2800,169.5800,2.6546,0.6311,2.0235,0.0051,82.00,1.8333,30,reversal
GS,Long,2024-02-13T15:00:00+00:00,2024-02-13T20:45:00+00:00,380.2100,377.9100,-3.1128,0.6311,-3.7438,0.0048,36.00,5.7500,30,eod
SCHW,Short,2024-02-13T15:00:00+00:00,2024-02-13T20:45:00+00:00,62.9500,62.3800,-2.1531,0.6311,-2.7842,0.0060,-221.00,5.7500,30,eod
AVGO,Short,2024-02-14T15:00:00+00:00,2024-02-14T20:45:00+00:00,125.0400,126.0300,-1.9391,-0.0575,-1.8816,0.0070,-111.00,5.7500,30,eod
GE,Short,2024-02-14T16:00:00+00:00,2024-02-14T20:45:00+00:00,115.6100,116.7500,2.1061,-0.8990,3.0051,0.0049,-119.00,4.7500,90,eod
COIN,Long,2024-02-14T15:00:00+00:00,2024-02-14T20:45:00+00:00,157.5300,159.7600,2.6359,-0.0575,2.6933,0.0161,88.00,5.7500,30,eod
DE,Short,2024-02-15T15:05:00+00:00,2024-02-15T15:15:00+00:00,366.6300,370.0500,-2.2394,-0.9402,-1.2992,0.0048,-37.00,0.1667,35,reversal
UNH,Long,2024-02-15T15:00:00+00:00,2024-02-15T17:30:00+00:00,521.4600,518.5400,1.0905,-1.7562,2.8467,0.0045,26.00,2.5000,30,reversal
CVX,Short,2024-02-15T15:00:00+00:00,2024-02-15T20:45:00+00:00,151.7500,154.2400,2.8461,-1.7562,4.6023,0.0037,-91.00,5.7500,30,eod
DE,Long,2024-02-15T17:30:00+00:00,2024-02-15T20:45:00+00:00,363.0900,363.6600,-3.2296,-0.0616,-3.1680,0.0063,37.00,3.2500,180,eod
FCX,Long,2024-02-16T15:00:00+00:00,2024-02-16T16:25:00+00:00,39.2300,39.1600,-0.4659,-3.3937,2.9278,0.0087,351.00,1.4167,30,reversal
ADBE,Short,2024-02-16T15:00:00+00:00,2024-02-16T20:45:00+00:00,569.1300,549.8400,-4.4347,-3.3937,-1.0410,0.0070,-24.00,5.7500,30,eod
ADBE,Long,2024-02-16T15:15:00+00:00,2024-02-16T20:45:00+00:00,566.0400,549.8400,-5.5429,-2.3558,-3.1871,0.0065,24.00,5.5000,45,eod
T,Short,2024-02-16T15:00:00+00:00,2024-02-16T20:45:00+00:00,17.0100,16.9800,1.8131,-3.3937,5.2068,0.0059,-809.00,5.7500,30,eod
TSLA,Short,2024-02-20T15:25:00+00:00,2024-02-20T20:45:00+00:00,191.4200,193.4700,-3.9632,-2.2244,-1.7388,0.0088,-71.00,5.3333,55,eod
CVX,Long,2024-02-20T15:00:00+00:00,2024-02-20T20:45:00+00:00,155.1100,154.0600,0.3205,-2.6555,2.9760,0.0038,87.00,5.7500,30,eod
PFE,Short,2024-02-20T15:00:00+00:00,2024-02-20T20:45:00+00:00,27.9800,27.5700,1.2538,-2.6555,3.9093,0.0072,-487.00,5.7500,30,eod
LIN,Short,2024-02-21T15:00:00+00:00,2024-02-21T15:20:00+00:00,435.6000,436.9400,-0.8919,0.3822,-1.2741,0.0033,-31.00,0.3333,30,reversal
HD,Long,2024-02-21T15:00:00+00:00,2024-02-21T20:45:00+00:00,362.6300,362.9200,2.9414,0.3822,2.5592,0.0033,37.00,5.7500,30,eod
HD,Short,2024-02-21T15:05:00+00:00,2024-02-21T20:45:00+00:00,363.5100,362.9200,3.9970,0.0256,3.9714,0.0030,-37.00,5.6667,35,eod
NVDA,Long,2024-02-22T15:00:00+00:00,2024-02-22T17:45:00+00:00,77.1300,77.3500,2.3174,0.7326,1.5848,0.0098,176.00,2.7500,30,reversal
TXN,Short,2024-02-22T15:00:00+00:00,2024-02-22T20:45:00+00:00,163.7600,165.5600,-1.8373,0.7326,-2.5699,0.0035,-83.00,5.7500,30,eod
TXN,Long,2024-02-22T15:05:00+00:00,2024-02-22T20:45:00+00:00,163.9200,165.5600,-1.9111,1.2994,-3.2105,0.0029,83.00,5.6667,35,eod
DIS,Short,2024-02-23T15:00:00+00:00,2024-02-23T15:10:00+00:00,106.0400,106.8400,-2.3683,-0.7786,-1.5896,0.0055,-128.00,0.1667,30,reversal
BAC,Long,2024-02-23T15:00:00+00:00,2024-02-23T20:45:00+00:00,34.0000,33.9400,1.5831,-0.7786,2.3617,0.0069,401.00,5.7500,30,eod
UNH,Short,2024-02-23T15:00:00+00:00,2024-02-23T20:45:00+00:00,529.5200,527.8300,2.4185,-0.7786,3.1972,0.0036,-25.00,5.7500,30,eod
GOOGL,Long,2024-02-26T17:20:00+00:00,2024-02-26T20:45:00+00:00,138.4400,137.6000,-2.7532,0.4626,-3.2158,0.0056,98.00,3.4167,170,eod
XOM,Long,2024-02-26T15:00:00+00:00,2024-02-26T20:45:00+00:00,104.8000,104.6300,2.2856,-0.4062,2.6917,0.0051,129.00,5.7500,30,eod
MPC,Short,2024-02-26T15:00:00+00:00,2024-02-26T20:45:00+00:00,173.5600,173.2000,3.2324,-0.4062,3.6385,0.0058,-78.00,5.7500,30,eod
T,Short,2024-02-26T15:05:00+00:00,2024-02-26T20:45:00+00:00,16.6700,16.6300,-1.3412,-0.2024,-1.1388,0.0062,-815.00,5.6667,35,eod
CVX,Short,2024-02-27T15:00:00+00:00,2024-02-27T17:55:00+00:00,150.7400,151.4700,-2.4476,-0.2813,-2.1663,0.0047,-90.00,2.9167,30,reversal
CVX,Long,2024-02-27T15:15:00+00:00,2024-02-27T17:55:00+00:00,150.1800,151.4700,-2.7921,0.2660,-3.0582,0.0054,90.00,2.6667,45,reversal
HD,Long,2024-02-27T15:00:00+00:00,2024-02-27T20:45:00+00:00,375.0200,375.3800,2.5762,-0.2813,2.8575,0.0039,36.00,5.7500,30,eod
LOW,Short,2024-02-27T15:00:00+00:00,2024-02-27T20:45:00+00:00,237.6900,235.5800,6.0539,-0.2813,6.3352,0.0044,-57.00,5.7500,30,eod
UNH,Short,2024-02-28T15:00:00+00:00,2024-02-28T20:20:00+00:00,489.4400,495.5300,-3.1540,-0.6496,-2.5044,0.0039,-27.00,5.3333,30,reversal
UNH,Long,2024-02-28T15:05:00+00:00,2024-02-28T20:20:00+00:00,486.5500,495.5300,-4.4795,-0.3640,-4.1155,0.0040,28.00,5.2500,35,reversal
LIN,Short,2024-02-28T15:00:00+00:00,2024-02-28T20:45:00+00:00,448.7300,451.5200,2.3850,-0.6496,3.0346,0.0032,-30.00,5.7500,30,eod
DIS,Long,2024-02-28T15:00:00+00:00,2024-02-28T20:45:00+00:00,110.1100,110.8700,2.0363,-0.6496,2.6859,0.0063,123.00,5.7500,30,eod
AMD,Short,2024-02-29T15:55:00+00:00,2024-02-29T20:45:00+00:00,187.9900,192.5400,2.0159,-0.9944,3.0102,0.0164,-72.00,4.8333,85,eod
AMZN,Long,2024-02-29T15:00:00+00:00,2024-02-29T20:45:00+00:00,175.1500,175.2100,1.7809,0.0862,1.6947,0.0045,78.00,5.7500,30,eod
LIN,Short,2024-02-29T15:00:00+00:00,2024-02-29T20:45:00+00:00,446.5000,449.6900,-2.8339,0.0862,-2.9201,0.0039,-30.00,5.7500,30,eod
UNH,Long,2024-02-29T19:10:00+00:00,2024-02-29T20:45:00+00:00,491.8900,493.7000,-3.3465,-0.2472,-3.0992,0.0049,27.00,1.5833,280,eod
LLY,Long,2024-03-01T15:00:00+00:00,2024-03-01T16:10:00+00:00,778.1300,775.0400,1.7608,-0.1767,1.9375,0.0069,17.00,1.1667,30,reversal
PYPL,Short,2024-03-01T15:20:00+00:00,2024-03-01T16:20:00+00:00,61.4700,60.9400,4.0431,0.6846,3.3585,0.0039,-221.00,1.0000,50,reversal
AAPL,Short,2024-03-01T15:00:00+00:00,2024-03-01T20:45:00+00:00,179.0800,179.6600,-1.8400,-0.1767,-1.6633,0.0038,-75.00,5.7500,30,eod
UNH,Long,2024-03-01T15:00:00+00:00,2024-03-01T20:45:00+00:00,478.3700,489.3400,-3.9168,-0.1767,-3.7402,0.0047,28.00,5.7500,30,eod
MSFT,Long,2024-03-04T15:00:00+00:00,2024-03-04T20:45:00+00:00,417.0800,414.8600,2.2618,-0.3226,2.5844,0.0047,32.00,5.7500,30,eod
LIN,Short,2024-03-04T15:20:00+00:00,2024-03-04T20:45:00+00:00,455.4700,456.0800,2.9068,-0.1459,3.0528,0.0038,-29.00,5.4167,50,eod
PYPL,Short,2024-03-04T15:00:00+00:00,2024-03-04T20:45:00+00:00,59.2400,60.0700,-2.6767,-0.3226,-2.3541,0.0070,-230.00,5.7500,30,eod
PYPL,Long,2024-03-04T15:10:00+00:00,2024-03-04T20:45:00+00:00,59.1000,60.0700,-4.0293,-0.1612,-3.8682,0.0052,231.00,5.5833,40,eod
MSFT,Short,2024-03-05T15:00:00+00:00,2024-03-05T20:45:00+00:00,406.4600,402.2900,-1.6880,-0.1347,-1.5534,0.0050,-33.00,5.7500,30,eod
MPC,Long,2024-03-05T15:00:00+00:00,2024-03-05T20:45:00+00:00,177.4200,174.8200,2.8116,-0.1347,2.9462,0.0066,77.00,5.7500,30,eod
JPM,Short,2024-03-05T15:05:00+00:00,2024-03-05T20:45:00+00:00,188.7400,188.0400,2.2692,-1.6148,3.8840,0.0041,-72.00,5.6667,35,eod
QCOM,Long,2024-03-06T15:00:00+00:00,2024-03-06T20:45:00+00:00,166.3700,168.0000,0.6600,-2.2510,2.9110,0.0067,82.00,5.7500,30,eod
GOOGL,Short,2024-03-06T15:00:00+00:00,2024-03-06T20:45:00+00:00,131.2300,131.4900,-3.2658,-2.2510,-1.0149,0.0036,-104.00,5.7500,30,eod
PFE,Short,2024-03-06T15:00:00+00:00,2024-03-06T20:45:00+00:00,27.0900,27.1800,1.4908,-2.2510,3.7417,0.0050,-505.00,5.7500,30,eod
DIS,Long,2024-03-06T16:10:00+00:00,2024-03-06T20:45:00+00:00,110.7000,109.9800,-3.0378,0.0139,-3.0517,0.0070,124.00,4.5833,100,eod
DE,Long,2024-03-07T15:00:00+00:00,2024-03-07T16:25:00+00:00,375.1100,373.8800,2.6450,0.0091,2.6359,0.0047,36.00,1.4167,30,reversal
JPM,Long,2024-03-07T16:20:00+00:00,2024-03-07T20:45:00+00:00,188.5800,187.8200,-1.6737,1.5693,-3.2430,0.0042,72.00,4.4167,110,eod
PFE,Short,2024-03-07T15:00:00+00:00,2024-03-07T20:45:00+00:00,26.9500,26.8400,-1.5375,0.0091,-1.5466,0.0055,-506.00,5.7500,30,eod
GE,Short,2024-03-08T15:00:00+00:00,2024-03-08T15:30:00+00:00,139.2700,136.6800,4.5055,1.1603,3.3451,0.0047,-97.00,0.5000,30,reversal
LLY,Short,2024-03-08T15:00:00+00:00,2024-03-08T15:40:00+00:00,764.1600,773.5100,-0.8862,1.1603,-2.0465,0.0058,-17.00,0.6667,30,reversal
AVGO,Long,2024-03-08T15:00:00+00:00,2024-03-08T20:45:00+00:00,135.6700,131.6900,-3.4343,1.1603,-4.5946,0.0074,100.00,5.7500,30,eod
GOOGL,Long,2024-03-08T15:00:00+00:00,2024-03-08T20:45:00+00:00,137.0300,135.5200,2.8574,1.1603,1.6971,0.0042,99.00,5.7500,30,eod
GOOGL,Long,2024-03-11T14:00:00+00:00,2024-03-11T14:55:00+00:00,138.1800,138.2100,2.5391,-0.1367,2.6758,0.0041,97.00,0.9167,30,reversal
CAT,Short,2024-03-11T14:00:00+00:00,2024-03-11T19:45:00+00:00,333.1900,334.7400,-3.1032,-0.1367,-2.9665,0.0041,-40.00,5.7500,30,eod
GE,Long,2024-03-11T14:00:00+00:00,2024-03-11T19:45:00+00:00,130.4700,132.7400,-3.6408,-0.1367,-3.5041,0.0060,103.00,5.7500,30,eod
META,Long,2024-03-12T14:00:00+00:00,2024-03-12T16:00:00+00:00,493.5000,495.3100,3.0474,0.8238,2.2236,0.0050,27.00,2.0000,30,reversal
GE,Short,2024-03-12T14:00:00+00:00,2024-03-12T19:45:00+00:00,131.6700,133.6500,-1.4503,0.8238,-2.2741,0.0064,-102.00,5.7500,30,eod
PFE,Long,2024-03-12T14:00:00+00:00,2024-03-12T19:45:00+00:00,27.8600,27.9500,-2.3562,0.8238,-3.1800,0.0053,484.00,5.7500,30,eod
GS,Long,2024-03-13T14:00:00+00:00,2024-03-13T19:45:00+00:00,390.3100,392.0700,0.6938,-2.2397,2.9335,0.0071,34.00,5.7500,30,eod
HD,Short,2024-03-13T14:00:00+00:00,2024-03-13T19:45:00+00:00,378.6900,379.9100,1.5605,-2.2397,3.8002,0.0031,-35.00,5.7500,30,eod
SBUX,Short,2024-03-13T14:05:00+00:00,2024-03-13T19:45:00+00:00,91.8300,91.7700,-2.5252,-1.3628,-1.1624,0.0031,-146.00,5.6667,35,eod
SBUX,Long,2024-03-13T14:25:00+00:00,2024-03-13T19:45:00+00:00,91.1000,91.7700,-4.5324,-0.9200,-3.6124,0.0035,148.00,5.3333,55,eod
TXN,Long,2024-03-14T14:00:00+00:00,2024-03-14T14:35:00+00:00,172.1100,172.1800,-0.8741,-3.7451,2.8710,0.0036,78.00,0.5833,30,reversal
QCOM,Short,2024-03-14T14:10:00+00:00,2024-03-14T16:10:00+00:00,167.6300,167.8500,-2.8259,-1.3967,-1.4291,0.0044,-80.00,2.0000,40,reversal
MSFT,Short,2024-03-14T14:00:00+00:00,2024-03-14T19:45:00+00:00,422.5900,424.0200,0.9093,-3.7451,4.6544,0.0047,-31.00,5.7500,30,eod
AMD,Long,2024-03-15T14:00:00+00:00,2024-03-15T19:45:00+00:00,187.6600,192.3900,0.6314,-2.1516,2.7830,0.0099,71.00,5.7500,30,eod
AMZN,Short,2024-03-15T14:00:00+00:00,2024-03-15T19:45:00+00:00,175.2400,175.0300,-3.4964,-2.1516,-1.3449,0.0036,-76.00,5.7500,30,eod
GE,Short,2024-03-15T14:00:00+00:00,2024-03-15T19:45:00+00:00,133.8600,135.1300,1.8843,-2.1516,4.0359,0.0073,-100.00,5.7500,30,eod
UNH,Long,2024-03-18T14:00:00+00:00,2024-03-18T14:25:00+00:00,490.9000,489.0500,1.4742,-0.3979,1.8721,0.0037,27.00,0.4167,30,reversal
NFLX,Short,2024-03-18T15:30:00+00:00,2024-03-18T19:45:00+00:00,62.3000,62.1100,2.8674,-0.2943,3.1617,0.0066,-216.00,4.2500,120,eod
HD,Short,2024-03-18T14:00:00+00:00,2024-03-18T19:45:00+00:00,373.6800,372.3800,-2.3508,-0.3979,-1.9528,0.0040,-36.00,5.7500,30,eod
HD,Long,2024-03-18T14:10:00+00:00,2024-03-18T19:45:00+00:00,373.1600,372.3800,-2.8410,0.4637,-3.3047,0.0038,36.00,5.5833,40,eod
NVDA,Short,2024-03-19T14:00:00+00:00,2024-03-19T15:25:00+00:00,85.8900,86.9100,-2.3923,-0.5043,-1.8880,0.0066,-157.00,1.4167,30,reversal
SBUX,Long,2024-03-19T14:00:00+00:00,2024-03-19T16:35:00+00:00,91.6500,91.4200,2.4112,-0.5043,2.9155,0.0031,147.00,2.5833,30,reversal
SBUX,Short,2024-03-19T14:15:00+00:00,2024-03-19T16:35:00+00:00,91.7000,91.4200,2.0981,-1.0005,3.0986,0.0039,-147.00,2.3333,45,reversal
PYPL,Long,2024-03-19T18:10:00+00:00,2024-03-19T19:45:00+00:00,62.8600,63.1300,-1.6277,1.3856,-3.0133,0.0098,214.00,1.5833,280,eod
ADBE,Short,2024-03-20T14:20:00+00:00,2024-03-20T17:15:00+00:00,513.6400,517.0900,-1.6308,-0.3125,-1.3183,0.0065,-26.00,2.9167,50,reversal
T,Long,2024-03-20T14:00:00+00:00,2024-03-20T17:25:00+00:00,17.2700,17.1300,1.8115,-1.1137,2.9252,0.0029,779.00,3.4167,30,reversal
T,Short,2024-03-20T14:05:00+00:00,2024-03-20T17:25:00+00:00,17.2900,17.1300,2.6074,-0.8122,3.4196,0.0025,-779.00,3.3333,35,reversal
TXN,Short,2024-03-21T14:05:00+00:00,2024-03-21T14:30:00+00:00,172.8000,174.0800,-1.7887,0.1113,-1.8999,0.0034,-77.00,0.4167,35,reversal
AVGO,Short,2024-03-21T14:00:00+00:00,2024-03-21T19:45:00+00:00,134.9900,135.4600,3.0510,-0.3720,3.4230,0.0083,-99.00,5.7500,30,eod
AAPL,Long,2024-03-21T15:20:00+00:00,2024-03-21T19:45:00+00:00,172.7700,171.0600,-3.0707,0.0481,-3.1189,0.0073,76.00,4.4167,110,eod
XOM,Long,2024-03-21T14:00:00+00:00,2024-03-21T19:45:00+00:00,113.8200,113.7400,2.2826,-0.3720,2.6546,0.0037,118.00,5.7500,30,eod
NKE,Long,2024-03-22T14:00:00+00:00,2024-03-22T15:45:00+00:00,92.0900,93.3700,-2.6934,0.8829,-3.5763,0.0041,145.00,1.7500,30,reversal
GOOGL,Long,2024-03-22T14:00:00+00:00,2024-03-22T17:15:00+00:00,151.2900,150.7400,2.0236,0.8829,1.1407,0.0054,88.00,3.2500,30,reversal
SCHW,Short,2024-03-22T14:00:00+00:00,2024-03-22T19:45:00+00:00,71.7800,71.9200,-1.7620,0.8829,-2.6449,0.0050,-186.00,5.7500,30,eod
LLY,Long,2024-03-25T14:00:00+00:00,2024-03-25T15:15:00+00:00,777.2800,773.4000,2.3597,-0.0644,2.4241,0.0049,17.00,1.2500,30,reversal
MU,Short,2024-03-25T14:00:00+00:00,2024-03-25T19:45:00+00:00,116.7100,117.8200,3.4591,-0.0644,3.5234,0.0063,-114.00,5.7500,30,eod
NKE,Long,2024-03-25T14:00:00+00:00,2024-03-25T19:45:00+00:00,93.2700,93.6300,-4.1939,-0.0644,-4.1295,0.0050,143.00,5.7500,30,eod
DIS,Short,2024-03-25T14:00:00+00:00,2024-03-25T19:45:00+00:00,118.4800,119.1900,-1.3315,-0.0644,-1.2671,0.0050,-112.00,5.7500,30,eod
MU,Long,2024-03-26T14:00:00+00:00,2024-03-26T14:40:00+00:00,121.7900,119.4700,1.9053,0.4490,1.4562,0.0068,109.00,0.6667,30,reversal
COP,Long,2024-03-26T14:00:00+00:00,2024-03-26T19:45:00+00:00,125.3900,125.6900,-2.9162,0.4490,-3.3652,0.0035,105.00,5.7500,30,eod
MPC,Short,2024-03-26T14:00:00+00:00,2024-03-26T19:45:00+00:00,198.2800,197.2900,-1.8909,0.4490,-2.3399,0.0066,-67.00,5.7500,30,eod
UNH,Short,2024-03-26T14:40:00+00:00,2024-03-26T19:45:00+00:00,490.1800,492.2000,2.3922,-0.9641,3.3563,0.0033,-26.00,5.0833,70,eod
CRM,Short,2024-03-27T14:00:00+00:00,2024-03-27T19:45:00+00:00,300.8000,301.1800,-4.3907,-2.7792,-1.6115,0.0059,-43.00,5.7500,30,eod
CRM,Long,2024-03-27T16:20:00+00:00,2024-03-27T19:45:00+00:00,299.0900,301.1800,-4.2796,-1.1235,-3.1561,0.0074,44.00,3.4167,170,eod
SLB,Long,2024-03-27T14:00:00+00:00,2024-03-27T19:45:00+00:00,54.4300,54.6600,0.1186,-2.7792,2.8978,0.0031,242.00,5.7500,30,eod
T,Short,2024-03-27T14:00:00+00:00,2024-03-27T19:45:00+00:00,17.5400,17.5300,3.6650,-2.7792,6.4442,0.0030,-752.00,5.7500,30,eod
TXN,Long,2024-03-28T14:00:00+00:00,2024-03-28T14:35:00+00:00,175.7600,174.4200,2.5747,1.1660,1.4087,0.0033,75.00,0.5833,30,reversal
SLB,Long,2024-03-28T14:00:00+00:00,2024-03-28T19:45:00+00:00,55.0100,54.8300,-2.9044,1.1660,-4.0703,0.0033,240.00,5.7500,30,eod
GS,Short,2024-03-28T14:00:00+00:00,2024-03-28T19:45:00+00:00,415.3000,417.8200,-1.5580,1.1660,-2.7240,0.0049,-31.00,5.7500,30,eod
MU,Long,2024-04-01T14:00:00+00:00,2024-04-01T19:45:00+00:00,125.2200,123.9700,2.4777,0.0206,2.4571,0.0084,105.00,5.7500,30,eod
MU,Short,2024-04-01T14:15:00+00:00,2024-04-01T19:45:00+00:00,125.6800,123.9700,2.8000,-0.6267,3.4267,0.0088,-104.00,5.5000,45,eod
HD,Short,2024-04-01T14:00:00+00:00,2024-04-01T19:45:00+00:00,377.0700,368.1000,-2.6036,0.0206,-2.6242,0.0047,-34.00,5.7500,30,eod
HD,Long,2024-04-01T14:05:00+00:00,2024-04-01T19:45:00+00:00,376.5600,368.1000,-2.5835,0.7135,-3.2970,0.0052,35.00,5.6667,35,eod
GE,Long,2024-04-02T14:00:00+00:00,2024-04-02T14:40:00+00:00,139.1400,141.4500,-3.3371,0.1256,-3.4628,0.0058,94.00,0.6667,30,reversal
XOM,Long,2024-04-02T14:00:00+00:00,2024-04-02T19:45:00+00:00,119.3600,119.0000,2.9833,0.1256,2.8577,0.0036,110.00,5.7500,30,eod
XOM,Short,2024-04-02T14:05:00+00:00,2024-04-02T19:45:00+00:00,119.0700,119.0000,2.5298,-0.6880,3.2178,0.0032,-110.00,5.6667,35,eod
SBUX,Short,2024-04-02T14:00:00+00:00,2024-04-02T19:45:00+00:00,90.5200,89.4700,-1.2911,0.1256,-1.4167,0.0040,-145.00,5.7500,30,eod
CAT,Long,2024-04-03T14:05:00+00:00,2024-04-03T14:20:00+00:00,371.0200,370.3600,3.3601,1.5029,1.8572,0.0034,35.00,0.2500,35,reversal
CAT,Short,2024-04-03T14:00:00+00:00,2024-04-03T14:20:00+00:00,372.1600,370.3600,5.0267,1.8702,3.1565,0.0029,-35.00,0.3333,30,reversal
FCX,Short,2024-04-03T14:00:00+00:00,2024-04-03T19:45:00+00:00,49.1600,49.7100,-0.5275,1.8702,-2.3977,0.0035,-268.00,5.7500,30,eod
PFE,Long,2024-04-03T14:00:00+00:00,2024-04-03T19:45:00+00:00,27.3200,27.3000,-3.8985,1.8702,-5.7687,0.0033,484.00,5.7500,30,eod
MU,Short,2024-04-04T14:00:00+00:00,2024-04-04T18:15:00+00:00,127.5800,126.8900,-1.9402,-0.8024,-1.1378,0.0098,-103.00,4.2500,30,reversal
CRM,Long,2024-04-04T14:00:00+00:00,2024-04-04T19:30:00+00:00,298.5000,294.9100,-5.1112,-0.8024,-4.3088,0.0080,44.00,5.5000,30,reversal
CVX,Long,2024-04-04T14:00:00+00:00,2024-04-04T19:45:00+00:00,160.9000,160.3200,1.7607,-0.8024,2.5631,0.0025,81.00,5.7500,30,eod
GE,Short,2024-04-04T14:00:00+00:00,2024-04-04T19:45:00+00:00,149.2000,147.1700,2.5033,-0.8024,3.3057,0.0073,-88.00,5.7500,30,eod
META,Short,2024-04-05T14:35:00+00:00,2024-04-05T16:10:00+00:00,525.3400,529.5900,5.5428,2.0109,3.5319,0.0036,-25.00,1.5833,65,reversal
LIN,Long,2024-04-05T14:00:00+00:00,2024-04-05T19:45:00+00:00,460.9100,465.1400,3.4118,2.1945,1.2173,0.0028,28.00,5.7500,30,eod
NKE,Short,2024-04-05T14:00:00+00:00,2024-04-05T19:45:00+00:00,89.5400,88.9500,-0.6865,2.1945,-2.8810,0.0049,-146.00,5.7500,30,eod
T,Long,2024-04-05T14:00:00+00:00,2024-04-05T19:45:00+00:00,17.3400,17.4900,-2.9797,2.1945,-5.1743,0.0038,758.00,5.7500,30,eod
TXN,Long,2024-04-08T14:00:00+00:00,2024-04-08T19:45:00+00:00,168.7300,169.3400,1.6192,0.2406,1.3786,0.0037,78.00,5.7500,30,eod
CVX,Short,2024-04-08T14:00:00+00:00,2024-04-08T19:45:00+00:00,160.9000,161.1400,-2.7181,0.2406,-2.9587,0.0033,-82.00,5.7500,30,eod
CAT,Long,2024-04-08T14:00:00+00:00,2024-04-08T19:45:00+00:00,376.4500,373.8200,-3.3275,0.2406,-3.5681,0.0036,35.00,5.7500,30,eod
BAC,Short,2024-04-09T14:00:00+00:00,2024-04-09T15:40:00+00:00,37.3800,37.4500,-2.3975,0.0614,-2.4589,0.0041,-352.00,1.6667,30,reversal
PFE,Long,2024-04-09T14:00:00+00:00,2024-04-09T16:15:00+00:00,27.1700,26.7500,2.5605,0.0614,2.4991,0.0039,484.00,2.2500,30,reversal
PFE,Short,2024-04-09T14:05:00+00:00,2024-04-09T16:15:00+00:00,27.2600,26.7500,3.5808,-0.3557,3.9365,0.0037,-483.00,2.1667,35,reversal
JPM,Long,2024-04-09T14:00:00+00:00,2024-04-09T19:45:00+00:00,196.3800,196.6400,-3.1790,0.0614,-3.2404,0.0033,67.00,5.7500,30,eod
NVDA,Long,2024-04-10T14:00:00+00:00,2024-04-10T19:45:00+00:00,86.3200,87.1200,2.3674,0.0895,2.2779,0.0102,153.00,5.7500,30,eod
FCX,Short,2024-04-10T14:00:00+00:00,2024-04-10T19:45:00+00:00,51.0300,50.9100,3.8428,0.0895,3.7533,0.0052,-259.00,5.7500,30,eod
UNH,Short,2024-04-10T14:00:00+00:00,2024-04-10T19:45:00+00:00,453.4800,451.2500,-2.0610,0.0895,-2.1505,0.0031,-29.00,5.7500,30,eod
UNH,Long,2024-04-10T14:15:00+00:00,2024-04-10T19:45:00+00:00,452.9000,451.2500,-1.9982,1.0443,-3.0426,0.0038,29.00,5.5000,45,eod
QCOM,Long,2024-04-11T14:00:00+00:00,2024-04-11T16:05:00+00:00,172.4500,172.0100,1.3681,-0.6874,2.0555,0.0044,76.00,2.0833,30,reversal
CVX,Long,2024-04-11T14:45:00+00:00,2024-04-11T19:45:00+00:00,159.8700,161.5300,-3.4745,-0.2376,-3.2368,0.0052,83.00,5.0000,75,eod
LOW,Short,2024-04-11T14:00:00+00:00,2024-04-11T19:45:00+00:00,235.9800,235.9300,-2.6462,-0.6874,-1.9587,0.0044,-56.00,5.7500,30,eod
DE,Short,2024-04-12T14:00:00+00:00,2024-04-12T15:00:00+00:00,406.1700,408.0300,-2.2905,-0.1347,-2.1558,0.0046,-32.00,1.0000,30,reversal
AAPL,Long,2024-04-12T14:00:00+00:00,2024-04-12T19:45:00+00:00,177.3900,176.5900,2.1693,-0.1347,2.3040,0.0048,74.00,5.7500,30,eod
JPM,Long,2024-04-12T14:00:00+00:00,2024-04-12T19:45:00+00:00,185.7500,183.1700,-3.3409,-0.1347,-3.2062,0.0040,71.00,5.7500,30,eod
BAC,Short,2024-04-15T14:00:00+00:00,2024-04-15T18:25:00+00:00,36.4700,35.8600,-1.5512,0.8787,-2.4299,0.0040,-360.00,4.4167,30,reversal
AAPL,Short,2024-04-15T15:00:00+00:00,2024-04-15T19:45:00+00:00,175.7700,173.5200,1.9982,-1.1047,3.1029,0.0044,-74.00,4.7500,90,eod
SCHW,Long,2024-04-15T14:00:00+00:00,2024-04-15T19:45:00+00:00,73.4100,71.3500,3.0545,0.8787,2.1758,0.0059,179.00,5.7500,30,eod
NKE,Short,2024-04-16T14:00:00+00:00,2024-04-16T14:25:00+00:00,91.8500,92.7900,-2.2003,0.4514,-2.6517,0.0035,-143.00,0.4167,30,reversal
UNH,Long,2024-04-16T14:00:00+00:00,2024-04-16T14:45:00+00:00,472.9400,466.9000,2.0083,0.4514,1.5569,0.0035,27.00,0.7500,30,reversal
BAC,Long,2024-04-16T14:00:00+00:00,2024-04-16T19:45:00+00:00,34.5400,34.7700,-5.6750,0.4514,-6.1264,0.0063,380.00,5.7500,30,eod
SCHW,Short,2024-04-16T17:00:00+00:00,2024-04-16T19:45:00+00:00,72.2700,72.9900,3.2712,0.1394,3.1318,0.0050,-180.00,2.7500,210,eod
UNH,Short,2024-04-17T14:05:00+00:00,2024-04-17T15:50:00+00:00,480.6300,479.3100,-2.9553,-1.7990,-1.1564,0.0039,-27.00,1.7500,35,reversal
GE,Long,2024-04-17T14:00:00+00:00,2024-04-17T19:45:00+00:00,157.7600,156.0400,0.6277,-2.3343,2.9620,0.0080,82.00,5.7500,30,eod
LIN,Short,2024-04-17T14:00:00+00:00,2024-04-17T19:45:00+00:00,447.8100,446.4400,1.4038,-2.3343,3.7381,0.0038,-29.00,5.7500,30,eod
MU,Long,2024-04-18T14:00:00+00:00,2024-04-18T14:45:00+00:00,116.3900,116.3200,1.1594,-1.1625,2.3219,0.0098,111.00,0.7500,30,reversal
UNH,Short,2024-04-18T14:00:00+00:00,2024-04-18T15:25:00+00:00,497.4700,495.0800,3.0370,-1.1625,4.1995,0.0046,-26.00,1.4167,30,reversal
AAPL,Short,2024-04-18T14:05:00+00:00,2024-04-18T19:45:00+00:00,167.6900,167.1700,-1.5699,0.2702,-1.8401,0.0036,-77.00,5.6667,35,eod
LLY,Short,2024-04-19T14:40:00+00:00,2024-04-19T16:05:00+00:00,731.0000,729.8800,-2.5928,-1.2217,-1.3711,0.0081,-17.00,1.4167,70,reversal
UNH,Long,2024-04-19T14:00:00+00:00,2024-04-19T19:45:00+00:00,503.1200,501.8300,1.9126,-0.9348,2.8474,0.0046,25.00,5.7500,30,eod
UNH,Short,2024-04-19T14:05:00+00:00,2024-04-19T19:45:00+00:00,504.2000,501.8300,2.2082,-1.0914,3.2997,0.0050,-25.00,5.6667,35,eod
CRM,Short,2024-04-22T14:00:00+00:00,2024-04-22T19:45:00+00:00,275.3700,274.1400,-1.6738,0.7409,-2.4147,0.0054,-47.00,5.7500,30,eod
DE,Long,2024-04-22T14:00:00+00:00,2024-04-22T19:45:00+00:00,398.6800,400.6500,3.0824,0.7409,2.3415,0.0051,32.00,5.7500,30,eod
DE,Short,2024-04-22T14:20:00+00:00,2024-04-22T19:45:00+00:00,397.2100,400.6500,2.1926,-1.1619,3.3546,0.0055,-32.00,5.4167,50,eod
T,Long,2024-04-22T14:00:00+00:00,2024-04-22T19:45:00+00:00,16.4200,16.3200,-2.9360,0.7409,-3.6769,0.0053,793.00,5.7500,30,eod
AMZN,Short,2024-04-23T14:00:00+00:00,2024-04-23T18:40:00+00:00,176.9500,179.9200,-0.5084,1.9169,-2.4253,0.0039,-73.00,4.6667,30,reversal
NFLX,Long,2024-04-23T17:10:00+00:00,2024-04-23T19:45:00+00:00,57.4900,57.8300,2.6429,1.5464,1.0965,0.0108,224.00,2.5833,220,eod
SBUX,Long,2024-04-23T14:00:00+00:00,2024-04-23T19:45:00+00:00,87.3300,87.9800,-3.4537,1.9169,-5.3705,0.0040,148.00,5.7500,30,eod
GE,Short,2024-04-24T14:00:00+00:00,2024-04-24T15:50:00+00:00,156.6300,156.8700,-2.7468,0.1905,-2.9372,0.0074,-82.00,1.8333,30,reversal
T,Long,2024-04-24T14:00:00+00:00,2024-04-24T16:30:00+00:00,16.5300,16.7900,-3.3000,0.1905,-3.4905,0.0068,781.00,2.5000,30,reversal
TSLA,Long,2024-04-24T14:00:00+00:00,2024-04-24T19:45:00+00:00,165.6900,162.1200,2.4193,0.1905,2.2288,0.0148,77.00,5.7500,30,eod
LIN,Short,2024-04-24T15:00:00+00:00,2024-04-24T19:45:00+00:00,441.9700,443.8800,2.6027,-0.9856,3.5882,0.0058,-28.00,4.7500,90,eod
LOW,Short,2024-04-25T14:00:00+00:00,2024-04-25T15:00:00+00:00,225.4000,227.3600,-1.4094,1.5579,-2.9672,0.0035,-57.00,1.0000,30,reversal
META,Long,2024-04-25T14:00:00+00:00,2024-04-25T19:45:00+00:00,427.9100,440.9600,4.1170,1.5579,2.5592,0.0063,30.00,5.7500,30,eod
META,Short,2024-04-25T14:05:00+00:00,2024-04-25T19:45:00+00:00,435.2300,440.9600,5.0033,1.7175,3.2859,0.0087,-29.00,5.6667,35,eod
NKE,Long,2024-04-25T14:00:00+00:00,2024-04-25T19:45:00+00:00,92.5800,93.9300,-4.5238,1.5579,-6.0817,0.0039,138.00,5.7500,30,eod
META,Short,2024-04-26T14:00:00+00:00,2024-04-26T19:45:00+00:00,442.1000,443.1700,-0.0165,2.6585,-2.6750,0.0055,-29.00,5.7500,30,eod
NFLX,Long,2024-04-26T14:00:00+00:00,2024-04-26T19:45:00+00:00,55.5100,56.1600,-1.6288,2.6585,-4.2873,0.0060,231.00,5.7500,30,eod
PYPL,Long,2024-04-26T14:25:00+00:00,2024-04-26T19:45:00+00:00,65.2200,66.0300,2.1471,1.0369,1.1103,0.0067,198.00,5.3333,55,eod
AMZN,Short,2024-04-29T14:05:00+00:00,2024-04-29T19:45:00+00:00,180.1300,180.2300,-2.6315,-1.1525,-1.4790,0.0048,-71.00,5.6667,35,eod
XOM,Short,2024-04-29T14:00:00+00:00,2024-04-29T19:45:00+00:00,119.7100,119.3400,1.9958,-1.9502,3.9460,0.0044,-108.00,5.7500,30,eod
GS,Long,2024-04-29T14:00:00+00:00,2024-04-29T19:45:00+00:00,431.3600,430.1500,0.9840,-1.9502,2.9341,0.0057,30.00,5.7500,30,eod
AAPL,Long,2024-04-30T14:00:00+00:00,2024-04-30T19:45:00+00:00,174.5800,172.9100,1.5427,0.3004,1.2423,0.0052,74.00,5.7500,30,eod
MPC,Long,2024-04-30T14:00:00+00:00,2024-04-30T19:45:00+00:00,190.3800,182.6600,-3.5615,0.3004,-3.8619,0.0069,67.00,5.7500,30,eod
CAT,Short,2024-04-30T14:00:00+00:00,2024-04-30T19:45:00+00:00,342.7500,335.0500,-1.5224,0.3004,-1.8228,0.0064,-37.00,5.7500,30,eod
SBUX,Short,2024-04-30T15:35:00+00:00,2024-04-30T19:45:00+00:00,88.4700,88.8100,1.9997,-1.2650,3.2647,0.0054,-145.00,4.1667,125,eod
PFE,Long,2024-05-01T14:00:00+00:00,2024-05-01T14:30:00+00:00,26.4800,26.1700,1.5640,-1.0628,2.6268,0.0054,482.00,0.5000,30,reversal
META,Short,2024-05-01T14:00:00+00:00,2024-05-01T19:45:00+00:00,434.4800,442.7300,2.0491,-1.0628,3.1119,0.0060,-29.00,5.7500,30,eod
GE,Short,2024-05-01T14:00:00+00:00,2024-05-01T19:45:00+00:00,159.5400,160.3600,-3.2730,-1.0628,-2.2102,0.0065,-80.00,5.7500,30,eod
SBUX,Long,2024-05-01T14:35:00+00:00,2024-05-01T19:45:00+00:00,74.1700,74.3400,-3.4399,0.1336,-3.5735,0.0066,170.00,5.1667,65,eod
TXN,Short,2024-05-02T14:00:00+00:00,2024-05-02T14:10:00+00:00,174.1900,174.6500,-3.6939,-1.8465,-1.8473,0.0046,-72.00,0.1667,30,reversal
QCOM,Short,2024-05-02T14:00:00+00:00,2024-05-02T16:00:00+00:00,179.4300,178.2600,2.1979,-1.8465,4.0444,0.0037,-70.00,2.0000,30,reversal
LLY,Long,2024-05-02T18:40:00+00:00,2024-05-02T19:45:00+00:00,756.9300,756.0000,-2.4551,0.6144,-3.0695,0.0094,16.00,1.0833,310,eod
PFE,Long,2024-05-02T14:00:00+00:00,2024-05-02T19:45:00+00:00,27.5000,27.7300,1.1383,-1.8465,2.9848,0.0051,459.00,5.7500,30,eod
HD,Long,2024-05-03T14:00:00+00:00,2024-05-03T14:45:00+00:00,346.0400,343.1400,2.5117,0.0427,2.4690,0.0038,36.00,0.7500,30,reversal
QCOM,Long,2024-05-03T14:00:00+00:00,2024-05-03T19:45:00+00:00,178.0600,179.3700,-4.1161,0.0427,-4.1588,0.0050,71.00,5.7500,30,eod
GOOGL,Short,2024-05-03T14:00:00+00:00,2024-05-03T19:45:00+00:00,165.2700,167.0600,-2.3507,0.0427,-2.3934,0.0036,-76.00,5.7500,30,eod
AVGO,Long,2024-05-06T14:00:00+00:00,2024-05-06T19:45:00+00:00,129.9800,130.5000,2.0958,0.7778,1.3180,0.0087,96.00,5.7500,30,eod
PYPL,Short,2024-05-06T14:00:00+00:00,2024-05-06T19:45:00+00:00,65.1100,65.5000,-1.3295,0.7778,-2.1072,0.0070,-193.00,5.7500,30,eod
LIN,Long,2024-05-07T14:00:00+00:00,2024-05-07T19:45:00+00:00,429.4600,430.3400,1.0400,-0.7500,1.7900,0.0030,29.00,5.7500,30,eod
DIS,Long,2024-05-07T14:35:00+00:00,2024-05-07T19:45:00+00:00,105.1100,105.6700,-3.7282,-0.4209,-3.3073,0.0047,119.00,5.1667,65,eod
COIN,Short,2024-05-07T14:00:00+00:00,2024-05-07T19:45:00+00:00,220.4200,215.4300,-2.0414,-0.7500,-1.2914,0.0189,-57.00,5.7500,30,eod
QCOM,Long,2024-05-08T14:00:00+00:00,2024-05-08T14:55:00+00:00,180.0800,180.0000,2.8765,1.7860,1.0905,0.0051,70.00,0.9167,30,reversal
UNH,Short,2024-05-08T14:00:00+00:00,2024-05-08T19:45:00+00:00,503.8700,503.6100,-0.9303,1.7860,-2.7163,0.0052,-25.00,5.7500,30,eod
PYPL,Long,2024-05-08T14:00:00+00:00,2024-05-08T19:45:00+00:00,64.5300,64.0600,-1.4607,1.7860,-3.2467,0.0070,196.00,5.7500,30,eod
GOOGL,Short,2024-05-09T14:00:00+00:00,2024-05-09T19:45:00+00:00,168.7200,169.5300,-1.4460,-0.1950,-1.2510,0.0034,-74.00,5.7500,30,eod
BAC,Long,2024-05-09T14:00:00+00:00,2024-05-09T19:45:00+00:00,37.9800,38.3600,2.3788,-0.1950,2.5738,0.0045,332.00,5.7500,30,eod
HD,Short,2024-05-09T14:00:00+00:00,2024-05-09T19:45:00+00:00,343.7100,347.4800,3.0084,-0.1950,3.2034,0.0044,-36.00,5.7500,30,eod
DIS,Short,2024-05-10T14:00:00+00:00,2024-05-10T14:20:00+00:00,105.6900,106.1600,-1.8612,-0.3309,-1.5303,0.0045,-119.00,0.3333,30,reversal
NKE,Long,2024-05-10T19:05:00+00:00,2024-05-10T19:45:00+00:00,90.9800,91.1000,-3.5698,-0.4792,-3.0906,0.0056,138.00,0.6667,335,eod
UNH,Long,2024-05-10T14:00:00+00:00,2024-05-10T19:45:00+00:00,510.0200,512.0300,1.2122,-0.3309,1.5432,0.0041,24.00,5.7500,30,eod
TSLA,Long,2024-05-13T14:00:00+00:00,2024-05-13T19:45:00+00:00,174.8000,171.8400,2.3258,0.1593,2.1665,0.0114,72.00,5.7500,30,eod
GOOGL,Short,2024-05-13T17:25:00+00:00,2024-05-13T19:45:00+00:00,168.5800,168.6400,3.0099,-0.0052,3.0151,0.0075,-74.00,2.3333,235,eod
CVX,Long,2024-05-13T15:25:00+00:00,2024-05-13T19:45:00+00:00,164.3700,164.2300,-3.2950,-0.2129,-3.0821,0.0040,76.00,4.3333,115,eod
HD,Short,2024-05-13T14:00:00+00:00,2024-05-13T19:45:00+00:00,344.4400,340.7100,-1.5204,0.1593,-1.6797,0.0048,-36.00,5.7500,30,eod
LOW,Long,2024-05-14T14:00:00+00:00,2024-05-14T14:30:00+00:00,234.3600,232.9800,2.1055,0.0000,2.1055,0.0060,53.00,0.5000,30,reversal
GOOGL,Short,2024-05-14T14:00:00+00:00,2024-05-14T19:45:00+00:00,169.0200,170.3200,-2.0827,0.0000,-2.0827,0.0038,-74.00,5.7500,30,eod
COP,Long,2024-05-14T14:30:00+00:00,2024-05-14T19:45:00+00:00,120.7200,121.1300,-1.5302,1.7312,-3.2615,0.0047,103.00,5.2500,60,eod
SCHW,Short,2024-05-14T14:00:00+00:00,2024-05-14T19:45:00+00:00,76.7200,76.9100,3.1025,0.0000,3.1025,0.0057,-163.00,5.7500,30,eod
LLY,Long,2024-05-15T14:00:00+00:00,2024-05-15T17:45:00+00:00,773.9200,779.5500,1.8141,-0.3534,2.1674,0.0064,16.00,3.7500,30,reversal
CVX,Short,2024-05-15T14:00:00+00:00,2024-05-15T19:45:00+00:00,160.8400,162.5700,-3.3280,-0.3534,-2.9747,0.0035,-77.00,5.7500,30,eod
CVX,Long,2024-05-15T14:05:00+00:00,2024-05-15T19:45:00+00:00,160.3700,162.5700,-3.7188,-0.2118,-3.5070,0.0039,77.00,5.6667,35,eod
NKE,Long,2024-05-16T14:00:00+00:00,2024-05-16T14:45:00+00:00,92.7300,92.3800,1.7620,0.5725,1.1895,0.0049,135.00,0.7500,30,reversal
CRM,Short,2024-05-16T14:00:00+00:00,2024-05-16T19:45:00+00:00,286.2800,284.8400,-2.3852,0.5725,-2.9577,0.0039,-43.00,5.7500,30,eod
CRM,Long,2024-05-16T14:15:00+00:00,2024-05-16T19:45:00+00:00,286.0000,284.8400,-2.7522,0.6265,-3.3787,0.0038,43.00,5.5000,45,eod
MSFT,Short,2024-05-17T14:00:00+00:00,2024-05-17T14:10:00+00:00,419.0300,420.0500,-1.0628,0.2692,-1.3320,0.0020,-29.00,0.1667,30,reversal
MU,Long,2024-05-17T18:00:00+00:00,2024-05-17T19:45:00+00:00,125.4300,125.2900,-3.9353,-0.7989,-3.1364,0.0063,99.00,1.7500,270,eod
NFLX,Long,2024-05-17T14:00:00+00:00,2024-05-17T19:45:00+00:00,62.4100,62.0200,3.1269,0.2692,2.8576,0.0047,200.00,5.7500,30,eod
SBUX,Short,2024-05-17T18:00:00+00:00,2024-05-17T19:45:00+00:00,77.1400,77.7200,2.3416,-0.7989,3.1405,0.0121,-161.00,1.7500,270,eod
MU,Long,2024-05-20T14:15:00+00:00,2024-05-20T16:10:00+00:00,130.7400,129.3100,2.9206,1.8676,1.0530,0.0066,95.00,1.9167,45,reversal
JPM,Long,2024-05-20T14:00:00+00:00,2024-05-20T19:45:00+00:00,203.2100,196.3800,-3.5350,2.1367,-5.6717,0.0032,61.00,5.7500,30,eod
BAC,Short,2024-05-20T14:00:00+00:00,2024-05-20T19:45:00+00:00,39.3100,38.8500,-0.7456,2.1367,-2.8823,0.0031,-316.00,5.7500,30,eod
SLB,Short,2024-05-21T14:25:00+00:00,2024-05-21T16:00:00+00:00,48.9700,48.4100,3.6677,0.5548,3.1129,0.0040,-250.00,1.5833,55,reversal
GOOGL,Long,2024-05-21T14:00:00+00:00,2024-05-21T16:20:00+00:00,177.5700,177.0000,2.1326,0.5487,1.5840,0.0039,69.00,2.3333,30,reversal
TXN,Short,2024-05-21T14:00:00+00:00,2024-05-21T19:45:00+00:00,197.1900,198.8400,-1.8086,0.5487,-2.3572,0.0040,-62.00,5.7500,30,eod
T,Long,2024-05-21T14:00:00+00:00,2024-05-21T19:45:00+00:00,17.2400,17.3000,-2.9216,0.5487,-3.4702,0.0030,712.00,5.7500,30,eod
LIN,Short,2024-05-22T14:00:00+00:00,2024-05-22T16:25:00+00:00,432.5700,435.4800,-2.8338,-0.0712,-2.7626,0.0022,-28.00,2.4167,30,reversal
SLB,Long,2024-05-22T14:00:00+00:00,2024-05-22T19:45:00+00:00,47.2800,46.3600,-3.5494,-0.0712,-3.4782,0.0047,259.00,5.7500,30,eod
SBUX,Short,2024-05-22T14:00:00+00:00,2024-05-22T19:45:00+00:00,78.4100,80.5200,2.9438,-0.0712,3.0149,0.0040,-156.00,5.7500,30,eod
PFE,Long,2024-05-22T14:00:00+00:00,2024-05-22T19:45:00+00:00,28.8300,29.5000,2.5595,-0.0712,2.6306,0.0045,425.00,5.7500,30,eod
CRM,Short,2024-05-23T14:10:00+00:00,2024-05-23T17:40:00+00:00,282.4200,279.4900,-2.6577,-1.5470,-1.1106,0.0032,-42.00,3.5000,40,reversal
CRM,Long,2024-05-23T14:35:00+00:00,2024-05-23T17:40:00+00:00,279.2700,279.4900,-4.5393,-0.6987,-3.8406,0.0043,43.00,3.0833,65,reversal
ADBE,Short,2024-05-23T14:00:00+00:00,2024-05-23T19:45:00+00:00,489.6200,482.1300,1.6011,-3.0832,4.6843,0.0041,-24.00,5.7500,30,eod
MPC,Long,2024-05-23T14:00:00+00:00,2024-05-23T19:45:00+00:00,176.4200,177.4700,-0.4842,-3.0832,2.5991,0.0056,68.00,5.7500,30,eod
NFLX,Long,2024-05-24T14:00:00+00:00,2024-05-24T14:40:00+00:00,64.8300,64.7700,2.1886,0.3721,1.8165,0.0055,188.00,0.6667,30,reversal
GE,Long,2024-05-24T14:00:00+00:00,2024-05-24T14:45:00+00:00,164.3900,167.4400,-2.9736,0.3721,-3.3457,0.0040,74.00,0.7500,30,reversal
CAT,Short,2024-05-24T14:00:00+00:00,2024-05-24T19:45:00+00:00,348.7400,348.5500,-2.1138,0.3721,-2.4859,0.0056,-35.00,5.7500,30,eod
LLY,Short,2024-05-28T14:00:00+00:00,2024-05-28T14:40:00+00:00,791.2200,802.9500,-3.3435,-1.1936,-2.1499,0.0054,-15.00,0.6667,30,reversal
PYPL,Long,2024-05-28T14:00:00+00:00,2024-05-28T16:15:00+00:00,62.5800,62.1100,1.3802,-1.1936,2.5738,0.0073,196.00,2.2500,30,reversal
NKE,Short,2024-05-28T14:00:00+00:00,2024-05-28T19:45:00+00:00,92.2900,91.9800,2.1602,-1.1936,3.3537,0.0043,-133.00,5.7500,30,eod
T,Long,2024-05-28T17:30:00+00:00,2024-05-28T19:45:00+00:00,17.2300,17.2500,-2.5820,0.4840,-3.0660,0.0055,709.00,2.2500,240,eod
SBUX,Long,2024-05-29T14:00:00+00:00,2024-05-29T14:15:00+00:00,78.0500,77.6400,2.6727,1.3791,1.2936,0.0045,156.00,0.2500,30,reversal
UNH,Short,2024-05-29T14:05:00+00:00,2024-05-29T14:50:00+00:00,486.4000,478.4700,4.1329,0.9742,3.1587,0.0049,-25.00,0.7500,35,reversal
COP,Long,2024-05-29T14:00:00+00:00,2024-05-29T19:45:00+00:00,115.2000,114.9800,-2.8772,1.3791,-4.2564,0.0030,106.00,5.7500,30,eod
MPC,Short,2024-05-29T14:00:00+00:00,2024-05-29T19:45:00+00:00,174.9100,173.0100,-1.4128,1.3791,-2.7920,0.0055,-69.00,5.7500,30,eod
UNH,Short,2024-05-30T14:00:00+00:00,2024-05-30T14:40:00+00:00,480.3000,480.7100,-1.7385,1.0429,-2.7813,0.0042,-25.00,0.6667,30,reversal
TSLA,Long,2024-05-30T14:00:00+00:00,2024-05-30T15:35:00+00:00,181.5500,176.2100,2.1911,1.0429,1.1482,0.0088,67.00,1.5833,30,reversal
CRM,Long,2024-05-30T14:00:00+00:00,2024-05-30T19:45:00+00:00,218.2500,215.2800,-4.0778,1.0429,-5.1207,0.0057,56.00,5.7500,30,eod
NKE,Short,2024-05-30T14:30:00+00:00,2024-05-30T19:45:00+00:00,93.4600,93.1700,2.8161,-0.8110,3.6271,0.0052,-131.00,5.2500,60,eod
MSFT,Short,2024-05-31T14:50:00+00:00,2024-05-31T15:40:00+00:00,406.7400,406.7100,-4.7380,-3.5808,-1.1572,0.0041,-29.00,0.8333,80,reversal
DIS,Long,2024-05-31T14:00:00+00:00,2024-05-31T19:45:00+00:00,102.7300,103.5400,0.9178,-2.0195,2.9373,0.0039,117.00,5.7500,30,eod
T,Short,2024-05-31T14:00:00+00:00,2024-05-31T19:45:00+00:00,17.7900,18.1800,4.3698,-2.0195,6.3893,0.0033,-679.00,5.7500,30,eod
CVX,Short,2024-06-03T14:00:00+00:00,2024-06-03T14:10:00+00:00,159.0700,159.6900,-3.9017,-1.8303,-2.0715,0.0032,-75.00,0.1667,30,reversal
LLY,Long,2024-06-03T14:00:00+00:00,2024-06-03T19:45:00+00:00,827.4900,829.4800,1.0678,-1.8303,2.8980,0.0059,14.00,5.7500,30,eod
PFE,Short,2024-06-03T14:00:00+00:00,2024-06-03T19:45:00+00:00,29.3600,29.2700,4.0081,-1.8303,5.8384,0.0056,-409.00,5.7500,30,eod
ADBE,Long,2024-06-04T14:00:00+00:00,2024-06-04T18:25:00+00:00,447.9400,447.1900,3.3346,1.5241,1.8106,0.0038,26.00,4.4167,30,reversal
ADBE,Short,2024-06-04T14:05:00+00:00,2024-06-04T18:25:00+00:00,448.1800,447.1900,3.2657,0.0000,3.2657,0.0041,-26.00,4.3333,35,reversal
QCOM,Long,2024-06-04T14:00:00+00:00,2024-06-04T19:45:00+00:00,202.7600,203.7600,-2.1618,1.5241,-3.6859,0.0056,59.00,5.7500,30,eod
FCX,Short,2024-06-04T14:00:00+00:00,2024-06-04T19:45:00+00:00,50.0300,49.4600,-1.1923,1.5241,-2.7164,0.0073,-240.00,5.7500,30,eod
NVDA,Long,2024-06-05T14:00:00+00:00,2024-06-05T15:20:00+00:00,119.3800,119.6900,3.2296,0.7163,2.5132,0.0035,101.00,1.3333,30,reversal
JPM,Short,2024-06-05T14:00:00+00:00,2024-06-05T19:45:00+00:00,198.1800,197.1600,-1.7777,0.7163,-2.4940,0.0030,-60.00,5.7500,30,eod
UNH,Long,2024-06-05T14:20:00+00:00,2024-06-05T19:45:00+00:00,500.4500,502.6500,-2.2028,1.1582,-3.3611,0.0057,24.00,5.4167,50,eod
NVDA,Long,2024-06-06T14:00:00+00:00,2024-06-06T19:45:00+00:00,120.6500,120.7200,-5.7984,-1.3754,-4.4230,0.0058,100.00,5.7500,30,eod
MU,Short,2024-06-06T14:00:00+00:00,2024-06-06T19:45:00+00:00,130.0300,130.6700,-3.1565,-1.3754,-1.7811,0.0073,-93.00,5.7500,30,eod
SBUX,Short,2024-06-06T14:00:00+00:00,2024-06-06T19:45:00+00:00,82.2000,81.5600,2.7773,-1.3754,4.1527,0.0052,-147.00,5.7500,30,eod
PYPL,Long,2024-06-06T14:00:00+00:00,2024-06-06T19:45:00+00:00,65.6000,66.9400,1.5715,-1.3754,2.9469,0.0061,184.00,5.7500,30,eod
COIN,Long,2024-06-07T14:00:00+00:00,2024-06-07T14:20:00+00:00,260.6300,258.6600,2.9720,1.3022,1.6697,0.0083,46.00,0.3333,30,reversal
UNH,Short,2024-06-07T14:00:00+00:00,2024-06-07T19:45:00+00:00,498.1100,491.2900,-0.9038,1.3022,-2.2061,0.0046,-24.00,5.7500,30,eod
UNH,Long,2024-06-07T15:45:00+00:00,2024-06-07T19:45:00+00:00,494.9100,491.2900,-1.8248,1.1812,-3.0060,0.0058,24.00,4.0000,135,eod
JPM,Long,2024-06-10T14:00:00+00:00,2024-06-10T14:55:00+00:00,200.5200,199.0700,2.4904,-0.3518,2.8422,0.0039,60.00,0.9167,30,reversal
AAPL,Short,2024-06-10T14:00:00+00:00,2024-06-10T19:45:00+00:00,195.1800,192.4100,-2.3115,-0.3518,-1.9597,0.0036,-62.00,5.7500,30,eod
AAPL,Long,2024-06-10T15:45:00+00:00,2024-06-10T19:45:00+00:00,195.1700,192.4100,-1.8981,1.1960,-3.0942,0.0044,61.00,4.0000,135,eod
PFE,Long,2024-06-11T14:00:00+00:00,2024-06-11T17:10:00+00:00,28.2000,28.0300,1.4766,-0.7931,2.2697,0.0065,426.00,3.1667,30,reversal
TSLA,Short,2024-06-11T14:00:00+00:00,2024-06-11T19:45:00+00:00,168.8500,169.5200,-2.3048,-0.7931,-1.5117,0.0074,-71.00,5.7500,30,eod
AAPL,Short,2024-06-11T14:00:00+00:00,2024-06-11T19:45:00+00:00,199.6100,206.2300,4.2988,-0.7931,5.0919,0.0043,-60.00,5.7500,30,eod
PYPL,Long,2024-06-11T14:20:00+00:00,2024-06-11T19:45:00+00:00,65.1700,64.5600,-3.7800,0.0957,-3.8757,0.0059,184.00,5.4167,50,eod
AVGO,Long,2024-06-12T14:00:00+00:00,2024-06-12T19:45:00+00:00,148.3500,149.4800,-2.4569,1.8223,-4.2793,0.0050,79.00,5.7500,30,eod
AAPL,Long,2024-06-12T14:00:00+00:00,2024-06-12T19:45:00+00:00,214.7100,214.3400,4.2597,1.8223,2.4374,0.0055,55.00,5.7500,30,eod
LOW,Short,2024-06-12T14:35:00+00:00,2024-06-12T19:45:00+00:00,226.8300,225.2900,4.6857,1.3432,3.3425,0.0038,-52.00,5.1667,65,eod
PFE,Short,2024-06-12T14:00:00+00:00,2024-06-12T19:45:00+00:00,27.7100,27.6000,-1.0743,1.8223,-2.8966,0.0070,-426.00,5.7500,30,eod
TSLA,Long,2024-06-13T14:00:00+00:00,2024-06-13T14:30:00+00:00,190.3300,183.7700,1.9890,-0.0246,2.0136,0.0099,62.00,0.5000,30,reversal
LLY,Short,2024-06-13T14:10:00+00:00,2024-06-13T19:45:00+00:00,874.4400,881.3500,1.9608,-1.4007,3.3615,0.0060,-13.00,5.5833,40,eod
PYPL,Short,2024-06-13T14:00:00+00:00,2024-06-13T19:45:00+00:00,62.5200,61.7500,-2.5965,-0.0246,-2.5720,0.0065,-189.00,5.7500,30,eod
QCOM,Short,2024-06-14T14:00:00+00:00,2024-06-14T19:45:00+00:00,214.6600,214.9500,-2.1221,0.8573,-2.9794,0.0057,-54.00,5.7500,30,eod
NFLX,Long,2024-06-14T14:00:00+00:00,2024-06-14T19:45:00+00:00,66.8400,66.8900,2.1875,0.8573,1.3302,0.0055,175.00,5.7500,30,eod
PFE,Long,2024-06-14T14:00:00+00:00,2024-06-14T19:45:00+00:00,27.4900,27.5100,-3.3084,0.8573,-4.1657,0.0076,427.00,5.7500,30,eod
AVGO,Long,2024-06-17T14:00:00+00:00,2024-06-17T15:20:00+00:00,180.8000,179.9000,2.2968,0.4555,1.8413,0.0068,64.00,1.3333,30,reversal
PFE,Long,2024-06-17T15:55:00+00:00,2024-06-17T19:45:00+00:00,27.0400,26.9400,-2.1558,1.0113,-3.1671,0.0073,432.00,3.8333,145,eod
PYPL,Short,2024-06-17T14:00:00+00:00,2024-06-17T19:45:00+00:00,59.7500,60.1500,-1.7577,0.4555,-2.2133,0.0070,-196.00,5.7500,30,eod
AAPL,Short,2024-06-18T14:00:00+00:00,2024-06-18T19:45:00+00:00,214.9400,214.2600,-2.4151,-0.5958,-1.8193,0.0067,-54.00,5.7500,30,eod
ADBE,Short,2024-06-18T14:00:00+00:00,2024-06-18T19:45:00+00:00,527.9800,521.8800,3.8546,-0.5958,4.4504,0.0042,-22.00,5.7500,30,eod
JPM,Long,2024-06-18T14:00:00+00:00,2024-06-18T19:45:00+00:00,197.2400,196.6700,2.2962,-0.5958,2.8920,0.0038,59.00,5.7500,30,eod
GOOGL,Short,2024-06-20T14:00:00+00:00,2024-06-20T14:15:00+00:00,175.1100,175.4100,-1.9429,0.6170,-2.5599,0.0046,-66.00,0.2500,30,reversal
AMD,Long,2024-06-20T14:00:00+00:00,2024-06-20T19:45:00+00:00,162.7100,162.8600,2.9547,0.6170,2.3377,0.0117,71.00,5.7500,30,eod
AMD,Short,2024-06-20T14:10:00+00:00,2024-06-20T19:45:00+00:00,161.2900,162.8600,2.5245,-1.4425,3.9670,0.0101,-72.00,5.5833,40,eod
COP,Long,2024-06-21T14:00:00+00:00,2024-06-21T15:20:00+00:00,111.7900,111.2400,1.1324,-1.8625,2.9949,0.0048,103.00,1.3333,30,reversal
MSFT,Short,2024-06-21T14:10:00+00:00,2024-06-21T15:35:00+00:00,447.8500,448.5500,-1.8247,-0.8079,-1.0168,0.0024,-25.00,1.4167,40,reversal
TXN,Short,2024-06-21T14:00:00+00:00,2024-06-21T19:45:00+00:00,195.6900,195.3600,2.3257,-1.8625,4.1882,0.0041,-59.00,5.7500,30,eod
UNH,Short,2024-06-24T14:00:00+00:00,2024-06-24T14:30:00+00:00,485.3800,487.5400,-1.2545,0.5721,-1.8266,0.0030,-23.00,0.5000,30,reversal
GS,Long,2024-06-24T14:00:00+00:00,2024-06-24T19:45:00+00:00,456.9000,462.1900,3.1437,0.5721,2.5716,0.0049,25.00,5.7500,30,eod
GS,Short,2024-06-24T14:20:00+00:00,2024-06-24T19:45:00+00:00,457.6800,462.1900,3.2615,-0.1615,3.4230,0.0052,-25.00,5.4167,50,eod
META,Long,2024-06-25T14:00:00+00:00,2024-06-25T14:15:00+00:00,506.5700,505.8200,3.2213,1.9271,1.2942,0.0041,22.00,0.2500,30,reversal
SBUX,Long,2024-06-25T14:00:00+00:00,2024-06-25T19:45:00+00:00,79.7300,78.9900,-2.2133,1.9271,-4.1404,0.0045,144.00,5.7500,30,eod
T,Short,2024-06-25T14:00:00+00:00,2024-06-25T19:45:00+00:00,18.6000,18.6700,-0.7977,1.9271,-2.7248,0.0040,-618.00,5.7500,30,eod
AMZN,Long,2024-06-26T14:25:00+00:00,2024-06-26T19:45:00+00:00,189.1700,193.5000,3.0919,0.8571,2.2349,0.0045,60.00,5.3333,55,eod
AMZN,Short,2024-06-26T15:05:00+00:00,2024-06-26T19:45:00+00:00,191.4600,193.5000,3.6335,0.5176,3.1159,0.0072,-59.00,4.6667,95,eod
JPM,Long,2024-06-26T14:00:00+00:00,2024-06-26T19:45:00+00:00,196.5800,197.1200,-1.6524,2.2627,-3.9151,0.0041,58.00,5.7500,30,eod
PFE,Short,2024-06-26T14:00:00+00:00,2024-06-26T19:45:00+00:00,27.7700,27.3900,-0.6516,2.2627,-2.9143,0.0066,-412.00,5.7500,30,eod
T,Short,2024-06-27T14:00:00+00:00,2024-06-27T15:05:00+00:00,18.6200,18.7000,-1.4079,0.2973,-1.7052,0.0038,-617.00,1.0833,30,reversal
CRM,Short,2024-06-27T14:40:00+00:00,2024-06-27T19:45:00+00:00,253.6500,252.5800,3.3319,0.3235,3.0084,0.0088,-45.00,5.0833,70,eod
BAC,Long,2024-06-27T14:00:00+00:00,2024-06-27T19:45:00+00:00,38.7200,39.2300,2.3005,0.2973,2.0032,0.0040,296.00,5.7500,30,eod
GOOGL,Short,2024-06-28T14:00:00+00:00,2024-06-28T16:10:00+00:00,184.7500,183.9100,1.5389,4.3019,-2.7630,0.0054,-62.00,2.1667,30,reversal
TXN,Long,2024-06-28T14:50:00+00:00,2024-06-28T19:45:00+00:00,197.2900,194.9600,3.3865,1.8251,1.5614,0.0045,58.00,4.9167,80,eod
UNH,Long,2024-06-28T14:00:00+00:00,2024-06-28T19:45:00+00:00,497.3700,496.2100,-4.6480,4.3019,-8.9498,0.0036,23.00,5.7500,30,eod
TSLA,Short,2024-07-01T14:10:00+00:00,2024-07-01T19:45:00+00:00,207.7600,209.9600,1.7213,-1.9853,3.7066,0.0116,-55.00,5.5833,40,eod
META,Short,2024-07-01T14:00:00+00:00,2024-07-01T19:45:00+00:00,497.7400,503.5700,-2.4670,-0.4458,-2.0212,0.0051,-23.00,5.7500,30,eod
AMZN,Long,2024-07-01T14:00:00+00:00,2024-07-01T19:45:00+00:00,195.1000,196.8800,2.3265,-0.4458,2.7723,0.0042,58.00,5.7500,30,eod
DIS,Long,2024-07-01T14:20:00+00:00,2024-07-01T19:45:00+00:00,98.2900,97.9900,-3.1965,-0.1536,-3.0429,0.0033,116.00,5.4167,50,eod
LLY,Short,2024-07-02T14:00:00+00:00,2024-07-02T14:45:00+00:00,882.7900,897.3500,-1.8088,1.1815,-2.9903,0.0052,-12.00,0.7500,30,reversal
TSLA,Long,2024-07-02T14:05:00+00:00,2024-07-02T15:40:00+00:00,227.6700,228.9300,2.1963,0.8079,1.3884,0.0143,49.00,1.5833,35,reversal
NKE,Long,2024-07-02T14:00:00+00:00,2024-07-02T19:45:00+00:00,75.6200,76.1400,-2.0475,1.1815,-3.2289,0.0073,150.00,5.7500,30,eod
DIS,Long,2024-07-03T14:00:00+00:00,2024-07-03T15:30:00+00:00,98.6500,98.4400,2.4355,0.0812,2.3543,0.0034,115.00,1.5000,30,reversal
AMZN,Short,2024-07-03T14:00:00+00:00,2024-07-05T13:35:00+00:00,198.2100,199.7500,-2.0683,0.0812,-2.1495,0.0038,-57.00,47.5833,30,reversal
TXN,Short,2024-07-05T14:00:00+00:00,2024-07-05T19:45:00+00:00,198.2000,198.5600,-1.3060,1.6358,-2.9419,0.0043,-57.00,5.7500,30,eod
META,Long,2024-07-05T14:00:00+00:00,2024-07-05T19:45:00+00:00,524.9300,539.7000,3.4338,1.6358,1.7979,0.0058,21.00,5.7500,30,eod
UNH,Long,2024-07-03T14:10:00+00:00,2024-07-05T19:45:00+00:00,489.5400,488.4500,-2.6732,0.3542,-3.0274,0.0046,23.00,53.5833,40,eod
AAPL,Short,2024-07-08T14:00:00+00:00,2024-07-08T19:30:00+00:00,224.1800,227.0200,-2.0352,-0.0395,-1.9957,0.0058,-50.00,5.5000,30,reversal
TSLA,Long,2024-07-08T14:00:00+00:00,2024-07-08T19:45:00+00:00,252.8200,252.2600,2.2628,-0.0395,2.3023,0.0123,45.00,5.7500,30,eod
MPC,Long,2024-07-08T15:40:00+00:00,2024-07-08T19:45:00+00:00,167.5300,167.8500,-2.4606,0.6793,-3.1398,0.0063,68.00,4.0833,130,eod
LLY,Short,2024-07-08T14:20:00+00:00,2024-07-08T19:45:00+00:00,924.7800,917.0500,3.2630,-0.1412,3.4042,0.0041,-12.00,5.4167,50,eod
DIS,Short,2024-07-09T14:00:00+00:00,2024-07-09T16:40:00+00:00,96.6200,96.8500,-2.4900,-0.4863,-2.0037,0.0035,-117.00,2.6667,30,reversal
CVX,Long,2024-07-09T14:00:00+00:00,2024-07-09T19:45:00+00:00,153.7400,153.4600,1.8541,-0.4863,2.3404,0.0041,73.00,5.7500,30,eod
FCX,Short,2024-07-09T14:20:00+00:00,2024-07-09T19:45:00+00:00,51.7400,51.0000,2.5748,-0.9783,3.5531,0.0074,-219.00,5.4167,50,eod
AMD,Long,2024-07-10T14:00:00+00:00,2024-07-10T17:05:00+00:00,184.8500,182.0400,2.4869,0.8540,1.6329,0.0134,61.00,3.0833,30,reversal
CRM,Short,2024-07-10T14:00:00+00:00,2024-07-10T18:15:00+00:00,246.9100,252.9600,-1.7717,0.8540,-2.6257,0.0059,-46.00,4.2500,30,reversal
NFLX,Long,2024-07-10T14:00:00+00:00,2024-07-10T19:45:00+00:00,67.8800,67.7300,-2.1491,0.8540,-3.0031,0.0045,167.00,5.7500,30,eod
AVGO,Short,2024-07-11T14:00:00+00:00,2024-07-11T14:20:00+00:00,172.8000,170.8800,-2.3317,-0.6475,-1.6841,0.0065,-64.00,0.3333,30,reversal
MPC,Long,2024-07-11T14:00:00+00:00,2024-07-11T19:45:00+00:00,163.4400,164.7100,2.2080,-0.6475,2.8555,0.0041,68.00,5.7500,30,eod
UNH,Short,2024-07-11T14:00:00+00:00,2024-07-11T19:45:00+00:00,503.6100,505.6100,2.6009,-0.6475,3.2484,0.0042,-22.00,5.7500,30,eod
TSLA,Long,2024-07-12T14:10:00+00:00,2024-07-12T19:45:00+00:00,245.6000,249.3500,2.8668,1.8592,1.0076,0.0163,45.00,5.5833,40,eod
MPC,Long,2024-07-12T14:00:00+00:00,2024-07-12T19:45:00+00:00,162.6100,165.2200,-2.6706,2.3049,-4.9755,0.0048,69.00,5.7500,30,eod
NKE,Short,2024-07-12T14:00:00+00:00,2024-07-12T19:45:00+00:00,73.4200,73.4300,-0.5110,2.3049,-2.8159,0.0074,-153.00,5.7500,30,eod
GS,Long,2024-07-15T14:00:00+00:00,2024-07-15T16:15:00+00:00,481.9800,488.1100,-2.6312,0.7691,-3.4003,0.0044,23.00,2.2500,30,reversal
SLB,Short,2024-07-15T16:15:00+00:00,2024-07-15T19:45:00+00:00,48.3400,48.1400,2.9909,-0.1047,3.0955,0.0106,-236.00,3.5000,165,eod
SCHW,Long,2024-07-15T14:00:00+00:00,2024-07-15T19:45:00+00:00,75.1300,75.1000,3.1779,0.7691,2.4088,0.0044,151.00,5.7500,30,eod
UNH,Short,2024-07-15T14:00:00+00:00,2024-07-15T19:45:00+00:00,517.4800,514.4200,-2.1314,0.7691,-2.9005,0.0051,-21.00,5.7500,30,eod
AVGO,Short,2024-07-16T14:00:00+00:00,2024-07-16T14:25:00+00:00,167.6200,168.7100,-3.4884,-2.4377,-1.0508,0.0084,-68.00,0.4167,30,reversal
GE,Long,2024-07-16T14:00:00+00:00,2024-07-16T19:45:00+00:00,159.9600,162.8700,-0.5604,-2.4377,1.8772,0.0059,71.00,5.7500,30,eod
BAC,Short,2024-07-16T14:00:00+00:00,2024-07-16T19:45:00+00:00,43.7000,44.1800,4.7924,-2.4377,7.2301,0.0048,-261.00,5.7500,30,eod
GE,Short,2024-07-17T14:00:00+00:00,2024-07-17T14:10:00+00:00,158.6000,159.6900,-2.7621,-1.4350,-1.3271,0.0064,-71.00,0.1667,30,reversal
BAC,Long,2024-07-17T14:00:00+00:00,2024-07-17T19:45:00+00:00,44.3400,43.8300,1.4499,-1.4350,2.8849,0.0049,257.00,5.7500,30,eod
SCHW,Long,2024-07-17T14:00:00+00:00,2024-07-17T19:45:00+00:00,63.1500,63.6100,-5.0337,-1.4350,-3.5987,0.0058,180.00,5.7500,30,eod
SBUX,Short,2024-07-17T14:00:00+00:00,2024-07-17T19:45:00+00:00,75.8400,75.2300,2.2346,-1.4350,3.6696,0.0070,-150.00,5.7500,30,eod
GOOGL,Short,2024-07-18T14:00:00+00:00,2024-07-18T15:15:00+00:00,179.4900,178.6800,-2.5662,-0.4372,-2.1290,0.0053,-63.00,1.2500,30,reversal
LIN,Short,2024-07-18T14:00:00+00:00,2024-07-18T19:45:00+00:00,450.1000,447.9300,3.2336,-0.4372,3.6709,0.0026,-25.00,5.7500,30,eod
LLY,Long,2024-07-18T14:00:00+00:00,2024-07-18T19:45:00+00:00,883.4500,847.2100,-4.2130,-0.4372,-3.7757,0.0062,12.00,5.7500,30,eod
PYPL,Long,2024-07-18T14:00:00+00:00,2024-07-18T19:45:00+00:00,61.1000,60.1700,2.2153,-0.4372,2.6525,0.0061,186.00,5.7500,30,eod
LLY,Short,2024-07-19T14:05:00+00:00,2024-07-19T14:30:00+00:00,862.6600,866.0900,-1.5741,0.2144,-1.7885,0.0062,-13.00,0.4167,35,reversal
NFLX,Long,2024-07-19T14:00:00+00:00,2024-07-19T19:45:00+00:00,63.6400,63.0400,-5.7712,-0.6417,-5.1295,0.0086,176.00,5.7500,30,eod
SLB,Short,2024-07-19T14:00:00+00:00,2024-07-19T19:45:00+00:00,50.4900,49.8300,4.5789,-0.6417,5.2206,0.0077,-222.00,5.7500,30,eod
COIN,Long,2024-07-19T14:00:00+00:00,2024-07-19T19:45:00+00:00,242.6300,257.5700,2.3493,-0.6417,2.9910,0.0151,46.00,5.7500,30,eod
T,Long,2024-07-22T14:00:00+00:00,2024-07-22T15:10:00+00:00,18.3600,18.6200,-2.8840,0.5168,-3.4008,0.0045,621.00,1.1667,30,reversal
NFLX,Long,2024-07-22T14:05:00+00:00,2024-07-22T19:45:00+00:00,64.7500,65.0600,1.7149,-0.1175,1.8324,0.0089,176.00,5.6667,35,eod
HD,Short,2024-07-22T14:00:00+00:00,2024-07-22T19:45:00+00:00,362.6600,363.2000,-2.2414,0.5168,-2.7582,0.0040,-31.00,5.7500,30,eod
NKE,Short,2024-07-22T15:40:00+00:00,2024-07-22T19:45:00+00:00,74.3300,75.0300,2.4879,-0.5580,3.0459,0.0054,-153.00,4.0833,130,eod
FCX,Long,2024-07-23T14:00:00+00:00,2024-07-23T14:30:00+00:00,43.8500,45.1600,-3.8052,0.0860,-3.8912,0.0059,260.00,0.5000,30,reversal
QCOM,Short,2024-07-23T14:00:00+00:00,2024-07-23T19:45:00+00:00,192.3900,193.3700,-2.7690,0.0860,-2.8550,0.0064,-59.00,5.7500,30,eod
AMZN,Long,2024-07-23T14:00:00+00:00,2024-07-23T19:45:00+00:00,187.5500,186.7900,3.0764,0.0860,2.9904,0.0056,60.00,5.7500,30,eod
GE,Short,2024-07-23T14:00:00+00:00,2024-07-23T19:45:00+00:00,171.0100,172.8400,3.9902,0.0860,3.9041,0.0072,-66.00,5.7500,30,eod
HD,Short,2024-07-24T14:05:00+00:00,2024-07-24T14:50:00+00:00,355.2300,356.6900,-2.7499,-1.3681,-1.3817,0.0050,-32.00,0.7500,35,reversal
AMZN,Long,2024-07-24T14:00:00+00:00,2024-07-24T19:45:00+00:00,184.8300,181.2000,0.9308,-1.8903,2.8211,0.0059,61.00,5.7500,30,eod
GOOGL,Short,2024-07-24T14:00:00+00:00,2024-07-24T19:45:00+00:00,175.3300,173.0200,3.3110,-1.8903,5.2013,0.0057,-65.00,5.7500,30,eod
LLY,Short,2024-07-25T14:10:00+00:00,2024-07-25T14:15:00+00:00,809.6900,824.4600,-4.5634,-3.2626,-1.3008,0.0089,-14.00,0.0833,40,reversal
TSLA,Long,2024-07-25T14:00:00+00:00,2024-07-25T15:00:00+00:00,219.4700,223.0400,-0.2969,-3.1435,2.8466,0.0162,51.00,1.0000,30,reversal
PFE,Short,2024-07-25T14:00:00+00:00,2024-07-25T16:25:00+00:00,30.7300,30.4800,2.2171,-3.1435,5.3606,0.0076,-370.00,2.4167,30,reversal
LLY,Long,2024-07-25T14:50:00+00:00,2024-07-25T19:45:00+00:00,821.4500,825.9400,-2.6167,0.4052,-3.0220,0.0103,13.00,4.9167,80,eod
UNH,Short,2024-07-26T14:00:00+00:00,2024-07-26T16:35:00+00:00,578.9000,571.7100,3.4400,0.2557,3.1843,0.0064,-19.00,2.5833,30,reversal
CRM,Long,2024-07-26T14:00:00+00:00,2024-07-26T19:45:00+00:00,263.0300,262.9100,2.9744,0.2557,2.7187,0.0067,43.00,5.7500,30,eod
T,Short,2024-07-26T14:00:00+00:00,2024-07-26T19:45:00+00:00,18.9800,19.0700,-1.8317,0.2557,-2.0873,0.0051,-601.00,5.7500,30,eod
GE,Short,2024-07-29T14:00:00+00:00,2024-07-29T15:35:00+00:00,169.5800,169.5700,-1.3649,1.6212,-2.9861,0.0093,-67.00,1.5833,30,reversal
SBUX,Long,2024-07-29T14:05:00+00:00,2024-07-29T19:45:00+00:00,75.2700,75.3400,2.5162,0.7417,1.7745,0.0081,151.00,5.6667,35,eod
DIS,Short,2024-07-29T15:00:00+00:00,2024-07-29T19:45:00+00:00,91.8000,92.3400,2.4967,-0.5592,3.0559,0.0053,-123.00,4.7500,90,eod
COIN,Long,2024-07-29T14:00:00+00:00,2024-07-29T19:45:00+00:00,246.3800,236.0100,-1.4932,1.6212,-3.1144,0.0178,46.00,5.7500,30,eod
AVGO,Short,2024-07-30T14:00:00+00:00,2024-07-30T15:10:00+00:00,148.5100,146.5800,-2.6174,-1.3782,-1.2392,0.0101,-75.00,1.1667,30,reversal
MPC,Short,2024-07-30T14:25:00+00:00,2024-07-30T19:45:00+00:00,175.8100,178.8100,1.8001,-1.4355,3.2356,0.0067,-64.00,5.3333,55,eod
UNH,Long,2024-07-30T14:00:00+00:00,2024-07-30T19:45:00+00:00,576.3300,575.8000,1.6026,-1.3782,2.9808,0.0077,19.00,5.7500,30,eod
CAT,Short,2024-07-31T14:00:00+00:00,2024-07-31T17:00:00+00:00,341.8100,349.1400,-1.4668,1.4161,-2.8829,0.0085,-32.00,3.0000,30,reversal
SBUX,Long,2024-07-31T14:00:00+00:00,2024-07-31T19:45:00+00:00,78.3800,78.4000,-1.6033,1.4161,-3.0193,0.0089,142.00,5.7500,30,eod
PYPL,Long,2024-07-31T14:00:00+00:00,2024-07-31T19:45:00+00:00,66.4200,65.9300,2.7745,1.4161,1.3585,0.0064,168.00,5.7500,30,eod
MPC,Short,2024-08-01T14:00:00+00:00,2024-08-01T16:35:00+00:00,176.3200,174.0100,-2.2954,0.6906,-2.9860,0.0072,-62.00,2.5833,30,reversal
COP,Long,2024-08-01T14:00:00+00:00,2024-08-01T17:40:00+00:00,109.8100,108.9400,-3.8493,0.6906,-4.5399,0.0058,101.00,3.6667,30,reversal
ADBE,Long,2024-08-01T14:00:00+00:00,2024-08-01T19:45:00+00:00,560.5700,545.6600,3.5981,0.6906,2.9075,0.0060,19.00,5.7500,30,eod
ADBE,Short,2024-08-01T14:05:00+00:00,2024-08-01T19:45:00+00:00,560.0300,545.6600,3.5339,0.1085,3.4254,0.0059,-19.00,5.6667,35,eod
CVX,Short,2024-08-02T14:00:00+00:00,2024-08-02T14:50:00+00:00,151.7700,147.7200,3.5165,0.0070,3.5095,0.0058,-73.00,0.8333,30,reversal
MSFT,Short,2024-08-02T14:00:00+00:00,2024-08-02T19:45:00+00:00,406.2600,406.9600,-2.2614,0.0070,-2.2684,0.0057,-27.00,5.7500,30,eod
NKE,Long,2024-08-02T14:00:00+00:00,2024-08-02T19:45:00+00:00,73.5700,73.8400,2.9055,0.0070,2.8985,0.0067,151.00,5.7500,30,eod
T,Long,2024-08-02T14:45:00+00:00,2024-08-02T19:45:00+00:00,19.5100,19.3600,-3.2483,-0.0100,-3.2383,0.0068,574.00,5.0000,75,eod
LIN,Long,2024-08-05T14:00:00+00:00,2024-08-05T19:45:00+00:00,447.7900,442.2500,-3.0299,4.6234,-7.6533,0.0046,25.00,5.7500,30,eod
SCHW,Short,2024-08-05T14:00:00+00:00,2024-08-05T19:45:00+00:00,62.5700,62.0700,1.6546,4.6234,-2.9688,0.0089,-179.00,5.7500,30,eod
COIN,Long,2024-08-05T14:05:00+00:00,2024-08-05T19:45:00+00:00,185.7200,187.2800,4.4952,3.2951,1.2000,0.0223,60.00,5.6667,35,eod
GOOGL,Short,2024-08-06T14:00:00+00:00,2024-08-06T19:45:00+00:00,157.1000,158.6600,-1.0576,0.9307,-1.9883,0.0079,-71.00,5.7500,30,eod
CAT,Long,2024-08-06T14:00:00+00:00,2024-08-06T19:45:00+00:00,327.7600,326.8200,2.7363,0.9307,1.8057,0.0114,34.00,5.7500,30,eod
XOM,Short,2024-08-07T14:00:00+00:00,2024-08-07T19:45:00+00:00,116.9600,116.2100,3.5751,-0.0728,3.6479,0.0038,-95.00,5.7500,30,eod
FCX,Short,2024-08-07T14:00:00+00:00,2024-08-07T19:45:00+00:00,40.9300,39.8400,-1.9572,-0.0728,-1.8844,0.0081,-273.00,5.7500,30,eod
T,Long,2024-08-07T14:00:00+00:00,2024-08-07T19:45:00+00:00,19.3800,19.3300,2.0416,-0.0728,2.1144,0.0061,576.00,5.7500,30,eod
MPC,Long,2024-08-08T14:00:00+00:00,2024-08-08T14:30:00+00:00,174.4600,174.1800,2.1144,0.7955,1.3189,0.0089,64.00,0.5000,30,reversal
LLY,Short,2024-08-08T14:00:00+00:00,2024-08-08T19:45:00+00:00,839.9400,842.8000,-1.3953,0.7955,-2.1908,0.0110,-13.00,5.7500,30,eod
LLY,Long,2024-08-08T14:15:00+00:00,2024-08-08T19:45:00+00:00,826.8000,842.8000,-2.4213,1.2648,-3.6861,0.0127,13.00,5.5000,45,eod
MU,Short,2024-08-09T14:00:00+00:00,2024-08-09T14:45:00+00:00,92.4200,93.5400,-1.5204,-0.0167,-1.5038,0.0094,-123.00,0.7500,30,reversal
T,Long,2024-08-09T14:00:00+00:00,2024-08-09T19:45:00+00:00,19.5300,19.5300,1.5926,-0.0167,1.6093,0.0068,582.00,5.7500,30,eod
SBUX,Long,2024-08-12T14:00:00+00:00,2024-08-12T16:55:00+00:00,77.6500,76.8600,1.1731,-1.1633,2.3364,0.0093,145.00,2.9167,30,reversal
ADBE,Short,2024-08-12T14:00:00+00:00,2024-08-12T19:45:00+00:00,526.0700,528.1100,-2.2164,-1.1633,-1.0531,0.0071,-21.00,5.7500,30,eod
TSLA,Long,2024-08-13T14:00:00+00:00,2024-08-13T19:45:00+00:00,205.3900,208.1000,2.8700,0.5772,2.2928,0.0136,54.00,5.7500,30,eod
LIN,Short,2024-08-13T14:00:00+00:00,2024-08-13T19:45:00+00:00,446.3600,449.5200,-1.2148,0.5772,-1.7920,0.0046,-25.00,5.7500,30,eod
NKE,Short,2024-08-13T14:30:00+00:00,2024-08-13T19:45:00+00:00,77.7200,78.3600,3.2594,0.2057,3.0536,0.0073,-144.00,5.2500,60,eod
GOOGL,Short,2024-08-14T14:00:00+00:00,2024-08-14T19:45:00+00:00,158.5700,159.7600,-2.6360,-0.7097,-1.9263,0.0079,-70.00,5.7500,30,eod
NFLX,Long,2024-08-14T14:00:00+00:00,2024-08-14T19:45:00+00:00,66.1300,66.0600,1.4061,-0.7097,2.1158,0.0075,170.00,5.7500,30,eod
LLY,Short,2024-08-14T14:10:00+00:00,2024-08-14T19:45:00+00:00,926.8500,930.2600,1.6365,-1.3741,3.0106,0.0138,-12.00,5.5833,40,eod
ADBE,Long,2024-08-15T14:15:00+00:00,2024-08-15T14:45:00+00:00,556.4000,554.8000,2.0657,1.0207,1.0450,0.0053,20.00,0.5000,45,reversal
HD,Long,2024-08-15T14:00:00+00:00,2024-08-15T19:45:00+00:00,359.1700,359.8700,-2.6053,0.8022,-3.4075,0.0064,31.00,5.7500,30,eod
LOW,Short,2024-08-15T14:00:00+00:00,2024-08-15T19:45:00+00:00,238.9500,239.8300,-2.0393,0.8022,-2.8415,0.0079,-46.00,5.7500,30,eod
TSLA,Long,2024-08-16T14:00:00+00:00,2024-08-16T14:45:00+00:00,218.8900,215.0500,1.4186,0.2862,1.1324,0.0148,50.00,0.7500,30,reversal
PFE,Short,2024-08-16T14:00:00+00:00,2024-08-16T19:45:00+00:00,27.9500,28.3300,-2.5313,0.2862,-2.8175,0.0074,-399.00,5.7500,30,eod
PFE,Long,2024-08-16T14:10:00+00:00,2024-08-16T19:45:00+00:00,27.8800,28.3300,-2.6055,0.5335,-3.1390,0.0081,400.00,5.5833,40,eod
SBUX,Short,2024-08-19T14:00:00+00:00,2024-08-19T19:45:00+00:00,93.4000,92.4400,-1.0723,-0.0630,-1.0093,0.0101,-119.00,5.7500,30,eod
SBUX,Long,2024-08-19T17:40:00+00:00,2024-08-19T19:45:00+00:00,92.2700,92.4400,-2.5442,0.5007,-3.0449,0.0090,121.00,2.0833,250,eod
PFE,Long,2024-08-19T14:00:00+00:00,2024-08-19T19:45:00+00:00,28.6500,28.8700,1.2751,-0.0630,1.3381,0.0075,389.00,5.7500,30,eod
NFLX,Short,2024-08-20T14:05:00+00:00,2024-08-20T19:45:00+00:00,71.0700,69.9500,3.9411,0.5032,3.4380,0.0069,-157.00,5.6667,35,eod
XOM,Short,2024-08-20T14:00:00+00:00,2024-08-20T19:45:00+00:00,117.3500,115.1500,-1.8279,0.4069,-2.2348,0.0039,-95.00,5.7500,30,eod
SLB,Long,2024-08-20T14:45:00+00:00,2024-08-20T19:45:00+00:00,44.3900,44.2200,-3.6992,-0.5926,-3.1065,0.0054,253.00,5.0000,75,eod
PYPL,Long,2024-08-20T14:00:00+00:00,2024-08-20T19:45:00+00:00,72.3100,72.0300,3.0583,0.4069,2.6514,0.0112,155.00,5.7500,30,eod
TXN,Long,2024-08-21T14:10:00+00:00,2024-08-21T19:45:00+00:00,207.9500,208.6100,1.9108,0.6059,1.3049,0.0060,54.00,5.5833,40,eod
XOM,Short,2024-08-21T14:00:00+00:00,2024-08-21T19:45:00+00:00,114.5800,114.0900,-1.4631,1.1329,-2.5959,0.0042,-98.00,5.7500,30,eod
PFE,Short,2024-08-22T14:00:00+00:00,2024-08-22T14:10:00+00:00,28.7800,28.8900,-1.7620,-0.5703,-1.1917,0.0062,-392.00,0.1667,30,reversal
SCHW,Short,2024-08-22T14:25:00+00:00,2024-08-22T19:45:00+00:00,64.4100,64.2000,2.2082,-1.1002,3.3084,0.0063,-174.00,5.3333,55,eod
LLY,Long,2024-08-22T14:00:00+00:00,2024-08-22T19:45:00+00:00,971.1600,954.0400,1.6375,-0.5703,2.2078,0.0122,11.00,5.7500,30,eod
PFE,Short,2024-08-23T14:00:00+00:00,2024-08-23T14:50:00+00:00,28.7100,28.8200,-0.6333,1.7186,-2.3519,0.0060,-391.00,0.8333,30,reversal
LOW,Long,2024-08-23T14:40:00+00:00,2024-08-23T19:45:00+00:00,246.8300,250.5800,2.1234,1.0705,1.0529,0.0089,45.00,5.0833,70,eod
CVX,Long,2024-08-26T14:00:00+00:00,2024-08-26T15:50:00+00:00,149.8200,147.9500,1.2064,-1.3270,2.5334,0.0031,75.00,1.8333,30,reversal
AMD,Short,2024-08-26T14:00:00+00:00,2024-08-26T19:45:00+00:00,153.6400,149.7800,-2.6277,-1.3270,-1.3008,0.0099,-73.00,5.7500,30,eod
COP,Short,2024-08-26T14:00:00+00:00,2024-08-26T19:45:00+00:00,114.3900,113.7100,2.1543,-1.3270,3.4813,0.0041,-98.00,5.7500,30,eod
TSLA,Short,2024-08-27T14:00:00+00:00,2024-08-27T19:45:00+00:00,209.0500,210.1000,-2.3473,0.6470,-2.9943,0.0125,-54.00,5.7500,30,eod
TSLA,Long,2024-08-27T14:10:00+00:00,2024-08-27T19:45:00+00:00,207.5000,210.1000,-2.2954,0.8400,-3.1355,0.0159,54.00,5.5833,40,eod
AAPL,Long,2024-08-27T14:00:00+00:00,2024-08-27T19:45:00+00:00,227.2100,228.1200,2.0359,0.6470,1.3889,0.0036,49.00,5.7500,30,eod
SLB,Short,2024-08-28T14:10:00+00:00,2024-08-28T14:40:00+00:00,43.6100,43.8200,-2.5620,-1.2775,-1.2845,0.0032,-261.00,0.5000,40,reversal
CVX,Long,2024-08-28T14:00:00+00:00,2024-08-28T19:45:00+00:00,146.6200,145.9800,1.3953,-1.4384,2.8337,0.0034,77.00,5.7500,30,eod
GE,Short,2024-08-28T14:00:00+00:00,2024-08-28T19:45:00+00:00,172.5100,171.9700,2.5817,-1.4384,4.0202,0.0047,-66.00,5.7500,30,eod
MSFT,Long,2024-08-29T14:00:00+00:00,2024-08-29T18:00:00+00:00,420.5400,417.1400,3.5657,0.6347,2.9310,0.0027,27.00,4.0000,30,reversal
NVDA,Short,2024-08-29T14:00:00+00:00,2024-08-29T19:45:00+00:00,121.9400,118.0600,-1.7115,0.6347,-2.3461,0.0098,-93.00,5.7500,30,eod
CRM,Long,2024-08-29T14:00:00+00:00,2024-08-29T19:45:00+00:00,261.9600,257.8200,-3.6484,0.6347,-4.2831,0.0056,43.00,5.7500,30,eod
PYPL,Short,2024-08-29T14:15:00+00:00,2024-08-29T19:45:00+00:00,72.6100,73.1000,2.6684,-0.5331,3.2014,0.0067,-156.00,5.5000,45,eod
UNH,Short,2024-08-30T14:00:00+00:00,2024-08-30T15:00:00+00:00,588.4100,589.5600,-1.4169,1.1945,-2.6114,0.0035,-19.00,1.0000,30,reversal
AMZN,Long,2024-08-30T14:10:00+00:00,2024-08-30T19:45:00+00:00,175.0100,177.7800,1.8333,0.6438,1.1896,0.0051,64.00,5.5833,40,eod
MPC,Short,2024-08-30T14:50:00+00:00,2024-08-30T19:45:00+00:00,176.2600,176.6600,3.3770,0.0476,3.3294,0.0068,-64.00,4.9167,80,eod
LIN,Long,2024-08-30T14:00:00+00:00,2024-08-30T19:45:00+00:00,474.6800,477.4800,-2.2878,1.1945,-3.4823,0.0030,23.00,5.7500,30,eod
SLB,Short,2024-09-03T14:00:00+00:00,2024-09-03T14:50:00+00:00,42.2600,42.5200,-4.3090,-1.5266,-2.7823,0.0042,-269.00,0.8333,30,reversal
ADBE,Short,2024-09-03T14:00:00+00:00,2024-09-03T19:45:00+00:00,582.7200,568.2300,2.2419,-1.5266,3.7686,0.0053,-19.00,5.7500,30,eod
GS,Long,2024-09-03T14:00:00+00:00,2024-09-03T19:45:00+00:00,492.1700,487.0000,-5.9465,-1.5266,-4.4199,0.0051,23.00,5.7500,30,eod
T,Long,2024-09-03T14:00:00+00:00,2024-09-03T19:45:00+00:00,20.1100,20.3900,1.0957,-1.5266,2.6223,0.0036,566.00,5.7500,30,eod
DE,Long,2024-09-04T14:00:00+00:00,2024-09-04T15:00:00+00:00,394.7500,393.7200,2.1597,-0.0570,2.2167,0.0060,28.00,1.0000,30,reversal
CRM,Short,2024-09-04T14:00:00+00:00,2024-09-04T18:20:00+00:00,246.0300,248.9100,-1.4371,-0.0570,-1.3801,0.0049,-46.00,4.3333,30,reversal
SLB,Long,2024-09-04T14:25:00+00:00,2024-09-04T19:45:00+00:00,41.6700,41.4300,-2.4406,0.9174,-3.3580,0.0052,273.00,5.3333,55,eod
COP,Short,2024-09-05T14:00:00+00:00,2024-09-05T15:30:00+00:00,108.6400,108.5100,0.1155,2.9549,-2.8394,0.0040,-104.00,1.5000,30,reversal
TSLA,Long,2024-09-05T14:50:00+00:00,2024-09-05T19:45:00+00:00,232.3100,229.0600,2.0489,0.9891,1.0597,0.0168,48.00,4.9167,80,eod
UNH,Long,2024-09-05T14:00:00+00:00,2024-09-05T19:45:00+00:00,596.1100,594.3500,-2.5488,2.9549,-5.5037,0.0036,19.00,5.7500,30,eod
LIN,Short,2024-09-06T14:05:00+00:00,2024-09-06T19:45:00+00:00,463.0400,458.5400,-3.3836,-2.0088,-1.3748,0.0029,-24.00,5.6667,35,eod
DIS,Long,2024-09-06T14:00:00+00:00,2024-09-06T19:45:00+00:00,88.8400,88.1000,0.2423,-2.4870,2.7293,0.0019,127.00,5.7500,30,eod
T,Short,2024-09-06T14:00:00+00:00,2024-09-06T19:45:00+00:00,20.8000,20.9600,1.3722,-2.4870,3.8592,0.0035,-542.00,5.7500,30,eod
GOOGL,Short,2024-09-09T14:00:00+00:00,2024-09-09T19:45:00+00:00,152.0400,148.3600,-1.4117,0.2903,-1.7020,0.0055,-74.00,5.7500,30,eod
GOOGL,Long,2024-09-09T16:05:00+00:00,2024-09-09T19:45:00+00:00,148.9400,148.3600,-3.0429,-0.0383,-3.0046,0.0092,75.00,3.6667,155,eod
JPM,Long,2024-09-09T14:00:00+00:00,2024-09-09T19:45:00+00:00,216.4500,217.2400,2.7742,0.2903,2.4839,0.0036,52.00,5.7500,30,eod
PFE,Short,2024-09-09T14:00:00+00:00,2024-09-09T19:45:00+00:00,29.0000,29.4100,3.3538,0.2903,3.0634,0.0050,-388.00,5.7500,30,eod
DIS,Long,2024-09-10T14:00:00+00:00,2024-09-10T14:20:00+00:00,88.5500,87.9900,2.3840,0.0193,2.3647,0.0018,127.00,0.3333,30,reversal
XOM,Long,2024-09-10T14:00:00+00:00,2024-09-10T19:45:00+00:00,112.2500,110.8400,-4.4728,0.0193,-4.4921,0.0047,100.00,5.7500,30,eod
GS,Short,2024-09-10T14:00:00+00:00,2024-09-10T19:45:00+00:00,470.4800,465.2500,-2.5011,0.0193,-2.5204,0.0057,-23.00,5.7500,30,eod
LOW,Short,2024-09-10T15:00:00+00:00,2024-09-10T19:45:00+00:00,247.0500,246.7700,2.9283,-0.4652,3.3935,0.0050,-45.00,4.7500,90,eod
MPC,Short,2024-09-11T14:00:00+00:00,2024-09-11T14:15:00+00:00,159.4600,159.5900,-3.1871,-0.6971,-2.4900,0.0032,-70.00,0.2500,30,reversal
MPC,Long,2024-09-11T18:30:00+00:00,2024-09-11T19:45:00+00:00,158.9500,158.5500,-1.3743,1.6415,-3.0158,0.0098,69.00,1.2500,300,eod
SBUX,Long,2024-09-11T14:00:00+00:00,2024-09-11T19:45:00+00:00,94.3800,97.9800,1.1036,-0.6971,1.8007,0.0044,118.00,5.7500,30,eod
SBUX,Short,2024-09-11T14:10:00+00:00,2024-09-11T19:45:00+00:00,94.5300,97.9800,1.2965,-1.7346,3.0311,0.0050,-118.00,5.5833,40,eod
AVGO,Long,2024-09-12T14:00:00+00:00,2024-09-12T19:45:00+00:00,160.9300,164.6000,1.9752,-0.3940,2.3692,0.0099,68.00,5.7500,30,eod
SCHW,Long,2024-09-12T14:15:00+00:00,2024-09-12T19:45:00+00:00,62.4800,61.7000,-2.3270,0.7550,-3.0820,0.0054,177.00,5.5000,45,eod
DIS,Short,2024-09-12T14:00:00+00:00,2024-09-12T19:45:00+00:00,88.4500,89.1900,-3.0105,-0.3940,-2.6166,0.0020,-125.00,5.7500,30,eod
JPM,Short,2024-09-13T14:00:00+00:00,2024-09-13T19:45:00+00:00,206.9000,204.5700,-0.8339,0.5635,-1.3974,0.0041,-53.00,5.7500,30,eod
DIS,Long,2024-09-13T14:00:00+00:00,2024-09-13T19:45:00+00:00,89.8900,90.5900,2.0874,0.5635,1.5239,0.0019,123.00,5.7500,30,eod
QCOM,Long,2024-09-16T14:10:00+00:00,2024-09-16T14:30:00+00:00,167.2800,164.9000,2.5751,1.3368,1.2384,0.0075,66.00,0.3333,40,reversal
PFE,Short,2024-09-16T14:00:00+00:00,2024-09-16T14:50:00+00:00,29.5700,29.7800,-1.2375,1.5906,-2.8281,0.0054,-375.00,0.8333,30,reversal
MPC,Long,2024-09-16T14:00:00+00:00,2024-09-16T19:45:00+00:00,162.3000,160.4400,-3.8107,1.5906,-5.4013,0.0046,68.00,5.7500,30,eod
SCHW,Short,2024-09-16T14:45:00+00:00,2024-09-16T19:45:00+00:00,64.0400,63.6500,3.1163,0.0569,3.0593,0.0057,-171.00,5.0000,75,eod
AAPL,Long,2024-09-17T14:00:00+00:00,2024-09-17T19:45:00+00:00,216.3900,216.4300,1.8336,0.3257,1.5079,0.0042,50.00,5.7500,30,eod
DIS,Short,2024-09-17T14:00:00+00:00,2024-09-17T19:45:00+00:00,93.0900,92.8100,3.5276,0.3257,3.2019,0.0023,-118.00,5.7500,30,eod
T,Short,2024-09-17T14:00:00+00:00,2024-09-17T19:45:00+00:00,21.9200,21.7300,-1.6361,0.3257,-1.9618,0.0042,-502.00,5.7500,30,eod
SBUX,Long,2024-09-18T14:00:00+00:00,2024-09-18T18:25:00+00:00,97.1600,96.8100,1.9472,0.1429,1.8043,0.0053,113.00,4.4167,30,reversal
DIS,Short,2024-09-18T14:00:00+00:00,2024-09-18T19:10:00+00:00,93.0600,93.5800,-2.6944,0.1429,-2.8373,0.0028,-118.00,5.1667,30,reversal
MSFT,Short,2024-09-19T14:00:00+00:00,2024-09-19T19:45:00+00:00,437.9000,438.9500,-2.1799,0.0997,-2.2795,0.0033,-25.00,5.7500,30,eod
AAPL,Long,2024-09-19T14:00:00+00:00,2024-09-19T19:45:00+00:00,228.1400,229.3300,2.1482,0.0997,2.0486,0.0045,48.00,5.7500,30,eod
SBUX,Long,2024-09-19T14:25:00+00:00,2024-09-19T19:45:00+00:00,97.4700,96.6600,-1.7415,1.3268,-3.0683,0.0056,112.00,5.3333,55,eod
CRM,Short,2024-09-20T14:00:00+00:00,2024-09-20T19:45:00+00:00,265.1300,265.7300,-3.3544,-0.7215,-2.6328,0.0053,-41.00,5.7500,30,eod
CRM,Long,2024-09-20T14:05:00+00:00,2024-09-20T19:45:00+00:00,264.4600,265.7300,-4.1527,-0.8178,-3.3350,0.0049,41.00,5.6667,35,eod
LOW,Long,2024-09-20T14:00:00+00:00,2024-09-20T19:45:00+00:00,259.3300,260.6000,1.0940,-0.7215,1.8156,0.0042,42.00,5.7500,30,eod
LOW,Short,2024-09-20T15:05:00+00:00,2024-09-20T19:45:00+00:00,260.6000,260.6000,1.7954,-1.2291,3.0245,0.0053,-42.00,4.6667,95,eod
XOM,Long,2024-09-23T14:00:00+00:00,2024-09-23T15:40:00+00:00,117.4900,116.4700,2.2189,0.5364,1.6825,0.0060,93.00,1.6667,30,reversal
SBUX,Short,2024-09-23T14:00:00+00:00,2024-09-23T19:45:00+00:00,94.8000,95.2800,-1.5248,0.5364,-2.0612,0.0054,-115.00,5.7500,30,eod
DIS,Long,2024-09-23T14:00:00+00:00,2024-09-23T19:45:00+00:00,92.2300,92.9900,-3.0305,0.5364,-3.5669,0.0039,119.00,5.7500,30,eod
T,Short,2024-09-24T14:00:00+00:00,2024-09-24T15:45:00+00:00,21.5300,21.4800,1.0945,-2.0933,3.1878,0.0038,-508.00,1.7500,30,reversal
SBUX,Long,2024-09-24T14:00:00+00:00,2024-09-24T15:55:00+00:00,95.0100,95.1500,0.8447,-2.0933,2.9380,0.0056,115.00,1.9167,30,reversal
AMZN,Short,2024-09-24T14:10:00+00:00,2024-09-24T19:45:00+00:00,190.8600,193.1100,-2.6291,-1.3205,-1.3086,0.0047,-57.00,5.5833,40,eod
LOW,Long,2024-09-24T16:00:00+00:00,2024-09-24T19:45:00+00:00,263.6000,265.7700,-2.0602,0.9941,-3.0543,0.0068,41.00,3.7500,150,eod
GE,Long,2024-09-25T14:00:00+00:00,2024-09-25T15:10:00+00:00,190.5900,189.5000,2.1533,0.7557,1.3976,0.0047,57.00,1.1667,30,reversal
ADBE,Short,2024-09-25T14:00:00+00:00,2024-09-25T19:45:00+00:00,520.2300,517.6400,-1.7208,0.7557,-2.4765,0.0053,-21.00,5.7500,30,eod
CAT,Short,2024-09-26T14:00:00+00:00,2024-09-26T15:40:00+00:00,392.7500,388.9200,-2.7279,-0.7542,-1.9737,0.0030,-27.00,1.6667,30,reversal
MPC,Short,2024-09-26T14:00:00+00:00,2024-09-26T19:45:00+00:00,166.1100,163.0900,2.2565,-0.7542,3.0108,0.0059,-65.00,5.7500,30,eod
PFE,Long,2024-09-26T14:00:00+00:00,2024-09-26T19:45:00+00:00,28.8300,28.9400,1.5117,-0.7542,2.2659,0.0060,379.00,5.7500,30,eod
BAC,Short,2024-09-27T14:00:00+00:00,2024-09-27T14:20:00+00:00,39.4000,39.6500,-2.8741,-0.5831,-2.2910,0.0038,-279.00,0.3333,30,reversal
COP,Short,2024-09-27T14:15:00+00:00,2024-09-27T19:45:00+00:00,103.6600,104.7900,1.9199,-1.1003,3.0201,0.0046,-106.00,5.5000,45,eod
UNH,Long,2024-09-27T14:00:00+00:00,2024-09-27T19:45:00+00:00,581.4600,582.0700,1.4625,-0.5831,2.0456,0.0045,18.00,5.7500,30,eod
CRM,Short,2024-09-30T14:00:00+00:00,2024-09-30T19:45:00+00:00,270.6400,272.7100,-2.5494,-0.9643,-1.5851,0.0060,-40.00,5.7500,30,eod
JPM,Short,2024-09-30T14:00:00+00:00,2024-09-30T19:45:00+00:00,208.4500,210.2900,3.4947,-0.9643,4.4590,0.0033,-52.00,5.7500,30,eod
T,Long,2024-09-30T14:00:00+00:00,2024-09-30T19:45:00+00:00,21.9200,22.0100,1.7932,-0.9643,2.7575,0.0033,499.00,5.7500,30,eod
GS,Short,2024-10-01T14:15:00+00:00,2024-10-01T14:30:00+00:00,485.2600,486.0600,-4.7243,-2.9985,-1.7259,0.0031,-22.00,0.2500,45,reversal
COP,Short,2024-10-01T14:00:00+00:00,2024-10-01T19:45:00+00:00,107.7300,109.1300,5.0973,-2.6916,7.7889,0.0051,-101.00,5.7500,30,eod
LLY,Long,2024-10-01T14:00:00+00:00,2024-10-01T19:45:00+00:00,888.1100,882.9500,0.2290,-2.6916,2.9206,0.0043,12.00,5.7500,30,eod
FCX,Long,2024-10-02T14:00:00+00:00,2024-10-02T18:00:00+00:00,51.3200,50.8500,3.1028,0.1557,2.9471,0.0049,210.00,4.0000,30,reversal
TSLA,Short,2024-10-02T14:00:00+00:00,2024-10-02T19:45:00+00:00,244.2600,248.7200,-2.5116,0.1557,-2.6673,0.0095,-44.00,5.7500,30,eod
UNH,Long,2024-10-02T14:00:00+00:00,2024-10-02T19:45:00+00:00,585.4200,594.6700,-3.0408,0.1557,-3.1964,0.0046,18.00,5.7500,30,eod
AMD,Long,2024-10-03T14:00:00+00:00,2024-10-03T19:45:00+00:00,166.1700,162.7000,4.1402,2.3261,1.8140,0.0065,64.00,5.7500,30,eod
TSLA,Short,2024-10-03T14:00:00+00:00,2024-10-03T19:45:00+00:00,247.8700,240.0700,-0.5198,2.3261,-2.8459,0.0098,-43.00,5.7500,30,eod
MPC,Short,2024-10-03T16:40:00+00:00,2024-10-03T19:45:00+00:00,171.5000,173.7800,3.2044,-0.0275,3.2319,0.0118,-62.00,3.0833,190,eod
LOW,Long,2024-10-03T14:00:00+00:00,2024-10-03T19:45:00+00:00,269.7700,269.5900,-2.1356,2.3261,-4.4617,0.0044,39.00,5.7500,30,eod
GS,Short,2024-10-04T14:15:00+00:00,2024-10-04T14:30:00+00:00,490.2600,488.5800,-2.5019,-1.4300,-1.0719,0.0043,-21.00,0.2500,45,reversal
CAT,Long,2024-10-04T14:00:00+00:00,2024-10-04T19:45:00+00:00,396.3900,396.5500,0.8852,-1.9450,2.8302,0.0040,27.00,5.7500,30,eod
T,Short,2024-10-04T14:00:00+00:00,2024-10-04T19:45:00+00:00,21.9300,21.9300,4.8431,-1.9450,6.7881,0.0038,-489.00,5.7500,30,eod
TXN,Long,2024-10-07T14:00:00+00:00,2024-10-07T19:45:00+00:00,202.3300,200.7600,1.6779,-0.3568,2.0347,0.0043,53.00,5.7500,30,eod
META,Short,2024-10-07T14:00:00+00:00,2024-10-07T19:45:00+00:00,597.7600,585.1700,-1.6404,-0.3568,-1.2837,0.0049,-17.00,5.7500,30,eod
HD,Short,2024-10-07T14:00:00+00:00,2024-10-07T19:45:00+00:00,408.7000,408.5600,3.5095,-0.3568,3.8663,0.0042,-26.00,5.7500,30,eod
DIS,Long,2024-10-07T16:05:00+00:00,2024-10-07T19:45:00+00:00,92.5100,92.1300,-3.6135,-0.2461,-3.3674,0.0067,116.00,3.6667,155,eod
LIN,Long,2024-10-08T14:00:00+00:00,2024-10-08T14:15:00+00:00,468.2900,467.3700,3.0926,2.0279,1.0646,0.0018,22.00,0.2500,30,reversal
MPC,Long,2024-10-08T14:00:00+00:00,2024-10-08T19:45:00+00:00,159.6500,160.1900,-2.7694,2.0279,-4.7973,0.0072,67.00,5.7500,30,eod
JPM,Short,2024-10-08T14:00:00+00:00,2024-10-08T19:45:00+00:00,209.4300,210.9000,-0.8355,2.0279,-2.8634,0.0032,-51.00,5.7500,30,eod
META,Short,2024-10-09T14:00:00+00:00,2024-10-09T19:45:00+00:00,583.1900,589.8900,-2.1521,0.3496,-2.5017,0.0060,-18.00,5.7500,30,eod
GOOGL,Long,2024-10-09T14:00:00+00:00,2024-10-09T19:45:00+00:00,161.2800,161.2800,-3.1997,0.3496,-3.5494,0.0055,66.00,5.7500,30,eod
PFE,Long,2024-10-09T14:00:00+00:00,2024-10-09T19:45:00+00:00,29.7800,30.1600,2.9195,0.3496,2.5699,0.0056,359.00,5.7500,30,eod
PFE,Short,2024-10-09T14:40:00+00:00,2024-10-09T19:45:00+00:00,30.3300,30.1600,4.9364,0.8723,4.0640,0.0071,-354.00,5.0833,70,eod
HD,Long,2024-10-10T14:00:00+00:00,2024-10-10T14:45:00+00:00,413.7500,410.5000,1.9399,0.0228,1.9172,0.0053,25.00,0.7500,30,reversal
MU,Short,2024-10-10T19:15:00+00:00,2024-10-10T19:45:00+00:00,105.9500,106.0100,3.4759,0.4545,3.0213,0.0110,-101.00,0.5000,345,eod
LIN,Short,2024-10-10T14:00:00+00:00,2024-10-10T19:45:00+00:00,470.5700,468.5600,-2.0204,0.0228,-2.0432,0.0015,-22.00,5.7500,30,eod
T,Long,2024-10-10T16:15:00+00:00,2024-10-10T19:45:00+00:00,21.3200,21.2100,-1.6983,1.3638,-3.0621,0.0049,502.00,3.5000,165,eod
DIS,Long,2024-10-11T14:00:00+00:00,2024-10-11T16:00:00+00:00,93.9300,94.0400,1.8828,0.3741,1.5087,0.0042,113.00,2.0000,30,reversal
NFLX,Long,2024-10-11T17:45:00+00:00,2024-10-11T19:45:00+00:00,72.3100,72.4400,-1.8898,1.1264,-3.0162,0.0071,147.00,2.0000,255,eod
JPM,Short,2024-10-11T14:00:00+00:00,2024-10-11T19:45:00+00:00,223.4800,223.0500,3.7753,0.3741,3.4012,0.0043,-47.00,5.7500,30,eod
HD,Short,2024-10-11T14:00:00+00:00,2024-10-11T19:45:00+00:00,409.6500,412.0800,-1.2159,0.3741,-1.5901,0.0055,-26.00,5.7500,30,eod
DE,Long,2024-10-14T14:25:00+00:00,2024-10-14T15:05:00+00:00,400.0300,405.3000,-2.4063,0.6854,-3.0916,0.0052,26.00,0.6667,55,reversal
FCX,Long,2024-10-14T14:00:00+00:00,2024-10-14T19:45:00+00:00,48.7600,48.9500,3.0151,1.2652,1.7499,0.0056,218.00,5.7500,30,eod
JPM,Short,2024-10-14T14:00:00+00:00,2024-10-14T19:45:00+00:00,220.2800,221.4600,-1.3364,1.2652,-2.6016,0.0047,-48.00,5.7500,30,eod
COIN,Short,2024-10-14T14:50:00+00:00,2024-10-14T19:45:00+00:00,192.1700,195.7000,3.7613,0.2661,3.4952,0.0191,-55.00,4.9167,80,eod
GE,Long,2024-10-15T14:00:00+00:00,2024-10-15T14:45:00+00:00,190.8200,191.0700,-3.5379,0.1089,-3.6468,0.0044,55.00,0.7500,30,reversal
SCHW,Short,2024-10-15T14:00:00+00:00,2024-10-15T15:00:00+00:00,72.9300,72.9400,-2.1607,0.1089,-2.2695,0.0043,-145.00,1.0000,30,reversal
AAPL,Long,2024-10-15T14:00:00+00:00,2024-10-15T19:45:00+00:00,237.1400,233.6800,3.1072,0.1089,2.9983,0.0043,44.00,5.7500,30,eod
COIN,Short,2024-10-15T14:00:00+00:00,2024-10-15T19:45:00+00:00,204.6400,195.7300,3.5674,0.1089,3.4586,0.0119,-51.00,5.7500,30,eod
LIN,Long,2024-10-16T14:00:00+00:00,2024-10-16T14:30:00+00:00,481.7800,480.2100,1.9635,-0.9410,2.9045,0.0021,22.00,0.5000,30,reversal
MSFT,Short,2024-10-16T14:00:00+00:00,2024-10-16T15:10:00+00:00,411.4400,414.7400,-2.2191,-0.9410,-1.2781,0.0037,-26.00,1.1667,30,reversal
BAC,Short,2024-10-16T14:00:00+00:00,2024-10-16T19:45:00+00:00,42.8500,42.8500,2.6237,-0.9410,3.5647,0.0044,-250.00,5.7500,30,eod
SCHW,Long,2024-10-16T19:10:00+00:00,2024-10-16T19:45:00+00:00,71.8200,71.8400,-2.6312,0.4569,-3.0881,0.0063,148.00,0.5833,340,eod
NFLX,Short,2024-10-17T14:00:00+00:00,2024-10-17T14:10:00+00:00,68.6500,69.2100,-2.9529,-1.5732,-1.3796,0.0043,-155.00,0.1667,30,reversal
GS,Long,2024-10-17T14:00:00+00:00,2024-10-17T19:45:00+00:00,533.4000,529.9400,1.3437,-1.5732,2.9169,0.0054,19.00,5.7500,30,eod
SBUX,Short,2024-10-17T14:00:00+00:00,2024-10-17T19:45:00+00:00,95.6700,95.3000,1.9521,-1.5732,3.5253,0.0040,-111.00,5.7500,30,eod
GE,Short,2024-10-18T14:00:00+00:00,2024-10-18T16:05:00+00:00,191.2800,192.5900,-1.3613,0.9676,-2.3288,0.0037,-55.00,2.0833,30,reversal
NFLX,Short,2024-10-18T18:55:00+00:00,2024-10-18T19:45:00+00:00,76.4000,76.5300,3.6669,0.5333,3.1336,0.0071,-139.00,0.8333,325,eod
SLB,Long,2024-10-18T15:00:00+00:00,2024-10-18T19:45:00+00:00,42.2300,42.0700,-2.5634,0.5438,-3.1072,0.0068,251.00,4.7500,90,eod
COIN,Long,2024-10-18T14:00:00+00:00,2024-10-18T19:45:00+00:00,214.5200,218.9200,2.5137,0.9676,1.5461,0.0139,49.00,5.7500,30,eod
NFLX,Short,2024-10-21T14:00:00+00:00,2024-10-21T15:25:00+00:00,75.8400,76.3100,-1.9339,0.9628,-2.8967,0.0056,-140.00,1.4167,30,reversal
AMZN,Long,2024-10-21T14:25:00+00:00,2024-10-21T19:45:00+00:00,188.8300,188.9700,2.0742,0.7543,1.3199,0.0056,56.00,5.3333,55,eod
COP,Long,2024-10-21T14:15:00+00:00,2024-10-21T19:45:00+00:00,105.4400,105.1500,-1.7298,1.4222,-3.1520,0.0058,100.00,5.5000,45,eod
SCHW,Short,2024-10-22T14:00:00+00:00,2024-10-22T15:30:00+00:00,70.0300,70.8300,-1.7367,1.1088,-2.8455,0.0037,-151.00,1.5000,30,reversal
MSFT,Long,2024-10-22T14:00:00+00:00,2024-10-22T19:45:00+00:00,426.3100,429.4300,3.1360,1.1088,2.0272,0.0042,24.00,5.7500,30,eod
GE,Long,2024-10-22T14:00:00+00:00,2024-10-22T19:45:00+00:00,179.2100,177.3800,-5.3161,1.1088,-6.4249,0.0052,59.00,5.7500,30,eod
QCOM,Short,2024-10-23T14:00:00+00:00,2024-10-23T14:25:00+00:00,168.6100,169.6900,-1.8673,-0.6374,-1.2299,0.0058,-62.00,0.4167,30,reversal
SBUX,Long,2024-10-23T14:00:00+00:00,2024-10-23T19:45:00+00:00,96.0800,97.4300,2.2788,-0.6374,2.9162,0.0046,109.00,5.7500,30,eod
T,Short,2024-10-23T14:00:00+00:00,2024-10-23T19:45:00+00:00,22.0100,22.3900,3.1625,-0.6374,3.7999,0.0036,-478.00,5.7500,30,eod
TXN,Long,2024-10-24T14:00:00+00:00,2024-10-24T19:45:00+00:00,205.0800,205.9700,2.4734,0.5097,1.9637,0.0053,51.00,5.7500,30,eod
TSLA,Short,2024-10-24T15:40:00+00:00,2024-10-24T19:45:00+00:00,254.1000,261.1300,2.9432,-0.0590,3.0022,0.0096,-41.00,4.0833,130,eod
CVX,Long,2024-10-24T14:00:00+00:00,2024-10-24T19:45:00+00:00,150.2700,150.4000,-3.6752,0.5097,-4.1850,0.0019,69.00,5.7500,30,eod
SLB,Short,2024-10-24T14:00:00+00:00,2024-10-24T19:45:00+00:00,41.7100,41.2500,-2.4206,0.5097,-2.9303,0.0030,-251.00,5.7500,30,eod
TSLA,Long,2024-10-25T17:20:00+00:00,2024-10-25T19:45:00+00:00,267.3100,268.4200,1.6172,0.6073,1.0099,0.0124,39.00,2.4167,230,eod
GS,Short,2024-10-25T14:00:00+00:00,2024-10-25T19:45:00+00:00,524.5400,513.2000,-0.0951,2.8800,-2.9751,0.0044,-19.00,5.7500,30,eod
T,Long,2024-10-25T14:00:00+00:00,2024-10-25T19:45:00+00:00,22.2300,21.8400,-1.8086,2.8800,-4.6886,0.0027,469.00,5.7500,30,eod
SCHW,Short,2024-10-28T14:00:00+00:00,2024-10-28T16:40:00+00:00,71.7300,72.1700,-2.2578,-0.2868,-1.9710,0.0043,-145.00,2.6667,30,reversal
CVX,Long,2024-10-28T14:00:00+00:00,2024-10-28T19:45:00+00:00,149.6500,150.3300,1.7169,-0.2868,2.0037,0.0019,69.00,5.7500,30,eod
HD,Long,2024-10-29T14:05:00+00:00,2024-10-29T14:50:00+00:00,396.5900,395.2100,3.1117,1.4389,1.6728,0.0041,26.00,0.7500,35,reversal
JPM,Short,2024-10-29T14:00:00+00:00,2024-10-29T19:45:00+00:00,224.6500,222.9800,-0.8387,1.8965,-2.7352,0.0038,-46.00,5.7500,30,eod
PFE,Long,2024-10-29T14:00:00+00:00,2024-10-29T19:45:00+00:00,28.7800,28.5100,-1.4071,1.8965,-3.3036,0.0044,362.00,5.7500,30,eod
AMZN,Short,2024-10-30T14:00:00+00:00,2024-10-30T19:45:00+00:00,193.0700,193.3300,-1.6266,0.9509,-2.5775,0.0052,-53.00,5.7500,30,eod
CAT,Short,2024-10-30T14:00:00+00:00,2024-10-30T19:45:00+00:00,378.9800,380.1500,6.5871,0.9509,5.6362,0.0044,-27.00,5.7500,30,eod
JPM,Long,2024-10-30T14:00:00+00:00,2024-10-30T19:45:00+00:00,225.2600,224.4000,2.9581,0.9509,2.0071,0.0044,46.00,5.7500,30,eod
AVGO,Short,2024-10-31T14:00:00+00:00,2024-10-31T14:50:00+00:00,168.1900,168.9200,-3.4145,-2.2085,-1.2060,0.0072,-61.00,0.8333,30,reversal
COP,Short,2024-10-31T14:00:00+00:00,2024-10-31T19:45:00+00:00,108.6000,109.9700,3.1353,-2.2085,5.3438,0.0024,-95.00,5.7500,30,eod
PFE,Long,2024-10-31T14:00:00+00:00,2024-10-31T19:45:00+00:00,28.5200,28.4600,0.5949,-2.2085,2.8034,0.0035,363.00,5.7500,30,eod
AAPL,Long,2024-11-01T14:00:00+00:00,2024-11-01T14:30:00+00:00,224.0100,223.3400,2.5194,0.4423,2.0771,0.0032,45.00,0.5000,30,reversal
LLY,Short,2024-11-01T14:00:00+00:00,2024-11-01T19:45:00+00:00,823.9000,818.9400,-2.2367,0.4423,-2.6790,0.0030,-12.00,5.7500,30,eod
T,Long,2024-11-01T14:00:00+00:00,2024-11-01T19:45:00+00:00,22.4600,22.1400,-3.0056,0.4423,-3.4480,0.0037,457.00,5.7500,30,eod
CRM,Short,2024-11-04T15:00:00+00:00,2024-11-04T17:40:00+00:00,294.2000,297.6100,-1.4416,1.5296,-2.9712,0.0045,-34.00,2.6667,30,reversal
DE,Long,2024-11-04T15:00:00+00:00,2024-11-04T20:45:00+00:00,402.6400,401.5800,-2.9412,1.5296,-4.4708,0.0035,25.00,5.7500,30,eod
LOW,Long,2024-11-04T15:00:00+00:00,2024-11-04T20:45:00+00:00,267.1300,265.1200,3.4002,1.5296,1.8705,0.0042,38.00,5.7500,30,eod
LIN,Long,2024-11-05T15:00:00+00:00,2024-11-05T16:10:00+00:00,460.6400,459.0600,2.8368,1.3267,1.5102,0.0020,22.00,1.1667,30,reversal
CRM,Short,2024-11-05T15:00:00+00:00,2024-11-05T20:45:00+00:00,296.8100,297.4100,-1.3605,1.3267,-2.6872,0.0047,-34.00,5.7500,30,eod
MPC,Long,2024-11-05T15:00:00+00:00,2024-11-05T20:45:00+00:00,147.8700,149.1200,-1.8769,1.3267,-3.2036,0.0049,68.00,5.7500,30,eod
PFE,Long,2024-11-06T15:00:00+00:00,2024-11-06T15:35:00+00:00,27.5300,27.3200,2.5411,-0.3874,2.9285,0.0036,368.00,0.5833,30,reversal
PFE,Short,2024-11-06T15:05:00+00:00,2024-11-06T15:35:00+00:00,27.5500,27.3200,2.9128,-0.1846,3.0974,0.0034,-368.00,0.5000,35,reversal
TSLA,Short,2024-11-06T15:00:00+00:00,2024-11-06T20:45:00+00:00,278.0200,289.3300,-3.2841,-0.3874,-2.8967,0.0105,-36.00,5.7500,30,eod
LLY,Long,2024-11-06T15:00:00+00:00,2024-11-06T20:45:00+00:00,770.9800,773.4100,-7.6947,-0.3874,-7.3073,0.0052,13.00,5.7500,30,eod
NKE,Long,2024-11-07T15:00:00+00:00,2024-11-07T16:20:00+00:00,76.1500,75.8200,3.2189,1.0673,2.1517,0.0032,131.00,1.3333,30,reversal
NKE,Short,2024-11-07T15:30:00+00:00,2024-11-07T16:20:00+00:00,76.3400,75.8200,3.7031,0.6639,3.0392,0.0034,-131.00,0.8333,60,reversal
JPM,Long,2024-11-07T15:00:00+00:00,2024-11-07T20:45:00+00:00,238.8100,236.2800,-3.5027,1.0673,-4.5700,0.0046,42.00,5.7500,30,eod
T,Short,2024-11-07T15:00:00+00:00,2024-11-07T20:45:00+00:00,21.9600,22.1600,-1.6669,1.0673,-2.7342,0.0043,-457.00,5.7500,30,eod
MU,Short,2024-11-08T15:00:00+00:00,2024-11-08T20:45:00+00:00,111.2900,111.8500,-3.1489,-0.3323,-2.8166,0.0051,-89.00,5.7500,30,eod
DE,Long,2024-11-08T15:00:00+00:00,2024-11-08T20:45:00+00:00,398.4400,394.5800,-4.4809,-0.3323,-4.1486,0.0039,25.00,5.7500,30,eod
NKE,Short,2024-11-08T15:00:00+00:00,2024-11-08T20:45:00+00:00,76.3400,75.8100,2.8340,-0.3323,3.1663,0.0038,-130.00,5.7500,30,eod
SBUX,Long,2024-11-08T15:00:00+00:00,2024-11-08T20:45:00+00:00,97.4200,97.2800,2.1881,-0.3323,2.5204,0.0060,102.00,5.7500,30,eod
NVDA,Short,2024-11-11T15:00:00+00:00,2024-11-11T20:45:00+00:00,143.7600,145.3800,-3.2630,-1.6608,-1.6022,0.0076,-69.00,5.7500,30,eod
ADBE,Long,2024-11-11T15:00:00+00:00,2024-11-11T20:45:00+00:00,500.2600,504.3900,1.0450,-1.6608,2.7058,0.0051,19.00,5.7500,30,eod
COP,Short,2024-11-11T15:00:00+00:00,2024-11-11T20:45:00+00:00,112.6500,112.2000,3.2362,-1.6608,4.8970,0.0034,-88.00,5.7500,30,eod
ADBE,Short,2024-11-12T15:00:00+00:00,2024-11-12T20:45:00+00:00,515.8900,527.9500,2.8987,-0.3076,3.2063,0.0055,-19.00,5.7500,30,eod
SLB,Long,2024-11-12T15:00:00+00:00,2024-11-12T20:45:00+00:00,44.9400,44.3400,2.4601,-0.3076,2.7677,0.0053,221.00,5.7500,30,eod
LIN,Short,2024-11-12T15:00:00+00:00,2024-11-12T20:45:00+00:00,456.4100,457.0900,-2.3017,-0.3076,-1.9941,0.0032,-21.00,5.7500,30,eod
LOW,Long,2024-11-12T15:25:00+00:00,2024-11-12T20:45:00+00:00,270.6500,270.4300,-2.9889,0.0605,-3.0494,0.0071,36.00,5.3333,55,eod
CVX,Short,2024-11-13T15:00:00+00:00,2024-11-13T15:45:00+00:00,155.1700,156.2800,-2.9123,-0.9797,-1.9326,0.0025,-63.00,0.7500,30,reversal
GS,Long,2024-11-13T15:00:00+00:00,2024-11-13T18:25:00+00:00,597.8300,598.1100,1.4195,-0.9797,2.3992,0.0031,16.00,3.4167,30,reversal
LIN,Short,2024-11-13T16:00:00+00:00,2024-11-13T20:45:00+00:00,455.4200,456.9100,2.5723,-0.8104,3.3827,0.0028,-21.00,4.7500,90,eod
COIN,Long,2024-11-13T19:10:00+00:00,2024-11-13T20:45:00+00:00,297.8400,287.1000,-2.5987,0.5937,-3.1924,0.0359,32.00,1.5833,280,eod
AAPL,Short,2024-11-14T18:55:00+00:00,2024-11-14T20:45:00+00:00,228.0600,227.8100,1.6840,-1.3556,3.0396,0.0049,-42.00,1.8333,265,eod
NFLX,Long,2024-11-14T15:00:00+00:00,2024-11-14T20:45:00+00:00,83.9700,83.5700,1.2605,-1.0221,2.2826,0.0031,114.00,5.7500,30,eod
CRM,Short,2024-11-14T15:00:00+00:00,2024-11-14T20:45:00+00:00,331.6700,331.8800,-3.9835,-1.0221,-2.9614,0.0067,-29.00,5.7500,30,eod
DIS,Long,2024-11-14T18:20:00+00:00,2024-11-14T20:45:00+00:00,109.5100,109.7700,-3.5146,-0.4966,-3.0180,0.0071,87.00,2.4167,230,eod
ADBE,Short,2024-11-15T15:00:00+00:00,2024-11-15T18:35:00+00:00,507.2000,502.4000,-3.3608,-1.0322,-2.3286,0.0073,-18.00,3.5833,30,reversal
DE,Long,2024-11-15T15:00:00+00:00,2024-11-15T20:45:00+00:00,396.9300,398.9600,1.4355,-1.0322,2.4678,0.0051,24.00,5.7500,30,eod
NKE,Short,2024-11-15T15:10:00+00:00,2024-11-15T20:45:00+00:00,76.7800,76.8300,1.7923,-1.5513,3.3436,0.0047,-125.00,5.5833,40,eod
NFLX,Short,2024-11-18T15:00:00+00:00,2024-11-18T20:45:00+00:00,82.6300,84.6900,5.0466,0.9284,4.1182,0.0036,-116.00,5.7500,30,eod
JPM,Long,2024-11-18T15:15:00+00:00,2024-11-18T20:45:00+00:00,243.6800,245.0100,-2.0376,1.0681,-3.1057,0.0056,39.00,5.5000,45,eod
HD,Long,2024-11-18T15:00:00+00:00,2024-11-18T20:45:00+00:00,409.0300,410.2100,2.2899,0.9284,1.3615,0.0044,23.00,5.7500,30,eod
LLY,Short,2024-11-18T15:00:00+00:00,2024-11-18T20:45:00+00:00,717.4800,726.4500,-1.5389,0.9284,-2.4673,0.0087,-13.00,5.7500,30,eod
COP,Long,2024-11-19T15:00:00+00:00,2024-11-19T15:40:00+00:00,113.9900,113.4500,2.4032,0.3910,2.0122,0.0041,83.00,0.6667,30,reversal
TXN,Long,2024-11-19T18:30:00+00:00,2024-11-19T20:45:00+00:00,203.2200,201.7500,-1.2669,1.8195,-3.0863,0.0098,46.00,2.2500,240,eod
HD,Short,2024-11-19T15:00:00+00:00,2024-11-19T20:45:00+00:00,402.1700,407.0300,-2.0039,0.3910,-2.3950,0.0044,-23.00,5.7500,30,eod
XOM,Long,2024-11-20T15:00:00+00:00,2024-11-20T16:00:00+00:00,119.8700,118.7300,0.8773,-1.7932,2.6705,0.0054,78.00,1.0000,30,reversal
QCOM,Short,2024-11-20T15:00:00+00:00,2024-11-20T20:45:00+00:00,156.2200,154.4400,-3.4622,-1.7932,-1.6690,0.0085,-60.00,5.7500,30,eod
QCOM,Long,2024-11-20T20:30:00+00:00,2024-11-20T20:45:00+00:00,154.3800,154.4400,-3.1919,-0.0036,-3.1883,0.0128,61.00,0.2500,360,eod
UNH,Short,2024-11-20T15:00:00+00:00,2024-11-20T20:45:00+00:00,593.7200,602.0000,2.7823,-1.7932,4.5755,0.0067,-15.00,5.7500,30,eod
GOOGL,Short,2024-11-21T15:00:00+00:00,2024-11-21T20:45:00+00:00,166.6200,167.8500,-4.9124,-2.6331,-2.2793,0.0044,-56.00,5.7500,30,eod
GOOGL,Long,2024-11-21T15:40:00+00:00,2024-11-21T20:45:00+00:00,164.3800,167.8500,-5.6464,-2.3046,-3.3418,0.0062,57.00,5.0833,70,eod
CAT,Long,2024-11-21T15:00:00+00:00,2024-11-21T20:45:00+00:00,381.5500,390.3900,0.3109,-2.6331,2.9440,0.0050,24.00,5.7500,30,eod
DE,Short,2024-11-21T15:00:00+00:00,2024-11-21T20:45:00+00:00,430.0000,436.0300,3.7549,-2.6331,6.3879,0.0076,-21.00,5.7500,30,eod
NVDA,Short,2024-11-22T15:00:00+00:00,2024-11-22T20:45:00+00:00,143.9900,141.8900,-2.1664,-0.2818,-1.8845,0.0097,-66.00,5.7500,30,eod
JPM,Long,2024-11-22T15:00:00+00:00,2024-11-22T20:45:00+00:00,247.3600,248.5400,2.4358,-0.2818,2.7177,0.0046,38.00,5.7500,30,eod
PFE,Short,2024-11-22T15:10:00+00:00,2024-11-22T20:45:00+00:00,25.6300,25.5900,3.2882,-0.8088,4.0970,0.0038,-373.00,5.5833,40,eod
COP,Short,2024-11-25T15:00:00+00:00,2024-11-25T20:45:00+00:00,109.7000,106.1000,-3.2320,-1.0451,-2.1869,0.0047,-87.00,5.7500,30,eod
COP,Long,2024-11-25T15:20:00+00:00,2024-11-25T20:45:00+00:00,109.0300,106.1000,-4.1131,-0.9654,-3.1477,0.0052,88.00,5.4167,50,eod
DE,Long,2024-11-25T15:00:00+00:00,2024-11-25T20:45:00+00:00,460.6900,462.9900,1.8827,-1.0451,2.9278,0.0078,20.00,5.7500,30,eod
DE,Short,2024-11-25T15:05:00+00:00,2024-11-25T20:45:00+00:00,462.7400,462.9900,2.4551,-1.0585,3.5137,0.0078,-20.00,5.6667,35,eod
MU,Short,2024-11-26T15:00:00+00:00,2024-11-26T20:45:00+00:00,100.8500,101.0100,-2.5876,-0.2946,-2.2930,0.0086,-94.00,5.7500,30,eod
GE,Long,2024-11-26T15:00:00+00:00,2024-11-26T20:45:00+00:00,182.8700,184.8100,1.7624,-0.2946,2.0570,0.0054,52.00,5.7500,30,eod
GE,Short,2024-11-27T15:00:00+00:00,2024-11-27T15:40:00+00:00,181.7300,181.4100,-1.7158,-0.5527,-1.1631,0.0058,-52.00,0.6667,30,reversal
COP,Short,2024-11-27T15:45:00+00:00,2024-11-27T20:45:00+00:00,108.7200,107.9200,1.5109,-1.6659,3.1768,0.0050,-87.00,5.0000,75,eod
COIN,Long,2024-11-27T15:00:00+00:00,2024-11-27T20:45:00+00:00,311.3300,310.2700,1.3505,-0.5527,1.9032,0.0214,30.00,5.7500,30,eod
FCX,Long,2024-11-29T15:20:00+00:00,2024-11-29T16:55:00+00:00,44.4000,44.2900,2.6143,1.4132,1.2011,0.0062,215.00,1.5833,50,reversal
AVGO,Long,2024-12-02T15:00:00+00:00,2024-12-02T20:45:00+00:00,166.4900,167.2900,2.7111,0.9267,1.7844,0.0067,57.00,5.7500,30,eod
CVX,Short,2024-11-29T15:00:00+00:00,2024-12-02T20:45:00+00:00,161.5400,162.2300,-1.5987,1.3914,-2.9901,0.0031,-59.00,77.7500,30,eod
CVX,Long,2024-11-29T15:05:00+00:00,2024-12-02T20:45:00+00:00,161.4700,162.2300,-2.0023,1.5832,-3.5855,0.0027,59.00,77.6667,35,eod
SLB,Long,2024-12-03T15:00:00+00:00,2024-12-03T20:45:00+00:00,43.2000,43.8000,-2.6619,0.5073,-3.1692,0.0064,221.00,5.7500,30,eod
LLY,Long,2024-12-03T15:00:00+00:00,2024-12-03T20:45:00+00:00,815.0000,814.2400,2.0183,0.5073,1.5110,0.0069,11.00,5.7500,30,eod
DIS,Short,2024-12-03T15:00:00+00:00,2024-12-03T20:45:00+00:00,116.0600,116.6700,-2.3046,0.5073,-2.8119,0.0035,-82.00,5.7500,30,eod
CVX,Long,2024-12-04T15:05:00+00:00,2024-12-04T20:45:00+00:00,159.8500,158.4500,-3.0134,0.3707,-3.3841,0.0039,59.00,5.6667,35,eod
GE,Long,2024-12-04T15:00:00+00:00,2024-12-04T20:45:00+00:00,181.5000,182.6500,3.1543,0.1996,2.9547,0.0052,52.00,5.7500,30,eod
GE,Short,2024-12-04T15:05:00+00:00,2024-12-04T20:45:00+00:00,182.0600,182.6500,3.9157,0.3707,3.5451,0.0050,-52.00,5.6667,35,eod
UNH,Short,2024-12-04T15:00:00+00:00,2024-12-04T20:45:00+00:00,612.0000,611.3000,-2.5320,0.1996,-2.7316,0.0057,-15.00,5.7500,30,eod
META,Short,2024-12-05T15:00:00+00:00,2024-12-05T20:45:00+00:00,612.2600,608.6900,-1.5863,-0.3605,-1.2257,0.0051,-15.00,5.7500,30,eod
BAC,Short,2024-12-05T15:00:00+00:00,2024-12-05T20:45:00+00:00,47.0500,47.0800,2.9896,-0.3605,3.3501,0.0033,-202.00,5.7500,30,eod
LOW,Long,2024-12-05T15:00:00+00:00,2024-12-05T20:45:00+00:00,272.6900,270.4100,2.5768,-0.3605,2.9373,0.0040,34.00,5.7500,30,eod
UNH,Long,2024-12-05T15:40:00+00:00,2024-12-05T20:45:00+00:00,590.1300,575.1900,-3.1928,-0.1608,-3.0320,0.0066,16.00,5.0833,70,eod
NKE,Long,2024-12-06T15:00:00+00:00,2024-12-06T18:15:00+00:00,80.6700,80.0000,4.2215,1.3129,2.9086,0.0043,116.00,3.2500,30,reversal
NKE,Short,2024-12-06T15:05:00+00:00,2024-12-06T18:15:00+00:00,80.6700,80.0000,4.1820,1.1713,3.0108,0.0044,-116.00,3.1667,35,reversal
CVX,Long,2024-12-06T15:00:00+00:00,2024-12-06T20:45:00+00:00,155.9900,155.5700,-2.7578,1.3129,-4.0707,0.0043,60.00,5.7500,30,eod
JPM,Short,2024-12-06T15:00:00+00:00,2024-12-06T20:45:00+00:00,245.3100,247.5500,-1.6778,1.3129,-2.9907,0.0047,-38.00,5.7500,30,eod
T,Long,2024-12-09T15:00:00+00:00,2024-12-09T17:35:00+00:00,23.5700,23.8900,-3.3339,0.5962,-3.9300,0.0049,399.00,2.5833,30,reversal
QCOM,Long,2024-12-09T15:00:00+00:00,2024-12-09T20:45:00+00:00,161.4400,160.8900,3.2818,0.5962,2.6856,0.0072,58.00,5.7500,30,eod
TXN,Short,2024-12-09T15:15:00+00:00,2024-12-09T20:45:00+00:00,196.6200,193.3800,3.4837,0.1955,3.2882,0.0063,-47.00,5.5000,45,eod
PYPL,Short,2024-12-09T15:00:00+00:00,2024-12-09T20:45:00+00:00,91.4800,90.2000,-2.3704,0.5962,-2.9666,0.0040,-102.00,5.7500,30,eod
PFE,Long,2024-12-10T15:00:00+00:00,2024-12-10T15:55:00+00:00,25.6800,25.8600,-2.5019,0.9209,-3.4228,0.0028,370.00,0.9167,30,reversal
FCX,Short,2024-12-10T15:00:00+00:00,2024-12-10T18:10:00+00:00,42.8700,43.3000,-2.0238,0.9209,-2.9447,0.0073,-221.00,3.1667,30,reversal
SCHW,Long,2024-12-10T15:00:00+00:00,2024-12-10T20:45:00+00:00,81.9500,82.3400,2.0195,0.9209,1.0986,0.0030,116.00,5.7500,30,eod
SCHW,Short,2024-12-10T16:05:00+00:00,2024-12-10T20:45:00+00:00,82.9600,82.3400,3.1771,-0.5860,3.7631,0.0058,-114.00,4.6667,95,eod
GOOGL,Long,2024-12-11T15:00:00+00:00,2024-12-11T20:45:00+00:00,192.9100,194.7200,3.5742,1.3553,2.2189,0.0068,49.00,5.7500,30,eod
UNH,Long,2024-12-11T15:00:00+00:00,2024-12-11T20:45:00+00:00,535.6400,534.8300,-2.9803,1.3553,-4.3355,0.0086,17.00,5.7500,30,eod
PFE,Short,2024-12-11T15:00:00+00:00,2024-12-11T20:45:00+00:00,25.3900,25.2700,-1.5852,1.3553,-2.9405,0.0027,-376.00,5.7500,30,eod
UNH,Long,2024-12-12T15:05:00+00:00,2024-12-12T15:50:00+00:00,531.7300,529.4400,0.9373,-0.4065,1.3438,0.0084,17.00,0.7500,35,reversal
ADBE,Long,2024-12-12T15:00:00+00:00,2024-12-12T20:45:00+00:00,483.6400,475.1400,-3.2291,0.1069,-3.3360,0.0059,19.00,5.7500,30,eod
LOW,Short,2024-12-12T15:00:00+00:00,2024-12-12T20:45:00+00:00,264.4700,263.6600,-2.7330,0.1069,-2.8399,0.0050,-36.00,5.7500,30,eod
AVGO,Long,2024-12-13T15:00:00+00:00,2024-12-13T20:45:00+00:00,219.5600,225.0100,2.5883,1.0696,1.5187,0.0064,43.00,5.7500,30,eod
GS,Short,2024-12-13T15:00:00+00:00,2024-12-13T20:45:00+00:00,588.7800,586.7500,-1.8781,1.0696,-2.9477,0.0052,-16.00,5.7500,30,eod
SCHW,Long,2024-12-13T15:00:00+00:00,2024-12-13T20:45:00+00:00,79.6000,79.4900,-6.5049,1.0696,-7.5745,0.0051,119.00,5.7500,30,eod
PFE,Short,2024-12-13T15:55:00+00:00,2024-12-13T20:45:00+00:00,25.5600,25.6400,1.4413,-1.7786,3.2199,0.0052,-369.00,4.8333,85,eod
AVGO,Short,2024-12-16T15:05:00+00:00,2024-12-16T15:35:00+00:00,246.6000,239.6900,4.0486,1.0059,3.0426,0.0097,-38.00,0.5000,35,reversal
MU,Long,2024-12-16T15:00:00+00:00,2024-12-16T19:15:00+00:00,110.9700,109.5000,4.2105,1.3942,2.8163,0.0129,86.00,4.2500,30,reversal
SBUX,Short,2024-12-16T15:00:00+00:00,2024-12-16T20:45:00+00:00,95.0300,93.5600,-1.4852,1.3942,-2.8794,0.0049,-100.00,5.7500,30,eod
T,Long,2024-12-16T15:00:00+00:00,2024-12-16T20:45:00+00:00,23.0700,22.8000,-3.0732,1.3942,-4.4674,0.0054,414.00,5.7500,30,eod
TSLA,Short,2024-12-17T15:00:00+00:00,2024-12-17T16:15:00+00:00,479.0500,471.8400,2.7660,-0.3851,3.1511,0.0077,-20.00,1.2500,30,reversal
SLB,Short,2024-12-17T15:00:00+00:00,2024-12-17T20:45:00+00:00,38.8900,38.9500,-1.9131,-0.3851,-1.5279,0.0058,-246.00,5.7500,30,eod
UNH,Long,2024-12-17T15:50:00+00:00,2024-12-17T20:45:00+00:00,479.0300,480.5100,-3.1853,0.1051,-3.2904,0.0095,20.00,4.9167,80,eod
DIS,Long,2024-12-17T15:00:00+00:00,2024-12-17T20:45:00+00:00,112.4500,113.2900,2.4321,-0.3851,2.8172,0.0033,85.00,5.7500,30,eod
DIS,Long,2024-12-18T15:05:00+00:00,2024-12-18T15:15:00+00:00,115.8900,115.2800,2.2954,1.0376,1.2579,0.0037,83.00,0.1667,35,reversal
MPC,Short,2024-12-18T15:00:00+00:00,2024-12-18T19:10:00+00:00,136.7000,136.3300,-1.5944,1.3986,-2.9929,0.0058,-70.00,4.1667,30,reversal
PFE,Long,2024-12-18T15:00:00+00:00,2024-12-18T19:30:00+00:00,26.3800,26.2300,-1.9578,1.3986,-3.3563,0.0025,366.00,4.5000,30,reversal
UNH,Short,2024-12-18T19:40:00+00:00,2024-12-18T20:45:00+00:00,502.6700,500.9500,1.1410,-1.8593,3.0003,0.0171,-19.00,1.0833,310,eod
AMD,Short,2024-12-19T15:05:00+00:00,2024-12-19T16:20:00+00:00,120.3000,121.1500,-3.2254,-2.2018,-1.0236,0.0071,-79.00,1.2500,35,reversal
AAPL,Short,2024-12-19T15:00:00+00:00,2024-12-19T20:45:00+00:00,249.2800,250.0900,1.6362,-2.3621,3.9984,0.0036,-38.00,5.7500,30,eod
GE,Long,2024-12-19T15:00:00+00:00,2024-12-19T20:45:00+00:00,163.0900,165.1200,-0.2792,-2.3621,2.0829,0.0050,59.00,5.7500,30,eod
AAPL,Long,2024-12-20T20:30:00+00:00,2024-12-20T20:45:00+00:00,252.9700,253.7800,3.3790,2.3249,1.0541,0.0070,37.00,0.2500,360,eod
LIN,Short,2024-12-20T15:00:00+00:00,2024-12-20T20:45:00+00:00,418.9200,421.1800,-1.1709,1.7329,-2.9037,0.0030,-22.00,5.7500,30,eod
LLY,Long,2024-12-20T15:00:00+00:00,2024-12-20T20:45:00+00:00,792.2800,772.7500,-2.2406,1.7329,-3.9735,0.0068,12.00,5.7500,30,eod
NFLX,Short,2024-12-23T15:00:00+00:00,2024-12-23T15:10:00+00:00,90.1600,90.2400,-2.6652,-1.0478,-1.6175,0.0035,-105.00,0.1667,30,reversal
AVGO,Long,2024-12-23T15:00:00+00:00,2024-12-23T19:15:00+00:00,230.0500,232.2900,1.0393,-1.0478,2.0870,0.0117,41.00,4.2500,30,reversal
AMD,Short,2024-12-23T15:00:00+00:00,2024-12-23T20:45:00+00:00,124.9000,124.7300,2.6179,-1.0478,3.6656,0.0067,-76.00,5.7500,30,eod
NKE,Long,2024-12-23T19:15:00+00:00,2024-12-23T20:45:00+00:00,76.0300,76.4300,-2.0432,1.0055,-3.0487,0.0078,125.00,1.5000,285,eod
XOM,Long,2024-12-24T15:25:00+00:00,2024-12-24T16:25:00+00:00,106.8700,106.7800,2.4820,1.1971,1.2849,0.0034,89.00,1.0000,55,reversal
JPM,Short,2024-12-24T15:00:00+00:00,2024-12-26T14:35:00+00:00,240.0800,241.9400,-0.7088,1.7019,-2.4108,0.0034,-39.00,47.5833,30,reversal
NVDA,Short,2024-12-26T15:00:00+00:00,2024-12-26T20:45:00+00:00,139.0300,140.1100,-2.0086,-0.1296,-1.8791,0.0063,-68.00,5.7500,30,eod
SBUX,Long,2024-12-26T15:00:00+00:00,2024-12-26T20:45:00+00:00,90.9000,91.8800,2.2287,-0.1296,2.3583,0.0059,104.00,5.7500,30,eod
SBUX,Short,2024-12-26T15:05:00+00:00,2024-12-26T20:45:00+00:00,90.9800,91.8800,2.3868,-0.7409,3.1278,0.0058,-104.00,5.6667,35,eod
NFLX,Short,2024-12-27T15:00:00+00:00,2024-12-27T15:20:00+00:00,89.7800,89.8300,-3.5994,-2.4807,-1.1186,0.0040,-105.00,0.3333,30,reversal
CAT,Long,2024-12-27T15:00:00+00:00,2024-12-27T20:45:00+00:00,364.9300,364.2000,0.3961,-2.4807,2.8768,0.0044,25.00,5.7500,30,eod
SBUX,Short,2024-12-27T15:00:00+00:00,2024-12-27T20:45:00+00:00,92.9000,91.9700,2.3682,-2.4807,4.8489,0.0064,-101.00,5.7500,30,eod
NVDA,Long,2024-12-30T15:00:00+00:00,2024-12-30T20:45:00+00:00,137.2000,138.3500,2.1573,-0.6397,2.7970,0.0081,69.00,5.7500,30,eod
LIN,Short,2024-12-30T15:00:00+00:00,2024-12-30T20:45:00+00:00,417.0400,418.0800,-2.0233,-0.6397,-1.3836,0.0031,-22.00,5.7500,30,eod
TXN,Short,2024-12-31T15:00:00+00:00,2024-12-31T15:50:00+00:00,187.5600,188.0900,-2.1358,-0.6383,-1.4975,0.0031,-50.00,0.8333,30,reversal
COP,Long,2024-12-31T15:00:00+00:00,2024-12-31T20:45:00+00:00,98.3200,99.0100,2.0298,-0.6383,2.6681,0.0037,96.00,5.7500,30,eod
COP,Short,2024-12-31T15:05:00+00:00,2024-12-31T20:45:00+00:00,98.5000,99.0100,2.1762,-1.5074,3.6835,0.0043,-96.00,5.6667,35,eod
META,Long,2025-01-02T15:10:00+00:00,2025-01-02T20:45:00+00:00,603.4200,597.3100,3.2658,1.9863,1.2795,0.0070,15.00,5.5833,40,eod
COP,Short,2025-01-02T15:40:00+00:00,2025-01-02T20:45:00+00:00,101.1500,100.0700,3.0463,-0.2509,3.2972,0.0034,-93.00,5.0833,70,eod
LIN,Short,2025-01-02T15:00:00+00:00,2025-01-02T20:45:00+00:00,420.1200,415.9900,-0.6356,2.0993,-2.7349,0.0030,-22.00,5.7500,30,eod
NKE,Long,2025-01-02T15:00:00+00:00,2025-01-02T20:45:00+00:00,75.3300,73.7300,-2.6332,2.0993,-4.7325,0.0059,125.00,5.7500,30,eod
NVDA,Long,2025-01-03T15:00:00+00:00,2025-01-03T19:15:00+00:00,143.9400,144.3400,2.4865,1.2726,1.2139,0.0083,65.00,4.2500,30,reversal
CAT,Short,2025-01-03T15:00:00+00:00,2025-01-03T20:45:00+00:00,360.1700,363.4400,-1.6344,1.2726,-2.9070,0.0040,-26.00,5.7500,30,eod
GS,Long,2025-01-03T15:00:00+00:00,2025-01-03T20:45:00+00:00,573.1100,578.9300,-3.0891,1.2726,-4.3617,0.0043,16.00,5.7500,30,eod
NFLX,Short,2025-01-06T15:00:00+00:00,2025-01-06T20:45:00+00:00,88.1200,87.7700,-2.1974,0.5447,-2.7421,0.0041,-106.00,5.7500,30,eod
NFLX,Long,2025-01-06T15:10:00+00:00,2025-01-06T20:45:00+00:00,88.0000,87.7700,-2.0995,0.9205,-3.0200,0.0049,107.00,5.5833,40,eod
HD,Long,2025-01-06T15:00:00+00:00,2025-01-06T20:45:00+00:00,393.3700,388.2900,3.4785,0.5447,2.9338,0.0031,23.00,5.7500,30,eod
LOW,Short,2025-01-06T15:00:00+00:00,2025-01-06T20:45:00+00:00,252.3100,249.4600,4.6715,0.5447,4.1268,0.0037,-37.00,5.7500,30,eod
SCHW,Long,2025-01-07T15:00:00+00:00,2025-01-07T20:35:00+00:00,72.5800,72.1800,-5.0856,-1.8404,-3.2452,0.0044,129.00,5.5833,30,reversal
NVDA,Short,2025-01-07T15:00:00+00:00,2025-01-07T20:45:00+00:00,145.6300,140.8600,-3.1055,-1.8404,-1.2651,0.0104,-64.00,5.7500,30,eod
AAPL,Long,2025-01-07T15:00:00+00:00,2025-01-07T20:45:00+00:00,244.7700,241.8700,1.0020,-1.8404,2.8424,0.0034,38.00,5.7500,30,eod
LLY,Short,2025-01-07T15:00:00+00:00,2025-01-07T20:45:00+00:00,779.5900,772.1100,3.4159,-1.8404,5.2562,0.0063,-12.00,5.7500,30,eod
MU,Short,2025-01-08T15:00:00+00:00,2025-01-08T20:45:00+00:00,99.4700,99.5500,-1.9811,0.2512,-2.2323,0.0106,-95.00,5.7500,30,eod
PFE,Long,2025-01-08T15:00:00+00:00,2025-01-08T20:45:00+00:00,26.6300,26.9600,3.0604,0.2512,2.8091,0.0042,355.00,5.7500,30,eod
PFE,Short,2025-01-08T15:05:00+00:00,2025-01-08T20:45:00+00:00,26.7300,26.9600,3.8181,-0.2233,4.0414,0.0044,-354.00,5.6667,35,eod
NKE,Long,2025-01-10T15:00:00+00:00,2025-01-10T15:50:00+00:00,71.9500,71.5500,0.4643,-2.4406,2.9049,0.0042,131.00,0.8333,30,reversal
NFLX,Short,2025-01-10T15:00:00+00:00,2025-01-10T20:45:00+00:00,84.1500,83.4500,-4.4091,-2.4406,-1.9685,0.0060,-112.00,5.7500,30,eod
LOW,Short,2025-01-10T15:00:00+00:00,2025-01-10T20:45:00+00:00,246.7400,247.9100,1.2854,-2.4406,3.7260,0.0036,-38.00,5.7500,30,eod
T,Long,2025-01-10T15:25:00+00:00,2025-01-10T20:45:00+00:00,21.6100,21.6200,-4.3735,-1.2299,-3.1436,0.0042,434.00,5.3333,55,eod
AAPL,Short,2025-01-13T15:00:00+00:00,2025-01-13T15:35:00+00:00,230.1000,231.2600,-1.5967,0.4573,-2.0539,0.0032,-40.00,0.5833,30,reversal
HD,Long,2025-01-13T15:00:00+00:00,2025-01-13T15:45:00+00:00,394.1100,390.5600,3.2280,0.4573,2.7708,0.0039,23.00,0.7500,30,reversal
DE,Short,2025-01-13T15:00:00+00:00,2025-01-13T20:45:00+00:00,418.7500,430.6000,3.9290,0.4573,3.4718,0.0044,-22.00,5.7500,30,eod
AMD,Short,2025-01-14T15:00:00+00:00,2025-01-14T20:45:00+00:00,116.2200,115.3200,-2.4423,-0.6579,-1.7844,0.0078,-79.00,5.7500,30,eod
GE,Long,2025-01-14T15:00:00+00:00,2025-01-14T20:45:00+00:00,174.4500,176.0300,2.0460,-0.6579,2.7039,0.0049,53.00,5.7500,30,eod
GE,Short,2025-01-14T15:20:00+00:00,2025-01-14T20:45:00+00:00,174.7500,176.0300,2.7404,-0.3750,3.1154,0.0043,-53.00,5.4167,50,eod
LLY,Long,2025-01-14T15:00:00+00:00,2025-01-14T20:45:00+00:00,734.0000,741.4900,-5.1759,-0.6579,-4.5181,0.0088,12.00,5.7500,30,eod
MU,Long,2025-01-15T15:00:00+00:00,2025-01-15T20:45:00+00:00,102.7400,103.4800,2.1955,1.1677,1.0278,0.0104,90.00,5.7500,30,eod
DE,Long,2025-01-15T15:00:00+00:00,2025-01-15T20:45:00+00:00,431.0800,430.2000,-2.6448,1.1677,-3.8126,0.0042,21.00,5.7500,30,eod
FCX,Short,2025-01-15T15:00:00+00:00,2025-01-15T20:45:00+00:00,39.5600,40.0800,-1.4412,1.1677,-2.6089,0.0083,-234.00,5.7500,30,eod
TXN,Short,2025-01-16T15:00:00+00:00,2025-01-16T20:45:00+00:00,190.1400,188.4600,-2.9665,-0.5054,-2.4610,0.0044,-48.00,5.7500,30,eod
ADBE,Short,2025-01-16T15:25:00+00:00,2025-01-16T20:45:00+00:00,426.1800,425.8700,2.4424,-0.5710,3.0134,0.0053,-21.00,5.3333,55,eod
SCHW,Long,2025-01-16T15:00:00+00:00,2025-01-16T20:45:00+00:00,74.6600,75.3100,1.5277,-0.5054,2.0332,0.0049,124.00,5.7500,30,eod
UNH,Long,2025-01-16T15:00:00+00:00,2025-01-16T20:45:00+00:00,526.4000,510.9900,-5.4770,-0.5054,-4.9716,0.0040,17.00,5.7500,30,eod
CRM,Short,2025-01-17T15:00:00+00:00,2025-01-17T16:35:00+00:00,323.4800,327.7800,-1.3319,-0.1123,-1.2195,0.0059,-28.00,1.5833,30,reversal
SLB,Short,2025-01-17T15:00:00+00:00,2025-01-17T20:45:00+00:00,43.9800,44.0100,3.9444,-0.1123,4.0567,0.0072,-209.00,5.7500,30,eod
SCHW,Long,2025-01-17T15:00:00+00:00,2025-01-17T20:45:00+00:00,76.1700,76.3300,2.3888,-0.1123,2.5012,0.0055,120.00,5.7500,30,eod
LLY,Long,2025-01-17T20:35:00+00:00,2025-01-17T20:45:00+00:00,729.1500,730.0000,-2.6205,0.4250,-3.0455,0.0116,12.00,0.1667,365,eod
SCHW,Short,2025-01-21T15:00:00+00:00,2025-01-21T15:30:00+00:00,82.2500,80.2200,2.7824,-1.1050,3.8874,0.0064,-111.00,0.5000,30,reversal
COIN,Short,2025-01-21T15:00:00+00:00,2025-01-21T16:45:00+00:00,279.2300,292.3800,-2.6474,-1.1050,-1.5424,0.0211,-32.00,1.7500,30,reversal
SCHW,Long,2025-01-21T17:10:00+00:00,2025-01-21T20:25:00+00:00,78.2800,80.9800,-3.3151,-0.1468,-3.1683,0.0094,116.00,3.2500,160,reversal
LIN,Long,2025-01-21T15:00:00+00:00,2025-01-21T20:45:00+00:00,442.4300,442.5000,1.8682,-1.1050,2.9732,0.0029,20.00,5.7500,30,eod
SLB,Long,2025-01-22T20:40:00+00:00,2025-01-22T20:45:00+00:00,41.5200,41.5500,-2.6831,0.3600,-3.0431,0.0111,221.00,0.0833,370,eod
LOW,Short,2025-01-22T15:00:00+00:00,2025-01-22T20:45:00+00:00,259.0200,258.6300,-2.1031,0.6005,-2.7035,0.0052,-35.00,5.7500,30,eod
NKE,Long,2025-01-22T15:00:00+00:00,2025-01-22T20:45:00+00:00,73.8300,73.9000,1.9566,0.6005,1.3561,0.0054,124.00,5.7500,30,eod
FCX,Short,2025-01-23T15:00:00+00:00,2025-01-23T18:00:00+00:00,36.7400,38.1200,-2.5437,-0.2272,-2.3165,0.0114,-250.00,3.0000,30,reversal
GOOGL,Long,2025-01-23T19:10:00+00:00,2025-01-23T20:45:00+00:00,195.2400,197.3900,-2.8114,0.2535,-3.0649,0.0067,46.00,1.5833,280,eod
DE,Long,2025-01-23T15:00:00+00:00,2025-01-23T20:45:00+00:00,469.4200,475.2500,2.6284,-0.2272,2.8556,0.0047,19.00,5.7500,30,eod
DE,Short,2025-01-23T15:05:00+00:00,2025-01-23T20:45:00+00:00,471.5700,475.2500,2.8586,-0.1633,3.0219,0.0059,-19.00,5.6667,35,eod
CVX,Short,2025-01-24T15:00:00+00:00,2025-01-24T19:00:00+00:00,155.7100,156.1100,-2.2176,0.1079,-2.3255,0.0045,-58.00,4.0000,30,reversal
XOM,Long,2025-01-24T15:00:00+00:00,2025-01-24T20:45:00+00:00,109.0300,108.4800,-3.1131,0.1079,-3.2210,0.0044,83.00,5.7500,30,eod
DIS,Long,2025-01-24T15:00:00+00:00,2025-01-24T20:45:00+00:00,111.6600,112.1400,1.3560,0.1079,1.2481,0.0065,81.00,5.7500,30,eod
DIS,Short,2025-01-24T18:05:00+00:00,2025-01-24T20:45:00+00:00,113.0400,112.1400,2.2263,-0.9148,3.1411,0.0095,-80.00,2.6667,215,eod
MPC,Long,2025-01-27T15:00:00+00:00,2025-01-27T15:25:00+00:00,154.4300,152.8200,2.3571,0.6031,1.7540,0.0074,59.00,0.4167,30,reversal
LIN,Long,2025-01-27T15:00:00+00:00,2025-01-27T17:55:00+00:00,436.1500,439.6100,-2.9742,0.6031,-3.5774,0.0034,20.00,2.9167,30,reversal
MU,Short,2025-01-27T15:00:00+00:00,2025-01-27T20:45:00+00:00,93.4000,90.6900,-2.2445,0.6031,-2.8476,0.0104,-97.00,5.7500,30,eod
META,Short,2025-01-27T15:55:00+00:00,2025-01-27T20:45:00+00:00,657.9000,655.7500,4.3066,1.1092,3.1974,0.0092,-13.00,4.8333,85,eod
CRM,Long,2025-01-28T15:05:00+00:00,2025-01-28T15:30:00+00:00,361.9100,360.5900,2.3236,0.9397,1.3839,0.0074,25.00,0.4167,35,reversal
FCX,Short,2025-01-28T15:00:00+00:00,2025-01-28T20:45:00+00:00,36.2700,35.8300,-1.4203,1.5316,-2.9519,0.0116,-253.00,5.7500,30,eod
PFE,Long,2025-01-28T15:00:00+00:00,2025-01-28T20:45:00+00:00,26.5400,26.8300,-2.7911,1.5316,-4.3227,0.0036,346.00,5.7500,30,eod
AVGO,Short,2025-01-29T15:00:00+00:00,2025-01-29T15:35:00+00:00,211.1300,205.9300,2.9525,-0.1127,3.0652,0.0079,-43.00,0.5833,30,reversal
CAT,Long,2025-01-29T15:00:00+00:00,2025-01-29T20:30:00+00:00,398.9200,394.6500,2.7370,-0.1127,2.8497,0.0045,23.00,5.5000,30,reversal
T,Short,2025-01-29T15:00:00+00:00,2025-01-29T20:45:00+00:00,24.6600,24.3000,-2.2463,-0.1127,-2.1336,0.0048,-374.00,5.7500,30,eod
TSLA,Short,2025-01-30T15:00:00+00:00,2025-01-30T16:00:00+00:00,386.0700,392.4600,-3.2048,-0.3518,-2.8530,0.0137,-24.00,1.0000,30,reversal
META,Short,2025-01-30T15:00:00+00:00,2025-01-30T16:05:00+00:00,704.9700,678.8000,3.5738,-0.3518,3.9255,0.0062,-13.00,1.0833,30,reversal
GOOGL,Long,2025-01-30T15:00:00+00:00,2025-01-30T20:45:00+00:00,200.5600,200.9800,1.7210,-0.3518,2.0728,0.0063,46.00,5.7500,30,eod
PFE,Short,2025-01-31T15:00:00+00:00,2025-01-31T19:45:00+00:00,26.7300,26.5000,-1.4882,1.4576,-2.9458,0.0028,-349.00,4.7500,30,reversal
CVX,Long,2025-01-31T15:00:00+00:00,2025-01-31T20:15:00+00:00,149.2800,149.6600,-3.1781,1.4576,-4.6356,0.0049,62.00,5.2500,30,reversal
TXN,Long,2025-01-31T15:00:00+00:00,2025-01-31T20:45:00+00:00,187.3300,183.9800,2.7109,1.4576,1.2534,0.0042,49.00,5.7500,30,eod
NKE,Short,2025-02-03T15:00:00+00:00,2025-02-03T15:20:00+00:00,73.7100,74.1700,-3.5241,-1.1380,-2.3861,0.0048,-126.00,0.3333,30,reversal
NKE,Long,2025-02-03T15:05:00+00:00,2025-02-03T15:20:00+00:00,73.4400,74.1700,-3.8906,-0.5459,-3.3448,0.0053,127.00,0.2500,35,reversal
XOM,Long,2025-02-03T15:00:00+00:00,2025-02-03T15:35:00+00:00,106.6700,106.3200,1.8502,-1.1380,2.9883,0.0042,87.00,0.5833,30,reversal
CVX,Short,2025-02-03T15:00:00+00:00,2025-02-03T15:35:00+00:00,149.6200,149.4100,1.9905,-1.1380,3.1285,0.0050,-62.00,0.5833,30,reversal
HD,Short,2025-02-04T15:00:00+00:00,2025-02-04T20:30:00+00:00,407.1100,411.8800,-0.2405,2.7434,-2.9839,0.0041,-22.00,5.5000,30,reversal
XOM,Long,2025-02-04T15:10:00+00:00,2025-02-04T20:45:00+00:00,109.4400,109.9100,4.1342,2.7737,1.3605,0.0059,85.00,5.5833,40,eod
PFE,Long,2025-02-04T15:00:00+00:00,2025-02-04T20:45:00+00:00,26.1500,25.9200,-5.2722,2.7434,-8.0156,0.0043,357.00,5.7500,30,eod
SBUX,Long,2025-02-05T15:00:00+00:00,2025-02-05T17:05:00+00:00,110.7000,111.9700,1.3919,-0.5637,1.9556,0.0041,83.00,2.0833,30,reversal
NKE,Short,2025-02-05T15:00:00+00:00,2025-02-05T20:45:00+00:00,74.9500,74.5500,-3.3369,-0.5637,-2.7732,0.0052,-123.00,5.7500,30,eod
PFE,Short,2025-02-05T15:00:00+00:00,2025-02-05T20:45:00+00:00,26.3100,26.5700,3.8434,-0.5637,4.4071,0.0055,-352.00,5.7500,30,eod
DIS,Long,2025-02-05T15:00:00+00:00,2025-02-05T20:45:00+00:00,112.3100,110.4200,-4.9230,-0.5637,-4.3592,0.0059,82.00,5.7500,30,eod
AAPL,Long,2025-02-06T15:00:00+00:00,2025-02-06T15:10:00+00:00,232.7000,232.9300,1.3829,0.3120,1.0710,0.0049,39.00,0.1667,30,reversal
LIN,Short,2025-02-06T15:00:00+00:00,2025-02-06T16:15:00+00:00,459.2800,453.8200,3.6922,0.3120,3.3803,0.0037,-20.00,1.2500,30,reversal
DIS,Short,2025-02-06T15:00:00+00:00,2025-02-06T19:35:00+00:00,109.5500,111.3800,-2.5700,0.3120,-2.8819,0.0070,-84.00,4.5833,30,reversal
AMD,Long,2025-02-06T15:00:00+00:00,2025-02-06T20:45:00+00:00,110.0300,109.7700,-2.7928,0.3120,-3.1047,0.0067,84.00,5.7500,30,eod
QCOM,Long,2025-02-07T15:00:00+00:00,2025-02-07T20:45:00+00:00,168.8300,167.7500,-0.2630,-3.2262,2.9631,0.0067,54.00,5.7500,30,eod
GOOGL,Short,2025-02-07T15:30:00+00:00,2025-02-07T20:45:00+00:00,186.0000,185.1500,-3.2850,-2.1297,-1.1553,0.0073,-49.00,5.2500,60,eod
T,Short,2025-02-07T15:00:00+00:00,2025-02-07T20:45:00+00:00,24.4600,24.5700,1.5967,-3.2262,4.8228,0.0041,-376.00,5.7500,30,eod
AVGO,Long,2025-02-10T16:00:00+00:00,2025-02-10T20:45:00+00:00,234.3800,234.3600,2.2195,1.1370,1.0826,0.0121,38.00,4.7500,90,eod
JPM,Long,2025-02-10T15:00:00+00:00,2025-02-10T20:45:00+00:00,273.0000,271.3700,-2.4404,1.0022,-3.4426,0.0034,33.00,5.7500,30,eod
COIN,Short,2025-02-10T15:00:00+00:00,2025-02-10T20:45:00+00:00,276.1400,279.9500,-1.9838,1.0022,-2.9860,0.0156,-33.00,5.7500,30,eod
JPM,Short,2025-02-11T19:30:00+00:00,2025-02-11T20:45:00+00:00,275.0900,274.8700,3.2629,0.1902,3.0728,0.0056,-33.00,1.2500,300,eod
SCHW,Long,2025-02-11T15:00:00+00:00,2025-02-11T20:45:00+00:00,82.9400,83.5800,1.7918,0.1427,1.6491,0.0036,109.00,5.7500,30,eod
UNH,Short,2025-02-11T15:00:00+00:00,2025-02-11T20:45:00+00:00,532.2600,533.1100,-1.7982,0.1427,-1.9409,0.0078,-17.00,5.7500,30,eod
UNH,Long,2025-02-11T15:25:00+00:00,2025-02-11T20:45:00+00:00,529.8500,533.1100,-2.6144,0.6655,-3.2799,0.0071,17.00,5.3333,55,eod
NFLX,Long,2025-02-12T15:00:00+00:00,2025-02-12T15:25:00+00:00,100.6000,100.7400,1.9669,0.4207,1.5462,0.0036,90.00,0.4167,30,reversal
SCHW,Short,2025-02-12T15:00:00+00:00,2025-02-12T20:45:00+00:00,82.0700,81.8700,-1.8448,0.4207,-2.2655,0.0041,-111.00,5.7500,30,eod
SCHW,Long,2025-02-12T15:20:00+00:00,2025-02-12T20:45:00+00:00,82.1200,81.8700,-1.8641,1.6607,-3.5249,0.0037,111.00,5.4167,50,eod
NKE,Short,2025-02-13T15:00:00+00:00,2025-02-13T18:20:00+00:00,71.8200,72.8500,-2.2584,-0.1166,-2.1418,0.0060,-127.00,3.3333,30,reversal
MPC,Long,2025-02-13T15:00:00+00:00,2025-02-13T20:45:00+00:00,150.2800,154.7400,2.3423,-0.1166,2.4589,0.0093,60.00,5.7500,30,eod
DE,Short,2025-02-13T15:20:00+00:00,2025-02-13T20:45:00+00:00,466.0300,466.0700,3.8161,0.6038,3.2123,0.0041,-19.00,5.4167,50,eod
SCHW,Long,2025-02-13T15:15:00+00:00,2025-02-13T20:45:00+00:00,81.3300,81.2500,-3.0190,0.4683,-3.4872,0.0035,112.00,5.5000,45,eod
LLY,Long,2025-02-14T15:00:00+00:00,2025-02-14T16:15:00+00:00,870.3900,864.1500,1.6131,0.2825,1.3305,0.0043,10.00,1.2500,30,reversal
GS,Short,2025-02-14T15:00:00+00:00,2025-02-14T20:45:00+00:00,661.2200,660.5500,3.4468,0.2825,3.1643,0.0039,-13.00,5.7500,30,eod
LLY,Long,2025-02-14T18:55:00+00:00,2025-02-14T20:45:00+00:00,848.8700,843.1000,-2.5210,0.5352,-3.0562,0.0071,10.00,1.8333,265,eod
COIN,Short,2025-02-14T15:00:00+00:00,2025-02-14T20:45:00+00:00,279.8700,277.8100,-1.3598,0.2825,-1.6423,0.0150,-32.00,5.7500,30,eod
LLY,Long,2025-02-18T15:00:00+00:00,2025-02-18T16:35:00+00:00,859.7300,851.8400,1.3223,-1.3504,2.6726,0.0045,10.00,1.5833,30,reversal
META,Short,2025-02-18T15:00:00+00:00,2025-02-18T20:45:00+00:00,721.1800,710.2200,-2.6781,-1.3504,-1.3278,0.0061,-12.00,5.7500,30,eod
META,Long,2025-02-18T19:20:00+00:00,2025-02-18T20:45:00+00:00,708.5000,710.2200,-3.6624,-0.6492,-3.0132,0.0092,12.00,1.4167,290,eod
LIN,Short,2025-02-18T15:00:00+00:00,2025-02-18T20:45:00+00:00,455.6800,463.2100,1.8580,-1.3504,3.2084,0.0037,-20.00,5.7500,30,eod
TSLA,Long,2025-02-19T15:00:00+00:00,2025-02-19T16:30:00+00:00,364.6000,359.2000,1.2310,-0.9886,2.2195,0.0143,24.00,1.5000,30,reversal
DE,Short,2025-02-19T15:05:00+00:00,2025-02-19T20:45:00+00:00,502.7500,508.7800,1.9373,-1.1357,3.0731,0.0037,-18.00,5.6667,35,eod
PYPL,Short,2025-02-19T15:05:00+00:00,2025-02-19T20:45:00+00:00,77.7700,78.3900,-2.4036,-1.1357,-1.2678,0.0038,-117.00,5.6667,35,eod
TXN,Short,2025-02-20T15:00:00+00:00,2025-02-20T20:45:00+00:00,201.0500,203.4800,3.0309,-2.2874,5.3182,0.0039,-44.00,5.7500,30,eod
LIN,Long,2025-02-20T15:00:00+00:00,2025-02-20T20:45:00+00:00,460.8300,460.9600,0.6635,-2.2874,2.9509,0.0041,19.00,5.7500,30,eod
JPM,Short,2025-02-20T15:00:00+00:00,2025-02-20T20:45:00+00:00,274.2800,267.9300,-4.2776,-2.2874,-1.9902,0.0032,-32.00,5.7500,30,eod
GS,Long,2025-02-20T15:00:00+00:00,2025-02-20T20:45:00+00:00,653.8700,643.6400,-5.5975,-2.2874,-3.3101,0.0042,13.00,5.7500,30,eod
HD,Short,2025-02-21T15:00:00+00:00,2025-02-21T18:30:00+00:00,392.9600,387.2100,-2.6172,-0.9551,-1.6620,0.0033,-22.00,3.5000,30,reversal
SBUX,Long,2025-02-21T15:00:00+00:00,2025-02-21T20:45:00+00:00,114.1000,111.9900,1.4409,-0.9551,2.3960,0.0038,78.00,5.7500,30,eod
SBUX,Short,2025-02-21T15:20:00+00:00,2025-02-21T20:45:00+00:00,114.1500,111.9900,1.6367,-1.4354,3.0722,0.0036,-78.00,5.4167,50,eod
FCX,Long,2025-02-24T15:00:00+00:00,2025-02-24T20:45:00+00:00,37.0400,37.2000,-0.5888,-3.3140,2.7252,0.0064,244.00,5.7500,30,eod
JPM,Short,2025-02-24T15:00:00+00:00,2025-02-24T20:45:00+00:00,260.6900,261.3900,-4.8894,-3.3140,-1.5753,0.0044,-34.00,5.7500,30,eod
T,Short,2025-02-24T15:00:00+00:00,2025-02-24T20:45:00+00:00,26.9900,26.8000,2.5199,-3.3140,5.8339,0.0037,-335.00,5.7500,30,eod
QCOM,Long,2025-02-25T15:00:00+00:00,2025-02-25T20:45:00+00:00,162.0100,161.3200,0.5543,-2.0170,2.5712,0.0058,55.00,5.7500,30,eod
TXN,Short,2025-02-25T15:00:00+00:00,2025-02-25T20:45:00+00:00,201.0300,200.3100,3.3658,-2.0170,5.3828,0.0039,-45.00,5.7500,30,eod
PYPL,Short,2025-02-25T15:00:00+00:00,2025-02-25T20:45:00+00:00,73.5500,74.1600,-4.6492,-2.0170,-2.6323,0.0094,-123.00,5.7500,30,eod
PYPL,Long,2025-02-25T15:05:00+00:00,2025-02-25T20:45:00+00:00,73.2200,74.1600,-5.5464,-1.6865,-3.8599,0.0087,123.00,5.6667,35,eod
NKE,Short,2025-02-26T15:00:00+00:00,2025-02-26T15:30:00+00:00,81.3000,82.3800,-1.3431,1.2554,-2.5984,0.0054,-111.00,0.5000,30,reversal
TXN,Long,2025-02-26T15:00:00+00:00,2025-02-26T20:45:00+00:00,196.6800,198.0800,-2.7374,1.2554,-3.9928,0.0046,46.00,5.7500,30,eod
MSFT,Long,2025-02-26T15:00:00+00:00,2025-02-26T20:45:00+00:00,400.6800,399.6300,3.1248,1.2554,1.8694,0.0038,22.00,5.7500,30,eod
MU,Short,2025-02-27T15:00:00+00:00,2025-02-27T17:00:00+00:00,94.1700,95.4500,-4.7364,-3.6932,-1.0432,0.0109,-96.00,2.0000,30,reversal
SCHW,Long,2025-02-27T15:00:00+00:00,2025-02-27T20:45:00+00:00,78.7800,78.4300,-0.7414,-3.6932,2.9518,0.0055,115.00,5.7500,30,eod
HD,Short,2025-02-27T15:00:00+00:00,2025-02-27T20:45:00+00:00,392.1800,390.7700,3.0991,-3.6932,6.7923,0.0029,-23.00,5.7500,30,eod
SLB,Long,2025-02-28T15:00:00+00:00,2025-02-28T15:15:00+00:00,41.0000,40.8800,2.5886,1.3613,1.2272,0.0053,219.00,0.2500,30,reversal
LLY,Short,2025-02-28T15:00:00+00:00,2025-02-28T19:15:00+00:00,901.2700,907.0000,-0.7267,1.3613,-2.0880,0.0042,-10.00,4.2500,30,reversal
LLY,Long,2025-02-28T15:05:00+00:00,2025-02-28T19:15:00+00:00,898.3000,907.0000,-1.4318,1.6005,-3.0323,0.0044,10.00,4.1667,35,reversal
FCX,Short,2025-03-03T15:00:00+00:00,2025-03-03T15:15:00+00:00,37.2600,37.5000,-3.1558,-1.9904,-1.1655,0.0072,-242.00,0.2500,30,reversal
LIN,Long,2025-03-03T15:00:00+00:00,2025-03-03T16:25:00+00:00,470.3700,467.2400,0.8879,-1.9904,2.8782,0.0035,19.00,1.4167,30,reversal
T,Short,2025-03-03T15:00:00+00:00,2025-03-03T20:45:00+00:00,27.7700,27.6500,3.5244,-1.9904,5.5147,0.0034,-325.00,5.7500,30,eod
COP,Short,2025-03-04T15:00:00+00:00,2025-03-04T16:10:00+00:00,88.7100,89.9200,-3.4086,-0.7992,-2.6094,0.0065,-101.00,1.1667,30,reversal
UNH,Long,2025-03-04T15:00:00+00:00,2025-03-04T19:25:00+00:00,472.1300,477.0900,1.9610,-0.7992,2.7602,0.0050,19.00,4.4167,30,reversal
UNH,Short,2025-03-04T15:05:00+00:00,2025-03-04T19:25:00+00:00,474.1900,477.0900,2.4055,-1.0099,3.4155,0.0059,-18.00,4.3333,35,reversal
T,Long,2025-03-04T16:40:00+00:00,2025-03-04T20:45:00+00:00,26.7100,26.2500,-4.0086,-0.4417,-3.5669,0.0087,335.00,4.0833,130,eod
AAPL,Short,2025-03-05T15:00:00+00:00,2025-03-05T20:45:00+00:00,232.4100,235.4800,-2.3977,0.2799,-2.6776,0.0048,-38.00,5.7500,30,eod
MPC,Long,2025-03-05T17:55:00+00:00,2025-03-05T20:45:00+00:00,134.6300,135.6800,-1.8464,1.2858,-3.1323,0.0172,65.00,2.8333,205,eod
GE,Long,2025-03-05T15:00:00+00:00,2025-03-05T20:45:00+00:00,202.7700,202.5100,2.1293,0.2799,1.8495,0.0082,43.00,5.7500,30,eod
LIN,Short,2025-03-06T15:00:00+00:00,2025-03-06T16:00:00+00:00,463.8400,468.1900,-1.3226,0.6930,-2.0156,0.0040,-19.00,1.0000,30,reversal
DE,Long,2025-03-06T15:00:00+00:00,2025-03-06T20:45:00+00:00,472.6400,483.7900,2.2853,0.6930,1.5923,0.0060,18.00,5.7500,30,eod
DE,Short,2025-03-06T17:25:00+00:00,2025-03-06T20:45:00+00:00,477.4000,483.7900,2.0168,-1.0529,3.0697,0.0119,-18.00,3.3333,175,eod
SBUX,Long,2025-03-06T15:00:00+00:00,2025-03-06T20:45:00+00:00,107.4100,106.3100,-3.2813,0.6930,-3.9743,0.0035,82.00,5.7500,30,eod
HD,Long,2025-03-07T15:00:00+00:00,2025-03-07T17:20:00+00:00,375.1100,370.2200,-2.4989,0.5243,-3.0233,0.0033,23.00,2.3333,30,reversal
CRM,Short,2025-03-07T15:00:00+00:00,2025-03-07T20:45:00+00:00,286.4200,282.5900,-0.6145,0.5243,-1.1389,0.0086,-30.00,5.7500,30,eod
DE,Long,2025-03-07T15:00:00+00:00,2025-03-07T20:45:00+00:00,490.3300,497.5800,2.6036,0.5243,2.0793,0.0071,17.00,5.7500,30,eod
PFE,Short,2025-03-07T15:30:00+00:00,2025-03-07T20:45:00+00:00,26.8200,26.6600,2.4515,-1.0982,3.5497,0.0059,-327.00,5.2500,60,eod
LLY,Short,2025-03-10T14:00:00+00:00,2025-03-10T16:25:00+00:00,845.1300,842.1500,-3.6260,-0.9244,-2.7016,0.0040,-10.00,2.4167,30,reversal
NKE,Short,2025-03-10T14:00:00+00:00,2025-03-10T19:25:00+00:00,79.5800,76.5700,3.7830,-0.9244,4.7074,0.0050,-110.00,5.4167,30,reversal
SBUX,Long,2025-03-10T14:10:00+00:00,2025-03-10T19:45:00+00:00,102.6700,101.3100,-4.1808,-0.8056,-3.3752,0.0038,85.00,5.5833,40,eod
T,Long,2025-03-10T14:00:00+00:00,2025-03-10T19:45:00+00:00,27.0400,27.3900,1.7653,-0.9244,2.6897,0.0042,326.00,5.7500,30,eod
T,Short,2025-03-11T14:25:00+00:00,2025-03-11T15:10:00+00:00,26.7700,26.3000,2.4241,-0.7176,3.1417,0.0064,-332.00,0.7500,55,reversal
NFLX,Long,2025-03-11T14:00:00+00:00,2025-03-11T19:45:00+00:00,88.6300,90.3500,2.0558,-0.3036,2.3594,0.0085,100.00,5.7500,30,eod
CVX,Short,2025-03-11T14:00:00+00:00,2025-03-11T19:45:00+00:00,155.2100,154.0100,-3.2052,-0.3036,-2.9015,0.0055,-57.00,5.7500,30,eod
LIN,Long,2025-03-11T14:05:00+00:00,2025-03-11T19:45:00+00:00,455.2600,456.6100,-3.0017,0.7824,-3.7842,0.0035,19.00,5.6667,35,eod
T,Long,2025-03-12T14:00:00+00:00,2025-03-12T14:35:00+00:00,24.9300,25.4200,-4.4555,-0.6518,-3.8036,0.0060,362.00,0.5833,30,reversal
DIS,Short,2025-03-12T14:00:00+00:00,2025-03-12T17:55:00+00:00,97.0900,98.1800,-2.9949,-0.6518,-2.3431,0.0064,-93.00,3.9167,30,reversal
SCHW,Long,2025-03-12T14:00:00+00:00,2025-03-12T19:45:00+00:00,74.6800,74.3600,1.8899,-0.6518,2.5417,0.0066,121.00,5.7500,30,eod
UNH,Short,2025-03-12T14:40:00+00:00,2025-03-12T19:45:00+00:00,484.5500,483.5300,1.8193,-1.3661,3.1854,0.0042,-18.00,5.0833,70,eod
LLY,Short,2025-03-13T14:00:00+00:00,2025-03-13T17:20:00+00:00,805.2600,802.5500,-3.2838,-1.3355,-1.9483,0.0050,-11.00,3.3333,30,reversal
ADBE,Long,2025-03-13T14:50:00+00:00,2025-03-13T19:45:00+00:00,387.2400,375.2800,-4.0908,-0.6696,-3.4212,0.0042,23.00,4.9167,80,eod
LIN,Long,2025-03-13T14:00:00+00:00,2025-03-13T19:45:00+00:00,453.6400,452.9700,1.5329,-1.3355,2.8685,0.0042,19.00,5.7500,30,eod
T,Short,2025-03-13T14:00:00+00:00,2025-03-13T19:45:00+00:00,26.3500,26.1300,1.7249,-1.3355,3.0605,0.0067,-343.00,5.7500,30,eod
AAPL,Short,2025-03-14T14:00:00+00:00,2025-03-14T19:45:00+00:00,211.5700,213.0800,-1.2284,-0.0727,-1.1556,0.0070,-42.00,5.7500,30,eod
XOM,Long,2025-03-14T14:00:00+00:00,2025-03-14T19:45:00+00:00,109.9400,111.7500,2.2094,-0.0727,2.2822,0.0061,81.00,5.7500,30,eod
NKE,Long,2025-03-14T15:55:00+00:00,2025-03-14T19:45:00+00:00,72.0400,71.6200,-2.1204,0.9495,-3.0700,0.0073,124.00,3.8333,145,eod
UNH,Short,2025-03-14T14:50:00+00:00,2025-03-14T19:45:00+00:00,486.1300,487.5900,3.3071,0.1599,3.1472,0.0041,-18.00,4.9167,80,eod
SBUX,Short,2025-03-17T14:00:00+00:00,2025-03-17T16:00:00+00:00,97.4600,97.8100,-1.6761,-0.1434,-1.5327,0.0047,-91.00,2.0000,30,reversal
ADBE,Long,2025-03-17T14:00:00+00:00,2025-03-17T19:45:00+00:00,388.1700,397.8700,-3.8766,-0.1434,-3.7331,0.0047,23.00,5.7500,30,eod
UNH,Short,2025-03-17T14:50:00+00:00,2025-03-17T19:45:00+00:00,494.6400,499.9800,2.8966,-0.3964,3.2931,0.0050,-18.00,4.9167,80,eod
LLY,Long,2025-03-17T14:00:00+00:00,2025-03-17T19:45:00+00:00,826.1800,825.0400,2.1412,-0.1434,2.2847,0.0054,10.00,5.7500,30,eod
ADBE,Short,2025-03-18T14:00:00+00:00,2025-03-18T16:55:00+00:00,385.6400,390.2700,-3.5430,-1.4337,-2.1093,0.0056,-23.00,2.9167,30,reversal
DE,Long,2025-03-18T14:00:00+00:00,2025-03-18T19:45:00+00:00,484.2700,482.9700,1.2031,-1.4337,2.6368,0.0080,18.00,5.7500,30,eod
UNH,Short,2025-03-18T14:00:00+00:00,2025-03-18T19:45:00+00:00,502.0500,503.3800,1.7574,-1.4337,3.1911,0.0046,-17.00,5.7500,30,eod
AAPL,Long,2025-03-19T14:00:00+00:00,2025-03-19T14:50:00+00:00,218.3100,215.8100,2.0224,0.8705,1.1518,0.0076,40.00,0.8333,30,reversal
UNH,Short,2025-03-19T14:00:00+00:00,2025-03-19T19:45:00+00:00,502.1300,504.6700,-1.1248,0.8705,-1.9953,0.0048,-17.00,5.7500,30,eod
LOW,Long,2025-03-20T14:00:00+00:00,2025-03-20T19:45:00+00:00,228.5900,226.5900,2.6773,1.4995,1.1778,0.0059,38.00,5.7500,30,eod
PFE,Short,2025-03-20T14:00:00+00:00,2025-03-20T19:45:00+00:00,26.1400,26.1700,-0.6747,1.4995,-2.1742,0.0034,-339.00,5.7500,30,eod
LIN,Short,2025-03-21T14:00:00+00:00,2025-03-21T19:45:00+00:00,451.9200,455.3200,-1.8463,0.7395,-2.5858,0.0038,-19.00,5.7500,30,eod
LIN,Long,2025-03-21T14:10:00+00:00,2025-03-21T19:45:00+00:00,451.0600,455.3200,-2.4830,0.6461,-3.1292,0.0036,19.00,5.5833,40,eod
NKE,Long,2025-03-21T14:15:00+00:00,2025-03-21T19:45:00+00:00,66.7600,67.7200,1.7685,0.6228,1.1456,0.0066,132.00,5.5000,45,eod
AMD,Long,2025-03-24T14:05:00+00:00,2025-03-24T19:45:00+00:00,111.0400,114.5300,2.4706,0.5294,1.9412,0.0044,80.00,5.6667,35,eod
NKE,Short,2025-03-24T14:00:00+00:00,2025-03-24T19:45:00+00:00,67.5000,67.4600,-1.7273,0.9708,-2.6981,0.0059,-131.00,5.7500,30,eod
NKE,Long,2025-03-24T14:50:00+00:00,2025-03-24T19:45:00+00:00,67.0400,67.4600,-1.9459,1.1151,-3.0610,0.0087,133.00,4.9167,80,eod
AMD,Short,2025-03-25T14:00:00+00:00,2025-03-25T19:45:00+00:00,113.2900,114.4600,-2.4561,-0.2096,-2.2465,0.0041,-79.00,5.7500,30,eod
MU,Long,2025-03-25T15:25:00+00:00,2025-03-25T19:45:00+00:00,94.4800,94.4500,-2.5144,0.5354,-3.0497,0.0070,95.00,4.3333,115,eod
T,Long,2025-03-25T14:00:00+00:00,2025-03-25T19:45:00+00:00,27.3700,27.3000,1.2616,-0.2096,1.4713,0.0073,329.00,5.7500,30,eod
FCX,Short,2025-03-26T14:00:00+00:00,2025-03-26T16:35:00+00:00,41.7400,41.9800,-3.5133,-1.2117,-2.3017,0.0063,-214.00,2.5833,30,reversal
AMD,Long,2025-03-26T14:00:00+00:00,2025-03-26T19:45:00+00:00,112.1600,110.1300,-4.8157,-1.2117,-3.6040,0.0059,79.00,5.7500,30,eod
MPC,Long,2025-03-26T14:00:00+00:00,2025-03-26T19:45:00+00:00,152.0200,150.0000,1.6123,-1.2117,2.8239,0.0075,58.00,5.7500,30,eod
MPC,Short,2025-03-26T14:05:00+00:00,2025-03-26T19:45:00+00:00,152.2000,150.0000,1.9652,-1.3706,3.3358,0.0067,-58.00,5.6667,35,eod
AVGO,Short,2025-03-27T14:00:00+00:00,2025-03-27T19:45:00+00:00,175.0000,172.6700,-1.0906,1.0358,-2.1264,0.0077,-50.00,5.7500,30,eod
LIN,Long,2025-03-27T14:00:00+00:00,2025-03-27T19:45:00+00:00,464.4900,464.3500,2.2584,1.0358,1.2226,0.0037,19.00,5.7500,30,eod
AAPL,Long,2025-03-28T14:00:00+00:00,2025-03-28T19:45:00+00:00,223.3000,218.3100,1.0078,-0.3830,1.3908,0.0067,40.00,5.7500,30,eod
BAC,Short,2025-03-28T14:00:00+00:00,2025-03-28T19:45:00+00:00,41.7400,41.2800,-3.1055,-0.3830,-2.7225,0.0061,-214.00,5.7500,30,eod
PFE,Short,2025-03-28T15:15:00+00:00,2025-03-28T19:45:00+00:00,25.1200,25.1800,1.4083,-1.9919,3.4002,0.0046,-355.00,4.5000,105,eod
TXN,Short,2025-03-31T14:00:00+00:00,2025-03-31T16:40:00+00:00,177.2100,176.9000,4.2255,1.1925,3.0330,0.0043,-50.00,2.6667,30,reversal
COP,Long,2025-03-31T14:00:00+00:00,2025-03-31T18:20:00+00:00,104.2000,104.7000,2.6389,1.1925,1.4464,0.0057,85.00,4.3333,30,reversal
PFE,Short,2025-03-31T14:00:00+00:00,2025-03-31T19:40:00+00:00,24.8400,25.4200,-1.4395,1.1925,-2.6320,0.0028,-358.00,5.6667,30,reversal
PFE,Long,2025-03-31T14:05:00+00:00,2025-03-31T19:40:00+00:00,24.8300,25.4200,-1.5162,1.6392,-3.1554,0.0029,358.00,5.5833,35,reversal
AAPL,Long,2025-04-01T14:00:00+00:00,2025-04-01T15:50:00+00:00,223.0600,222.2700,2.5681,0.0457,2.5223,0.0056,40.00,1.8333,30,reversal
SCHW,Short,2025-04-01T14:00:00+00:00,2025-04-01T19:45:00+00:00,76.4300,77.6700,-2.2824,0.0457,-2.3281,0.0078,-117.00,5.7500,30,eod
PFE,Long,2025-04-01T14:00:00+00:00,2025-04-01T19:45:00+00:00,24.7900,24.5700,-4.9076,0.0457,-4.9533,0.0033,361.00,5.7500,30,eod
PFE,Long,2025-04-02T14:05:00+00:00,2025-04-02T16:15:00+00:00,24.6000,24.5100,2.5476,1.4173,1.1303,0.0037,361.00,2.1667,35,reversal
DE,Long,2025-04-02T14:00:00+00:00,2025-04-02T19:45:00+00:00,469.5700,471.7400,-1.2718,2.4003,-3.6721,0.0053,18.00,5.7500,30,eod
FCX,Short,2025-04-02T14:00:00+00:00,2025-04-02T19:45:00+00:00,37.7700,38.1100,-0.5263,2.4003,-2.9266,0.0055,-235.00,5.7500,30,eod
NKE,Short,2025-04-03T14:00:00+00:00,2025-04-03T15:15:00+00:00,56.1000,56.9000,-4.5689,-1.7456,-2.8233,0.0072,-157.00,1.2500,30,reversal
DE,Short,2025-04-03T14:00:00+00:00,2025-04-03T15:45:00+00:00,461.3500,452.7800,1.3730,-1.7456,3.1186,0.0053,-19.00,1.7500,30,reversal
MU,Long,2025-04-03T15:30:00+00:00,2025-04-03T19:45:00+00:00,77.5300,74.7800,-4.2782,-1.2508,-3.0274,0.0141,114.00,4.2500,120,eod
NFLX,Long,2025-04-03T14:00:00+00:00,2025-04-03T19:45:00+00:00,92.1700,91.9700,0.8779,-1.7456,2.6234,0.0083,95.00,5.7500,30,eod
FCX,Long,2025-04-04T14:00:00+00:00,2025-04-04T18:45:00+00:00,29.8700,29.2500,-4.1096,-0.1512,-3.9585,0.0074,292.00,4.7500,30,reversal
MSFT,Short,2025-04-04T14:00:00+00:00,2025-04-04T19:45:00+00:00,374.0800,363.6500,3.9991,-0.1512,4.1502,0.0055,-23.00,5.7500,30,eod
NKE,Long,2025-04-04T14:00:00+00:00,2025-04-04T19:45:00+00:00,53.9500,57.9800,2.3430,-0.1512,2.4941,0.0084,161.00,5.7500,30,eod
PFE,Short,2025-04-04T14:00:00+00:00,2025-04-04T19:45:00+00:00,23.5300,23.0700,-3.1431,-0.1512,-2.9920,0.0051,-371.00,5.7500,30,eod
HD,Short,2025-04-07T14:00:00+00:00,2025-04-07T14:10:00+00:00,337.7700,347.5200,0.7064,3.6287,-2.9223,0.0057,-26.00,0.1667,30,reversal
NVDA,Long,2025-04-07T14:00:00+00:00,2025-04-07T14:20:00+00:00,93.6700,93.5500,5.4102,3.6287,1.7815,0.0114,96.00,0.3333,30,reversal
UNH,Long,2025-04-07T14:00:00+00:00,2025-04-07T19:30:00+00:00,508.1500,525.6500,-2.8665,3.6287,-6.4952,0.0043,17.00,5.5000,30,reversal
UNH,Short,2025-04-08T14:00:00+00:00,2025-04-08T17:40:00+00:00,564.4400,557.1100,-1.5572,1.2025,-2.7597,0.0042,-15.00,3.6667,30,reversal
UNH,Long,2025-04-08T14:05:00+00:00,2025-04-08T17:40:00+00:00,562.6500,557.1100,-1.8087,1.4455,-3.2542,0.0054,16.00,3.5833,35,reversal
T,Long,2025-04-08T14:00:00+00:00,2025-04-08T19:45:00+00:00,26.8200,26.0400,2.2966,1.2025,1.0941,0.0063,335.00,5.7500,30,eod
T,Short,2025-04-08T15:10:00+00:00,2025-04-08T19:45:00+00:00,26.9800,26.0400,2.2945,-0.7760,3.0705,0.0089,-333.00,4.5833,100,eod
UNH,Long,2025-04-09T14:00:00+00:00,2025-04-09T14:05:00+00:00,569.4700,565.7200,3.5231,2.4781,1.0450,0.0051,15.00,0.0833,30,reversal
BAC,Short,2025-04-09T14:00:00+00:00,2025-04-09T17:20:00+00:00,34.2300,36.0100,-0.3342,2.4781,-2.8123,0.0078,-265.00,3.3333,30,reversal
ADBE,Long,2025-04-09T14:00:00+00:00,2025-04-09T17:30:00+00:00,338.2300,357.7100,-0.6692,2.4781,-3.1473,0.0077,26.00,3.5000,30,reversal
SLB,Short,2025-04-10T14:00:00+00:00,2025-04-10T19:45:00+00:00,33.2900,32.1700,-3.0869,-1.5359,-1.5509,0.0096,-272.00,5.7500,30,eod
T,Long,2025-04-10T14:00:00+00:00,2025-04-10T19:45:00+00:00,26.5700,26.3500,0.9337,-1.5359,2.4696,0.0065,341.00,5.7500,30,eod
UNH,Short,2025-04-11T14:25:00+00:00,2025-04-11T17:15:00+00:00,598.9000,598.8800,2.3833,-0.7270,3.1103,0.0041,-15.00,2.8333,55,reversal
CVX,Short,2025-04-11T14:00:00+00:00,2025-04-11T17:35:00+00:00,133.1400,135.4600,-1.3494,0.7688,-2.1182,0.0061,-68.00,3.5833,30,reversal
SCHW,Long,2025-04-11T14:00:00+00:00,2025-04-11T19:45:00+00:00,75.7800,77.1400,2.5789,0.7688,1.8101,0.0119,120.00,5.7500,30,eod
UNH,Short,2025-04-14T14:10:00+00:00,2025-04-14T19:45:00+00:00,586.9400,589.0800,-1.7502,-0.4831,-1.2671,0.0063,-15.00,5.5833,40,eod
UNH,Long,2025-04-14T14:35:00+00:00,2025-04-14T19:45:00+00:00,583.1100,589.0800,-3.1957,-0.1751,-3.0206,0.0055,15.00,5.1667,65,eod
T,Long,2025-04-14T14:00:00+00:00,2025-04-14T19:45:00+00:00,27.1700,27.3000,1.9449,-0.3704,2.3153,0.0073,335.00,5.7500,30,eod
UNH,Short,2025-04-15T14:00:00+00:00,2025-04-15T17:35:00+00:00,584.4600,586.3200,-0.9613,0.5434,-1.5047,0.0052,-15.00,3.5833,30,reversal
NFLX,Short,2025-04-15T14:35:00+00:00,2025-04-15T19:45:00+00:00,98.4000,98.1000,2.9310,-0.1290,3.0600,0.0114,-93.00,5.1667,65,eod
LIN,Long,2025-04-15T14:00:00+00:00,2025-04-15T19:45:00+00:00,452.2500,450.8400,2.5597,0.5434,2.0163,0.0034,20.00,5.7500,30,eod
DE,Long,2025-04-16T14:00:00+00:00,2025-04-16T19:45:00+00:00,459.6900,450.2400,0.9191,-0.6682,1.5873,0.0069,19.00,5.7500,30,eod
LLY,Short,2025-04-16T14:00:00+00:00,2025-04-16T19:45:00+00:00,734.3900,731.5500,-3.4711,-0.6682,-2.8029,0.0064,-12.00,5.7500,30,eod
GOOGL,Short,2025-04-17T14:00:00+00:00,2025-04-17T19:45:00+00:00,153.3900,150.9200,-0.9331,0.2905,-1.2236,0.0057,-59.00,5.7500,30,eod
UNH,Long,2025-04-17T14:00:00+00:00,2025-04-17T19:45:00+00:00,471.8000,452.6200,-3.3742,0.2905,-3.6646,0.0064,19.00,5.7500,30,eod
LLY,Long,2025-04-17T14:00:00+00:00,2025-04-17T19:45:00+00:00,842.3200,844.3000,2.8462,0.2905,2.5558,0.0078,10.00,5.7500,30,eod
LIN,Short,2025-04-21T14:00:00+00:00,2025-04-21T18:10:00+00:00,451.9800,440.8000,2.6751,-1.5431,4.2182,0.0031,-19.00,4.1667,30,reversal
XOM,Long,2025-04-21T14:00:00+00:00,2025-04-21T19:45:00+00:00,105.3000,104.9800,1.1473,-1.5431,2.6905,0.0066,85.00,5.7500,30,eod
UNH,Short,2025-04-21T14:00:00+00:00,2025-04-21T19:45:00+00:00,435.0000,427.0000,-2.6726,-1.5431,-1.1294,0.0076,-20.00,5.7500,30,eod
GE,Short,2025-04-22T14:00:00+00:00,2025-04-22T18:00:00+00:00,182.6000,186.6400,-1.7519,1.2391,-2.9910,0.0087,-49.00,4.0000,30,reversal
SLB,Long,2025-04-22T14:00:00+00:00,2025-04-22T19:45:00+00:00,33.9500,34.5900,-1.8449,1.2391,-3.0840,0.0090,268.00,5.7500,30,eod
COIN,Long,2025-04-22T14:00:00+00:00,2025-04-22T19:45:00+00:00,187.1900,190.1600,2.4924,1.2391,1.2533,0.0124,48.00,5.7500,30,eod
SLB,Long,2025-04-23T14:00:00+00:00,2025-04-23T14:15:00+00:00,35.3800,34.5600,2.3909,0.5396,1.8513,0.0104,258.00,0.2500,30,reversal
ADBE,Short,2025-04-23T14:00:00+00:00,2025-04-23T19:45:00+00:00,358.5300,350.8500,-1.0785,0.5396,-1.6181,0.0077,-25.00,5.7500,30,eod
XOM,Short,2025-04-24T14:00:00+00:00,2025-04-24T19:45:00+00:00,107.2000,108.6400,-0.5562,1.3927,-1.9488,0.0065,-85.00,5.7500,30,eod
DIS,Long,2025-04-24T14:00:00+00:00,2025-04-24T19:45:00+00:00,89.1700,90.1000,2.5106,1.3927,1.1179,0.0098,102.00,5.7500,30,eod
SLB,Long,2025-04-25T14:00:00+00:00,2025-04-25T18:10:00+00:00,34.8900,34.2700,2.1193,-0.2128,2.3321,0.0121,261.00,4.1667,30,reversal
GOOGL,Short,2025-04-25T14:00:00+00:00,2025-04-25T19:45:00+00:00,163.2500,161.7100,-1.4529,-0.2128,-1.2401,0.0066,-55.00,5.7500,30,eod
SLB,Short,2025-04-28T14:00:00+00:00,2025-04-28T19:45:00+00:00,34.1300,34.0900,-1.1865,0.0768,-1.2633,0.0119,-266.00,5.7500,30,eod
LLY,Long,2025-04-28T14:15:00+00:00,2025-04-28T19:45:00+00:00,881.6500,878.9300,1.0810,0.0387,1.0423,0.0123,10.00,5.5000,45,eod
PYPL,Long,2025-04-29T14:00:00+00:00,2025-04-29T16:30:00+00:00,64.7300,66.2700,-2.6418,0.8589,-3.5007,0.0062,140.00,2.5000,30,reversal
FCX,Short,2025-04-29T14:00:00+00:00,2025-04-29T19:45:00+00:00,37.0200,37.1900,-1.1492,0.8589,-2.0081,0.0082,-245.00,5.7500,30,eod
PFE,Long,2025-04-29T14:00:00+00:00,2025-04-29T19:45:00+00:00,23.4600,23.9600,3.4440,0.8589,2.5851,0.0072,386.00,5.7500,30,eod
PFE,Short,2025-04-29T15:30:00+00:00,2025-04-29T19:45:00+00:00,23.9400,23.9600,3.7699,0.4957,3.2741,0.0122,-383.00,4.2500,120,eod
NKE,Long,2025-04-30T14:00:00+00:00,2025-04-30T17:55:00+00:00,55.3900,55.6700,1.1452,-1.1319,2.2771,0.0072,165.00,3.9167,30,reversal
CAT,Long,2025-04-30T15:05:00+00:00,2025-04-30T19:45:00+00:00,305.6900,307.4300,-2.5072,0.8976,-3.4048,0.0060,30.00,4.6667,95,eod
SBUX,Short,2025-04-30T14:00:00+00:00,2025-04-30T19:45:00+00:00,78.5000,79.7800,2.3647,-1.1319,3.4966,0.0099,-116.00,5.7500,30,eod
PYPL,Short,2025-04-30T14:00:00+00:00,2025-04-30T19:45:00+00:00,64.0200,65.4500,-2.1810,-1.1319,-1.0491,0.0066,-143.00,5.7500,30,eod
MSFT,Short,2025-05-01T14:00:00+00:00,2025-05-01T19:45:00+00:00,429.9600,428.5500,-2.4812,-0.2766,-2.2046,0.0054,-21.00,5.7500,30,eod
DE,Short,2025-05-01T14:00:00+00:00,2025-05-01T19:45:00+00:00,480.3900,485.2700,3.2435,-0.2766,3.5201,0.0073,-18.00,5.7500,30,eod
LLY,Long,2025-05-01T15:35:00+00:00,2025-05-01T19:45:00+00:00,811.6700,801.0700,-2.2982,0.7777,-3.0760,0.0115,11.00,4.1667,125,eod
T,Long,2025-05-01T14:00:00+00:00,2025-05-01T19:45:00+00:00,27.6100,27.6900,2.5458,-0.2766,2.8224,0.0048,328.00,5.7500,30,eod
MSFT,Long,2025-05-02T14:00:00+00:00,2025-05-02T18:45:00+00:00,437.4800,434.8700,2.3477,0.2563,2.0914,0.0062,20.00,4.7500,30,reversal
MPC,Short,2025-05-02T14:00:00+00:00,2025-05-02T19:15:00+00:00,137.3800,141.4700,-2.6777,0.2563,-2.9341,0.0088,-65.00,5.2500,30,reversal
META,Short,2025-05-02T14:50:00+00:00,2025-05-02T19:45:00+00:00,596.3700,596.7400,3.7613,0.6599,3.1013,0.0066,-15.00,4.9167,80,eod
XOM,Long,2025-05-02T14:00:00+00:00,2025-05-02T19:45:00+00:00,104.6200,106.2400,-3.9927,0.2563,-4.2490,0.0071,86.00,5.7500,30,eod
AAPL,Short,2025-05-05T14:00:00+00:00,2025-05-05T19:45:00+00:00,199.6600,198.8300,-2.4216,0.3528,-2.7743,0.0065,-44.00,5.7500,30,eod
AAPL,Long,2025-05-05T14:40:00+00:00,2025-05-05T19:45:00+00:00,199.0000,198.8300,-2.5335,0.5069,-3.0404,0.0075,45.00,5.0833,70,eod
MPC,Short,2025-05-05T14:30:00+00:00,2025-05-05T19:45:00+00:00,143.6100,143.2300,3.0869,-0.1217,3.2086,0.0054,-62.00,5.2500,60,eod
PYPL,Long,2025-05-05T14:00:00+00:00,2025-05-05T19:45:00+00:00,68.2700,68.6300,2.2344,0.3528,1.8817,0.0066,130.00,5.7500,30,eod
GOOGL,Long,2025-05-06T14:00:00+00:00,2025-05-06T19:45:00+00:00,163.3900,163.8200,1.5932,-0.5522,2.1455,0.0053,54.00,5.7500,30,eod
LLY,Long,2025-05-06T18:55:00+00:00,2025-05-06T19:45:00+00:00,773.1300,774.5200,-2.4648,0.5995,-3.0643,0.0183,11.00,0.8333,325,eod
PFE,Short,2025-05-06T14:00:00+00:00,2025-05-06T19:45:00+00:00,23.3900,22.9400,-2.2050,-0.5522,-1.6527,0.0071,-382.00,5.7500,30,eod
AMD,Long,2025-05-07T14:00:00+00:00,2025-05-07T19:45:00+00:00,98.8800,99.7500,-4.4758,0.4440,-4.9198,0.0079,91.00,5.7500,30,eod
GOOGL,Short,2025-05-07T14:00:00+00:00,2025-05-07T19:45:00+00:00,163.4500,150.5500,-0.8224,0.4440,-1.2665,0.0054,-55.00,5.7500,30,eod
NKE,Long,2025-05-07T14:00:00+00:00,2025-05-07T19:45:00+00:00,58.5500,58.5800,2.1224,0.4440,1.6783,0.0064,153.00,5.7500,30,eod
MPC,Short,2025-05-08T14:10:00+00:00,2025-05-08T19:45:00+00:00,148.6300,150.8800,2.1135,-0.8867,3.0002,0.0066,-62.00,5.5833,40,eod
GE,Long,2025-05-08T14:00:00+00:00,2025-05-08T19:45:00+00:00,213.0200,215.8100,1.6881,-0.0949,1.7830,0.0050,43.00,5.7500,30,eod
LLY,Short,2025-05-08T14:00:00+00:00,2025-05-08T19:45:00+00:00,742.1100,754.5100,-2.5534,-0.0949,-2.4585,0.0088,-12.00,5.7500,30,eod
COIN,Short,2025-05-09T14:00:00+00:00,2025-05-09T14:25:00+00:00,211.4800,202.7400,3.2261,0.0171,3.2090,0.0107,-43.00,0.4167,30,reversal
CAT,Short,2025-05-09T14:05:00+00:00,2025-05-09T14:40:00+00:00,325.9400,324.7600,-1.0604,0.0399,-1.1003,0.0051,-28.00,0.5833,35,reversal
TSLA,Long,2025-05-09T14:00:00+00:00,2025-05-09T19:45:00+00:00,305.3000,298.3900,2.6944,0.0171,2.6773,0.0107,30.00,5.7500,30,eod
FCX,Short,2025-05-12T14:00:00+00:00,2025-05-12T19:45:00+00:00,39.5500,39.1300,-2.5852,-0.1359,-2.4493,0.0063,-233.00,5.7500,30,eod
FCX,Long,2025-05-12T14:15:00+00:00,2025-05-12T19:45:00+00:00,39.4600,39.1300,-2.7663,0.2604,-3.0267,0.0067,234.00,5.5000,45,eod
SCHW,Long,2025-05-12T14:00:00+00:00,2025-05-12T19:45:00+00:00,85.3100,85.1300,2.7097,-0.1359,2.8456,0.0033,108.00,5.7500,30,eod
SCHW,Short,2025-05-12T14:05:00+00:00,2025-05-12T19:45:00+00:00,85.4700,85.1300,2.9285,-0.1064,3.0348,0.0037,-108.00,5.6667,35,eod
SCHW,Long,2025-05-13T14:00:00+00:00,2025-05-13T14:20:00+00:00,86.6300,86.7500,3.4584,1.8511,1.6073,0.0039,106.00,0.3333,30,reversal
CAT,Short,2025-05-13T14:00:00+00:00,2025-05-13T19:45:00+00:00,348.6200,354.3600,-1.0744,1.8511,-2.9255,0.0062,-26.00,5.7500,30,eod
T,Long,2025-05-13T14:00:00+00:00,2025-05-13T19:45:00+00:00,26.5700,26.4800,-3.3794,1.8511,-5.2305,0.0047,347.00,5.7500,30,eod
COIN,Short,2025-05-13T17:35:00+00:00,2025-05-13T19:45:00+00:00,253.1300,257.5800,5.0185,1.8982,3.1203,0.0140,-36.00,2.1667,245,eod
NVDA,Short,2025-05-14T14:00:00+00:00,2025-05-14T15:05:00+00:00,132.6200,133.7700,-2.9526,-1.2004,-1.7521,0.0055,-68.00,1.0833,30,reversal
LOW,Long,2025-05-14T14:00:00+00:00,2025-05-14T19:20:00+00:00,230.7500,228.6600,1.6193,-1.2004,2.8198,0.0043,39.00,5.3333,30,reversal
HD,Short,2025-05-14T14:00:00+00:00,2025-05-14T19:45:00+00:00,375.0300,372.3600,2.4830,-1.2004,3.6834,0.0040,-24.00,5.7500,30,eod
LLY,Long,2025-05-14T15:15:00+00:00,2025-05-14T19:45:00+00:00,726.9500,717.3600,-3.5567,-0.4835,-3.0732,0.0107,12.00,4.5000,105,eod
MU,Short,2025-05-15T14:00:00+00:00,2025-05-15T18:05:00+00:00,93.0900,95.1600,-2.3195,-0.1152,-2.2043,0.0044,-96.00,4.0833,30,reversal
UNH,Long,2025-05-15T14:00:00+00:00,2025-05-15T18:35:00+00:00,259.4500,271.8300,-3.6582,-0.1152,-3.5430,0.0094,34.00,4.5833,30,reversal
NKE,Long,2025-05-15T14:00:00+00:00,2025-05-15T19:45:00+00:00,62.2700,62.3700,2.6705,-0.1152,2.7856,0.0067,144.00,5.7500,30,eod
T,Short,2025-05-15T14:10:00+00:00,2025-05-15T19:45:00+00:00,27.1100,27.3600,2.6421,-0.5809,3.2231,0.0057,-331.00,5.5833,40,eod
AVGO,Short,2025-05-16T14:00:00+00:00,2025-05-16T16:00:00+00:00,228.0600,229.8400,-1.7322,0.1193,-1.8515,0.0055,-39.00,2.0000,30,reversal
ADBE,Short,2025-05-16T14:00:00+00:00,2025-05-16T16:25:00+00:00,421.5100,414.4700,4.1493,0.1193,4.0300,0.0042,-21.00,2.4167,30,reversal
MU,Long,2025-05-16T14:00:00+00:00,2025-05-16T19:45:00+00:00,97.8300,98.0000,2.7029,0.1193,2.5837,0.0054,92.00,5.7500,30,eod
TXN,Long,2025-05-19T14:30:00+00:00,2025-05-19T15:20:00+00:00,187.7600,186.9900,3.1994,2.0702,1.1292,0.0041,48.00,0.8333,60,reversal
SBUX,Long,2025-05-19T14:00:00+00:00,2025-05-19T19:45:00+00:00,84.5200,84.3600,-0.7618,2.8441,-3.6059,0.0074,107.00,5.7500,30,eod
T,Short,2025-05-19T14:00:00+00:00,2025-05-19T19:45:00+00:00,27.8400,27.9900,-0.1258,2.8441,-2.9699,0.0057,-326.00,5.7500,30,eod
TSLA,Short,2025-05-20T14:00:00+00:00,2025-05-20T18:10:00+00:00,344.4300,353.8800,-2.3122,-0.4342,-1.8780,0.0100,-26.00,4.1667,30,reversal
JPM,Long,2025-05-20T14:00:00+00:00,2025-05-20T19:45:00+00:00,266.0600,266.1000,1.2564,-0.4342,1.6906,0.0043,33.00,5.7500,30,eod
HD,Long,2025-05-20T16:35:00+00:00,2025-05-20T19:45:00+00:00,376.9100,376.0000,-2.7710,0.3259,-3.0968,0.0067,23.00,3.1667,185,eod
PFE,Short,2025-05-20T14:00:00+00:00,2025-05-20T19:45:00+00:00,23.6200,23.4900,2.7959,-0.4342,3.2301,0.0060,-382.00,5.7500,30,eod
COP,Short,2025-05-21T14:00:00+00:00,2025-05-21T17:30:00+00:00,88.2000,88.1900,-1.0484,1.9074,-2.9557,0.0066,-101.00,3.5000,30,reversal
LLY,Long,2025-05-21T14:00:00+00:00,2025-05-21T19:10:00+00:00,740.3700,727.8700,-1.4484,1.9074,-3.3558,0.0080,12.00,5.1667,30,reversal
GOOGL,Long,2025-05-21T14:15:00+00:00,2025-05-21T19:45:00+00:00,169.2700,169.1500,4.0727,1.2203,2.8524,0.0064,52.00,5.5000,45,eod
GOOGL,Short,2025-05-21T14:00:00+00:00,2025-05-21T19:45:00+00:00,169.7500,169.1500,5.2954,1.9074,3.3881,0.0055,-52.00,5.7500,30,eod
GOOGL,Long,2025-05-22T14:05:00+00:00,2025-05-22T14:50:00+00:00,176.6700,173.7500,4.4216,3.0277,1.3939,0.0072,50.00,0.7500,35,reversal
COP,Long,2025-05-22T14:00:00+00:00,2025-05-22T17:05:00+00:00,84.9500,85.7400,-0.7134,3.6514,-4.3648,0.0058,104.00,3.0833,30,reversal
GE,Short,2025-05-22T14:00:00+00:00,2025-05-22T19:45:00+00:00,232.4000,231.3400,0.7061,3.6514,-2.9452,0.0053,-38.00,5.7500,30,eod
MU,Short,2025-05-23T14:00:00+00:00,2025-05-23T16:05:00+00:00,91.2400,92.7900,-1.7845,0.3652,-2.1496,0.0067,-97.00,2.0833,30,reversal
CRM,Long,2025-05-23T19:15:00+00:00,2025-05-23T19:45:00+00:00,272.5900,272.4600,-2.9344,0.9813,-3.9157,0.0083,32.00,0.5000,345,eod
GS,Long,2025-05-23T14:00:00+00:00,2025-05-23T19:45:00+00:00,595.5200,599.8500,1.9168,0.3652,1.5516,0.0037,14.00,5.7500,30,eod
QCOM,Long,2025-05-27T14:00:00+00:00,2025-05-27T17:05:00+00:00,148.4100,148.8700,2.8831,1.7912,1.0919,0.0041,59.00,3.0833,30,reversal
SLB,Short,2025-05-27T14:00:00+00:00,2025-05-27T19:45:00+00:00,33.5300,33.8700,-1.0410,1.7912,-2.8322,0.0046,-263.00,5.7500,30,eod
DE,Long,2025-05-27T14:00:00+00:00,2025-05-27T19:45:00+00:00,509.1800,509.1200,-1.8496,1.7912,-3.6408,0.0040,17.00,5.7500,30,eod
AAPL,Short,2025-05-28T14:00:00+00:00,2025-05-28T16:00:00+00:00,200.1500,201.1900,-2.8860,-0.8438,-2.0422,0.0038,-44.00,2.0000,30,reversal
LOW,Long,2025-05-28T14:00:00+00:00,2025-05-28T18:50:00+00:00,226.3200,225.0500,0.8948,-0.8438,1.7386,0.0030,38.00,4.8333,30,reversal
DIS,Long,2025-05-29T14:00:00+00:00,2025-05-29T15:55:00+00:00,112.2200,110.6700,0.8607,-1.9769,2.8377,0.0029,78.00,1.9167,30,reversal
MU,Short,2025-05-29T14:45:00+00:00,2025-05-29T16:00:00+00:00,96.6600,96.4000,-2.6643,-1.5201,-1.1442,0.0089,-90.00,1.2500,75,reversal
CVX,Short,2025-05-29T14:00:00+00:00,2025-05-29T19:45:00+00:00,136.9700,137.8100,1.6973,-1.9769,3.6742,0.0025,-64.00,5.7500,30,eod
NVDA,Short,2025-05-30T14:00:00+00:00,2025-05-30T19:45:00+00:00,136.6900,135.2100,-1.5836,-0.3408,-1.2428,0.0083,-63.00,5.7500,30,eod
LLY,Long,2025-05-30T14:00:00+00:00,2025-05-30T19:45:00+00:00,731.3900,743.7600,2.2561,-0.3408,2.5969,0.0068,11.00,5.7500,30,eod
DIS,Short,2025-05-30T14:00:00+00:00,2025-05-30T19:45:00+00:00,112.5600,113.0900,2.9867,-0.3408,3.3275,0.0032,-77.00,5.7500,30,eod
LIN,Short,2025-06-02T14:00:00+00:00,2025-06-02T18:45:00+00:00,464.3200,463.7000,2.3921,-1.7712,4.1633,0.0021,-18.00,4.7500,30,reversal
TSLA,Short,2025-06-02T14:00:00+00:00,2025-06-02T19:45:00+00:00,337.0200,342.2100,-2.9580,-1.7712,-1.1868,0.0092,-26.00,5.7500,30,eod
ADBE,Long,2025-06-02T15:40:00+00:00,2025-06-02T19:45:00+00:00,397.1400,402.8300,-3.6171,-0.0877,-3.5295,0.0062,22.00,4.0833,130,eod
NKE,Long,2025-06-02T14:00:00+00:00,2025-06-02T19:45:00+00:00,60.3200,61.3400,0.5832,-1.7712,2.3543,0.0054,145.00,5.7500,30,eod
CVX,Long,2025-06-03T14:00:00+00:00,2025-06-03T19:45:00+00:00,138.5500,139.9400,3.4870,1.1035,2.3835,0.0034,63.00,5.7500,30,eod
CVX,Short,2025-06-03T14:05:00+00:00,2025-06-03T19:45:00+00:00,138.8900,139.9400,3.9914,0.6785,3.3129,0.0036,-63.00,5.6667,35,eod
GS,Short,2025-06-03T14:00:00+00:00,2025-06-03T19:45:00+00:00,594.8500,603.2900,-1.7185,1.1035,-2.8220,0.0053,-14.00,5.7500,30,eod
T,Long,2025-06-03T14:00:00+00:00,2025-06-03T19:45:00+00:00,27.7900,27.9100,-2.4547,1.1035,-3.5582,0.0042,316.00,5.7500,30,eod
AAPL,Short,2025-06-04T14:00:00+00:00,2025-06-04T15:40:00+00:00,205.5200,202.9400,2.2885,-0.8242,3.1127,0.0054,-42.00,1.6667,30,reversal
QCOM,Short,2025-06-04T14:00:00+00:00,2025-06-04T16:15:00+00:00,147.3900,149.3500,-3.1155,-0.8242,-2.2913,0.0052,-59.00,2.2500,30,reversal
MSFT,Long,2025-06-04T14:00:00+00:00,2025-06-04T19:45:00+00:00,465.3800,464.2000,1.9953,-0.8242,2.8195,0.0023,18.00,5.7500,30,eod
MPC,Long,2025-06-04T15:20:00+00:00,2025-06-04T19:45:00+00:00,157.2900,157.1700,-2.8212,0.1919,-3.0131,0.0105,55.00,4.4167,110,eod
TSLA,Long,2025-06-05T18:35:00+00:00,2025-06-05T19:45:00+00:00,294.9900,284.5600,-3.7719,-0.6820,-3.0899,0.0205,29.00,1.1667,305,eod
NFLX,Long,2025-06-05T14:00:00+00:00,2025-06-05T19:45:00+00:00,125.3100,125.4000,1.7309,-0.8401,2.5710,0.0050,69.00,5.7500,30,eod
T,Short,2025-06-05T14:00:00+00:00,2025-06-05T19:45:00+00:00,27.6300,27.8300,2.4345,-0.8401,3.2745,0.0036,-315.00,5.7500,30,eod
COIN,Short,2025-06-05T14:00:00+00:00,2025-06-05T19:45:00+00:00,255.3000,244.6900,-3.1707,-0.8401,-2.3306,0.0083,-34.00,5.7500,30,eod
MSFT,Long,2025-06-06T14:00:00+00:00,2025-06-06T15:15:00+00:00,472.3500,470.0400,2.3344,0.5338,1.8006,0.0026,18.00,1.2500,30,reversal
PYPL,Short,2025-06-06T14:00:00+00:00,2025-06-06T19:45:00+00:00,72.9600,73.5000,-1.4966,0.5338,-2.0304,0.0046,-119.00,5.7500,30,eod
LIN,Long,2025-06-09T14:05:00+00:00,2025-06-09T15:40:00+00:00,468.3500,472.8500,-2.7539,0.4865,-3.2404,0.0025,18.00,1.5833,35,reversal
FCX,Long,2025-06-09T14:00:00+00:00,2025-06-09T19:45:00+00:00,42.5400,42.4100,2.7500,0.3086,2.4415,0.0060,203.00,5.7500,30,eod
LOW,Short,2025-06-09T14:00:00+00:00,2025-06-09T19:45:00+00:00,223.6900,223.9700,-1.9651,0.3086,-2.2736,0.0025,-38.00,5.7500,30,eod
PFE,Short,2025-06-09T16:25:00+00:00,2025-06-09T19:45:00+00:00,24.0600,24.0200,3.6116,0.4802,3.1314,0.0047,-360.00,3.3333,175,eod
NFLX,Short,2025-06-10T14:00:00+00:00,2025-06-10T19:45:00+00:00,120.6100,120.0200,-1.3605,0.4387,-1.7992,0.0049,-71.00,5.7500,30,eod
SLB,Long,2025-06-10T14:00:00+00:00,2025-06-10T19:45:00+00:00,35.1100,35.3700,2.8130,0.4387,2.3743,0.0056,246.00,5.7500,30,eod
SLB,Short,2025-06-10T14:30:00+00:00,2025-06-10T19:45:00+00:00,35.4100,35.3700,3.7771,0.7500,3.0271,0.0064,-246.00,5.2500,60,eod
DE,Long,2025-06-10T14:00:00+00:00,2025-06-10T19:45:00+00:00,512.2000,513.7100,-3.3538,0.4387,-3.7925,0.0039,16.00,5.7500,30,eod
GE,Short,2025-06-11T14:00:00+00:00,2025-06-11T19:45:00+00:00,244.0500,245.2600,3.6291,0.2513,3.3777,0.0054,-35.00,5.7500,30,eod
SCHW,Long,2025-06-11T14:00:00+00:00,2025-06-11T19:45:00+00:00,88.9700,88.1600,3.1150,0.2513,2.8637,0.0034,97.00,5.7500,30,eod
HD,Long,2025-06-11T14:10:00+00:00,2025-06-11T19:45:00+00:00,363.7600,359.5500,-3.3183,0.5212,-3.8395,0.0031,23.00,5.5833,40,eod
NKE,Short,2025-06-11T14:00:00+00:00,2025-06-11T19:45:00+00:00,63.7100,63.1000,-2.1897,0.2513,-2.4410,0.0052,-136.00,5.7500,30,eod
NFLX,Short,2025-06-12T14:00:00+00:00,2025-06-12T19:45:00+00:00,122.1000,121.4300,-1.3231,0.1036,-1.4267,0.0049,-70.00,5.7500,30,eod
XOM,Long,2025-06-12T14:00:00+00:00,2025-06-12T19:45:00+00:00,109.6000,109.5600,2.4964,0.1036,2.3928,0.0036,78.00,5.7500,30,eod
LIN,Short,2025-06-12T14:00:00+00:00,2025-06-12T19:45:00+00:00,471.7500,470.5400,3.7609,0.1036,3.6572,0.0026,-18.00,5.7500,30,eod
META,Long,2025-06-13T14:00:00+00:00,2025-06-13T15:35:00+00:00,692.1900,692.3000,0.6025,-0.6229,1.2254,0.0035,12.00,1.5833,30,reversal
ADBE,Long,2025-06-13T14:00:00+00:00,2025-06-13T18:20:00+00:00,384.6300,393.8200,-5.3611,-0.6229,-4.7381,0.0041,22.00,4.3333,30,reversal
PYPL,Short,2025-06-13T14:00:00+00:00,2025-06-13T19:45:00+00:00,72.2400,70.7100,-3.3580,-0.6229,-2.7351,0.0043,-119.00,5.7500,30,eod
ADBE,Long,2025-06-16T14:00:00+00:00,2025-06-16T14:20:00+00:00,404.7700,398.9100,3.7425,1.6477,2.0949,0.0053,21.00,0.3333,30,reversal
AMD,Short,2025-06-16T14:40:00+00:00,2025-06-16T19:45:00+00:00,126.2200,126.4800,5.0255,1.6545,3.3710,0.0102,-68.00,5.0833,70,eod
AVGO,Short,2025-06-16T14:00:00+00:00,2025-06-16T19:45:00+00:00,250.0600,252.3400,-1.3057,1.6477,-2.9534,0.0068,-35.00,5.7500,30,eod
COP,Long,2025-06-16T14:00:00+00:00,2025-06-16T19:45:00+00:00,94.3600,94.9300,-3.3947,1.6477,-5.0424,0.0065,92.00,5.7500,30,eod
DIS,Short,2025-06-17T14:00:00+00:00,2025-06-17T17:30:00+00:00,118.1400,118.2900,-1.5385,-0.1111,-1.4274,0.0044,-73.00,3.5000,30,reversal
ADBE,Long,2025-06-17T19:00:00+00:00,2025-06-17T19:45:00+00:00,382.6200,382.8400,-4.3219,-1.2032,-3.1187,0.0058,22.00,0.7500,330,eod
CVX,Short,2025-06-17T18:20:00+00:00,2025-06-17T19:45:00+00:00,149.8000,148.6400,1.6187,-1.4827,3.1014,0.0080,-57.00,1.4167,290,eod
LLY,Long,2025-06-17T14:00:00+00:00,2025-06-17T19:45:00+00:00,800.1400,792.7700,1.9353,-0.1111,2.0464,0.0056,10.00,5.7500,30,eod
NFLX,Short,2025-06-18T14:00:00+00:00,2025-06-18T19:45:00+00:00,122.5300,122.3700,-1.0058,1.6786,-2.6843,0.0050,-70.00,5.7500,30,eod
JPM,Long,2025-06-18T14:10:00+00:00,2025-06-18T19:45:00+00:00,275.1200,274.4600,2.6292,1.5408,1.0884,0.0045,31.00,5.5833,40,eod
HD,Long,2025-06-18T14:00:00+00:00,2025-06-18T19:45:00+00:00,347.2400,347.3100,-2.3156,1.6786,-3.9942,0.0030,25.00,5.7500,30,eod
COIN,Short,2025-06-18T15:50:00+00:00,2025-06-18T19:45:00+00:00,279.0000,296.9900,5.4573,1.9731,3.4842,0.0190,-31.00,3.9167,140,eod
META,Short,2025-06-20T14:00:00+00:00,2025-06-20T14:55:00+00:00,692.7200,687.3000,-2.9976,-1.3567,-1.6409,0.0035,-12.00,0.9167,30,reversal
GE,Long,2025-06-20T14:00:00+00:00,2025-06-20T19:45:00+00:00,239.1600,238.8000,1.4365,-1.3567,2.7931,0.0046,35.00,5.7500,30,eod
PYPL,Short,2025-06-20T14:00:00+00:00,2025-06-20T19:45:00+00:00,70.1400,69.9700,1.9486,-1.3567,3.3053,0.0053,-121.00,5.7500,30,eod
TSLA,Long,2025-06-23T14:25:00+00:00,2025-06-23T17:20:00+00:00,353.0400,349.6100,3.6448,2.5770,1.0678,0.0169,24.00,2.9167,55,reversal
XOM,Long,2025-06-23T14:00:00+00:00,2025-06-23T19:45:00+00:00,114.4000,111.6800,-3.0326,2.8128,-5.8455,0.0059,74.00,5.7500,30,eod
PFE,Short,2025-06-23T14:00:00+00:00,2025-06-23T19:45:00+00:00,24.0200,23.9800,0.0000,2.8128,-2.8128,0.0041,-354.00,5.7500,30,eod
MPC,Long,2025-06-24T14:00:00+00:00,2025-06-24T15:50:00+00:00,166.9500,165.2300,2.2395,0.1452,2.0943,0.0070,50.00,1.8333,30,reversal
DE,Short,2025-06-24T14:00:00+00:00,2025-06-24T19:45:00+00:00,509.6200,513.5900,-2.2880,0.1452,-2.4332,0.0046,-16.00,5.7500,30,eod
SBUX,Long,2025-06-24T14:50:00+00:00,2025-06-24T19:45:00+00:00,91.4400,91.5500,-2.7197,0.4167,-3.1364,0.0076,91.00,4.9167,80,eod
COIN,Short,2025-06-24T14:00:00+00:00,2025-06-24T19:45:00+00:00,333.2300,345.7800,4.5734,0.1452,4.4281,0.0138,-25.00,5.7500,30,eod
TXN,Short,2025-06-25T14:00:00+00:00,2025-06-25T18:55:00+00:00,204.3200,204.7700,-2.0922,-0.2578,-1.8344,0.0045,-40.00,4.9167,30,reversal
NVDA,Long,2025-06-25T14:00:00+00:00,2025-06-25T19:45:00+00:00,151.2900,153.7500,1.9800,-0.2578,2.2378,0.0048,54.00,5.7500,30,eod
NVDA,Short,2025-06-25T14:10:00+00:00,2025-06-25T19:45:00+00:00,151.5200,153.7500,2.4312,-0.6045,3.0357,0.0045,-54.00,5.5833,40,eod
MU,Long,2025-06-26T16:30:00+00:00,2025-06-26T19:45:00+00:00,124.9700,125.7000,-2.0044,1.0702,-3.0746,0.0102,65.00,3.2500,180,eod
CAT,Long,2025-06-26T14:00:00+00:00,2025-06-26T19:45:00+00:00,377.4900,381.5600,2.1218,0.5752,1.5466,0.0044,21.00,5.7500,30,eod
PYPL,Short,2025-06-26T14:00:00+00:00,2025-06-26T19:45:00+00:00,72.0300,73.1300,-1.9743,0.5752,-2.5495,0.0057,-113.00,5.7500,30,eod
QCOM,Long,2025-06-27T14:05:00+00:00,2025-06-27T14:30:00+00:00,160.8900,159.8600,2.5507,1.3325,1.2182,0.0037,50.00,0.4167,35,reversal
AVGO,Short,2025-06-27T14:00:00+00:00,2025-06-27T19:45:00+00:00,269.4700,269.2200,-0.8723,1.5241,-2.3964,0.0055,-30.00,5.7500,30,eod
COIN,Long,2025-06-27T14:00:00+00:00,2025-06-27T19:45:00+00:00,357.8900,354.8300,-1.8705,1.5241,-3.3946,0.0155,22.00,5.7500,30,eod
GOOGL,Short,2025-06-30T14:00:00+00:00,2025-06-30T19:45:00+00:00,177.7200,176.3800,-2.4661,0.1247,-2.5909,0.0047,-45.00,5.7500,30,eod
GOOGL,Long,2025-06-30T14:20:00+00:00,2025-06-30T19:45:00+00:00,177.0600,176.3800,-3.0537,-0.0413,-3.0124,0.0050,46.00,5.4167,50,eod
T,Long,2025-06-30T14:00:00+00:00,2025-06-30T19:45:00+00:00,28.6000,28.9400,2.2289,0.1247,2.1041,0.0033,284.00,5.7500,30,eod
MU,Short,2025-07-01T14:00:00+00:00,2025-07-01T19:45:00+00:00,122.4800,121.0700,-1.3041,0.0185,-1.3225,0.0058,-66.00,5.7500,30,eod
PFE,Long,2025-07-01T14:00:00+00:00,2025-07-01T19:45:00+00:00,24.4900,25.0800,3.0076,0.0185,2.9891,0.0025,333.00,5.7500,30,eod
PFE,Short,2025-07-01T14:05:00+00:00,2025-07-01T19:45:00+00:00,24.5000,25.0800,3.2086,-0.0571,3.2657,0.0024,-333.00,5.6667,35,eod
CRM,Short,2025-07-02T14:00:00+00:00,2025-07-02T19:45:00+00:00,266.8800,268.5400,-1.2663,1.3310,-2.5973,0.0049,-30.00,5.7500,30,eod
ADBE,Long,2025-07-02T14:00:00+00:00,2025-07-02T19:45:00+00:00,374.0000,377.6700,-1.7046,1.3310,-3.0356,0.0068,21.00,5.7500,30,eod
FCX,Long,2025-07-02T14:00:00+00:00,2025-07-02T19:45:00+00:00,45.6100,45.7300,2.8452,1.3310,1.5142,0.0058,178.00,5.7500,30,eod
MSFT,Long,2025-07-03T14:15:00+00:00,2025-07-07T13:30:00+00:00,498.6500,496.9300,2.2921,1.2510,1.0411,0.0032,16.00,95.2500,45,reversal
META,Long,2025-07-03T14:00:00+00:00,2025-07-07T13:35:00+00:00,718.7700,716.8100,-2.8530,1.4007,-4.2537,0.0045,11.00,95.5833,30,reversal
PFE,Long,2025-07-07T14:00:00+00:00,2025-07-07T14:30:00+00:00,25.5300,25.3500,2.5210,0.0981,2.4229,0.0030,318.00,0.5000,30,reversal
GOOGL,Short,2025-07-03T14:00:00+00:00,2025-07-07T19:45:00+00:00,178.1500,176.0400,-1.0862,1.4007,-2.4869,0.0042,-45.00,101.7500,30,eod
AAPL,Long,2025-07-07T17:05:00+00:00,2025-07-07T19:45:00+00:00,210.2200,209.4100,-3.8357,-0.5348,-3.3009,0.0051,38.00,2.6667,215,eod
PFE,Long,2025-07-08T14:00:00+00:00,2025-07-08T17:05:00+00:00,25.5000,25.3400,1.8439,-0.1275,1.9714,0.0030,317.00,3.0833,30,reversal
COP,Short,2025-07-08T14:10:00+00:00,2025-07-08T19:45:00+00:00,94.4100,95.9400,3.1515,-0.3106,3.4621,0.0054,-85.00,5.5833,40,eod
BAC,Long,2025-07-08T14:40:00+00:00,2025-07-08T19:45:00+00:00,47.1400,47.3000,-2.8022,0.2838,-3.0860,0.0040,171.00,5.0833,70,eod
NKE,Short,2025-07-08T14:00:00+00:00,2025-07-08T19:45:00+00:00,73.9700,74.0300,-2.4015,-0.1275,-2.2740,0.0050,-109.00,5.7500,30,eod
MSFT,Long,2025-07-09T14:00:00+00:00,2025-07-09T15:50:00+00:00,506.0700,500.1900,2.8029,1.3796,1.4233,0.0029,15.00,1.8333,30,reversal
UNH,Short,2025-07-09T14:00:00+00:00,2025-07-09T16:10:00+00:00,300.8100,301.0000,-1.4076,1.3796,-2.7871,0.0039,-26.00,2.1667,30,reversal
FCX,Long,2025-07-09T14:00:00+00:00,2025-07-09T19:45:00+00:00,45.9100,45.4000,-3.1667,1.3796,-4.5462,0.0059,175.00,5.7500,30,eod
AVGO,Short,2025-07-10T14:00:00+00:00,2025-07-10T19:45:00+00:00,273.9000,274.9900,-3.4830,-2.0392,-1.4437,0.0056,-29.00,5.7500,30,eod
LOW,Short,2025-07-10T14:00:00+00:00,2025-07-10T19:45:00+00:00,228.8900,228.1500,3.5906,-2.0392,5.6299,0.0043,-34.00,5.7500,30,eod
UNH,Long,2025-07-10T14:00:00+00:00,2025-07-10T19:45:00+00:00,299.9900,300.4800,0.9152,-2.0392,2.9545,0.0040,26.00,5.7500,30,eod
GE,Long,2025-07-11T14:05:00+00:00,2025-07-11T19:45:00+00:00,255.5100,255.2500,1.9357,0.3821,1.5535,0.0052,31.00,5.6667,35,eod
LOW,Short,2025-07-11T14:00:00+00:00,2025-07-11T19:45:00+00:00,223.8000,224.7200,-1.6281,0.5213,-2.1493,0.0047,-35.00,5.7500,30,eod
T,Long,2025-07-11T14:15:00+00:00,2025-07-11T19:45:00+00:00,27.0500,27.0100,-2.1995,0.8381,-3.0376,0.0033,294.00,5.5000,45,eod
T,Long,2025-07-14T14:00:00+00:00,2025-07-14T14:25:00+00:00,27.4400,27.2800,2.4817,-0.0284,2.5101,0.0034,289.00,0.4167,30,reversal
GOOGL,Short,2025-07-14T14:00:00+00:00,2025-07-14T19:45:00+00:00,180.2000,181.6900,-1.9678,-0.0284,-1.9394,0.0059,-44.00,5.7500,30,eod
MPC,Long,2025-07-14T14:20:00+00:00,2025-07-14T19:45:00+00:00,174.7600,175.8300,-2.4101,0.6911,-3.1012,0.0058,45.00,5.4167,50,eod
NFLX,Long,2025-07-15T14:00:00+00:00,2025-07-15T19:45:00+00:00,126.1200,126.1600,2.0279,-0.7967,2.8246,0.0056,62.00,5.7500,30,eod
LIN,Short,2025-07-15T14:00:00+00:00,2025-07-15T19:45:00+00:00,464.5500,462.0300,-3.6349,-0.7967,-2.8381,0.0019,-17.00,5.7500,30,eod
FCX,Long,2025-07-15T14:05:00+00:00,2025-07-15T19:45:00+00:00,43.8400,44.0400,-3.2352,0.0252,-3.2605,0.0073,180.00,5.6667,35,eod
COP,Short,2025-07-16T14:00:00+00:00,2025-07-16T15:25:00+00:00,91.9200,91.4200,-2.5589,-1.4998,-1.0591,0.0045,-86.00,1.4167,30,reversal
TSLA,Long,2025-07-16T14:00:00+00:00,2025-07-16T19:45:00+00:00,317.6800,322.4300,1.0302,-1.4998,2.5300,0.0091,24.00,5.7500,30,eod
BAC,Long,2025-07-16T14:25:00+00:00,2025-07-16T19:45:00+00:00,45.7200,46.0300,-3.5749,-0.5025,-3.0723,0.0037,173.00,5.3333,55,eod
LLY,Short,2025-07-16T14:00:00+00:00,2025-07-16T19:45:00+00:00,785.3300,789.6500,3.0356,-1.4998,4.5354,0.0039,-10.00,5.7500,30,eod
JPM,Long,2025-07-17T14:00:00+00:00,2025-07-17T14:35:00+00:00,289.5000,286.8800,3.1151,2.0836,1.0316,0.0045,27.00,0.5833,30,reversal
ADBE,Short,2025-07-17T14:00:00+00:00,2025-07-17T19:45:00+00:00,361.5800,366.1800,-0.9079,2.0836,-2.9915,0.0041,-22.00,5.7500,30,eod
UNH,Long,2025-07-17T14:00:00+00:00,2025-07-17T19:45:00+00:00,285.2000,287.6100,-4.4173,2.0836,-6.5009,0.0051,27.00,5.7500,30,eod
TSLA,Long,2025-07-18T14:00:00+00:00,2025-07-18T19:45:00+00:00,329.9500,328.8700,1.8062,-1.0169,2.8231,0.0081,24.00,5.7500,30,eod
CVX,Long,2025-07-18T18:40:00+00:00,2025-07-18T19:45:00+00:00,146.8200,147.6600,-4.0175,-1.0120,-3.0055,0.0122,54.00,1.0833,310,eod
SCHW,Short,2025-07-18T14:00:00+00:00,2025-07-18T19:45:00+00:00,96.0300,95.4800,-3.4352,-1.0169,-2.4183,0.0035,-82.00,5.7500,30,eod
LLY,Short,2025-07-18T14:00:00+00:00,2025-07-18T19:45:00+00:00,768.3200,774.5200,2.2317,-1.0169,3.2485,0.0040,-10.00,5.7500,30,eod
XOM,Short,2025-07-21T14:00:00+00:00,2025-07-21T19:45:00+00:00,108.1500,107.8700,-0.7485,2.0542,-2.8028,0.0047,-73.00,5.7500,30,eod
LIN,Long,2025-07-21T14:10:00+00:00,2025-07-21T19:45:00+00:00,470.9500,470.5600,3.5651,1.8878,1.6773,0.0027,16.00,5.5833,40,eod
SBUX,Long,2025-07-21T14:00:00+00:00,2025-07-21T19:45:00+00:00,93.9800,93.0000,-1.6510,2.0542,-3.7052,0.0050,84.00,5.7500,30,eod
QCOM,Short,2025-07-22T14:00:00+00:00,2025-07-22T14:20:00+00:00,156.5900,157.4700,-4.5195,-2.8894,-1.6301,0.0031,-50.00,0.3333,30,reversal
T,Short,2025-07-22T14:00:00+00:00,2025-07-22T15:35:00+00:00,27.7100,27.3000,3.1494,-2.8894,6.0388,0.0034,-284.00,1.5833,30,reversal
CAT,Long,2025-07-22T14:00:00+00:00,2025-07-22T19:45:00+00:00,411.0000,417.5600,-0.3574,-2.8894,2.5320,0.0022,19.00,5.7500,30,eod
SCHW,Long,2025-07-23T14:00:00+00:00,2025-07-23T15:40:00+00:00,95.7700,94.9800,1.5935,-1.0292,2.6227,0.0039,82.00,1.6667,30,reversal
TXN,Long,2025-07-23T18:20:00+00:00,2025-07-23T19:45:00+00:00,186.4700,185.6000,-2.0320,1.1848,-3.2168,0.0109,42.00,1.4167,290,eod
SBUX,Short,2025-07-23T14:45:00+00:00,2025-07-23T19:45:00+00:00,96.4000,95.7600,-1.9888,-0.6476,-1.3412,0.0064,-81.00,5.0000,75,eod
T,Short,2025-07-23T14:00:00+00:00,2025-07-23T19:45:00+00:00,27.2100,27.6100,5.3502,-1.0292,6.3794,0.0049,-291.00,5.7500,30,eod
BAC,Long,2025-07-24T14:00:00+00:00,2025-07-24T18:35:00+00:00,48.8800,48.5900,2.4933,-0.4317,2.9250,0.0043,160.00,4.5833,30,reversal
GOOGL,Short,2025-07-24T14:00:00+00:00,2025-07-24T19:45:00+00:00,192.8100,192.2300,-2.3051,-0.4317,-1.8733,0.0072,-40.00,5.7500,30,eod
LIN,Short,2025-07-24T14:00:00+00:00,2025-07-24T19:45:00+00:00,470.8200,470.8000,4.3640,-0.4317,4.7957,0.0041,-16.00,5.7500,30,eod
UNH,Long,2025-07-24T17:10:00+00:00,2025-07-24T19:45:00+00:00,280.3000,279.2500,-2.5532,0.5805,-3.1338,0.0091,28.00,2.5833,220,eod
T,Long,2025-07-25T14:00:00+00:00,2025-07-25T16:15:00+00:00,28.2800,28.0600,2.6600,0.4507,2.2093,0.0059,277.00,2.2500,30,reversal
DIS,Short,2025-07-25T14:00:00+00:00,2025-07-25T19:45:00+00:00,121.4300,121.5000,-2.2847,0.4507,-2.7353,0.0028,-64.00,5.7500,30,eod
DIS,Long,2025-07-25T14:20:00+00:00,2025-07-25T19:45:00+00:00,121.1600,121.5000,-2.5461,0.6101,-3.1562,0.0034,64.00,5.4167,50,eod
AMD,Long,2025-07-28T14:00:00+00:00,2025-07-28T19:45:00+00:00,174.3600,173.3300,2.3137,0.3100,2.0036,0.0076,44.00,5.7500,30,eod
TSLA,Short,2025-07-28T14:10:00+00:00,2025-07-28T19:45:00+00:00,324.4600,326.2500,3.5701,0.3832,3.1869,0.0064,-24.00,5.5833,40,eod
FCX,Long,2025-07-28T14:20:00+00:00,2025-07-28T19:45:00+00:00,43.2500,43.7100,-3.0632,0.0914,-3.1547,0.0090,180.00,5.4167,50,eod
DIS,Short,2025-07-28T14:00:00+00:00,2025-07-28T19:45:00+00:00,120.6200,120.4300,-1.3875,0.3100,-1.6975,0.0030,-64.00,5.7500,30,eod
AAPL,Short,2025-07-29T14:00:00+00:00,2025-07-29T15:30:00+00:00,212.5300,212.0500,-2.2226,-1.1210,-1.1016,0.0040,-36.00,1.5000,30,reversal
AMD,Long,2025-07-29T14:00:00+00:00,2025-07-29T19:45:00+00:00,179.6500,177.6600,1.4777,-1.1210,2.5988,0.0083,43.00,5.7500,30,eod
TXN,Short,2025-07-29T14:00:00+00:00,2025-07-29T19:45:00+00:00,190.8800,191.1000,2.1243,-1.1210,3.2453,0.0038,-40.00,5.7500,30,eod
T,Long,2025-07-30T14:00:00+00:00,2025-07-30T18:10:00+00:00,27.6400,27.4500,1.7803,-0.1626,1.9429,0.0064,281.00,4.1667,30,reversal
SBUX,Long,2025-07-30T14:00:00+00:00,2025-07-30T19:45:00+00:00,90.8000,92.3300,-5.9713,-0.1626,-5.8087,0.0090,85.00,5.7500,30,eod
PYPL,Short,2025-07-30T14:00:00+00:00,2025-07-30T19:45:00+00:00,70.7600,69.7800,-3.0188,-0.1626,-2.8562,0.0039,-109.00,5.7500,30,eod
JPM,Short,2025-07-31T14:00:00+00:00,2025-07-31T14:50:00+00:00,297.8800,297.9700,-2.0683,-0.1501,-1.9182,0.0036,-26.00,0.8333,30,reversal
QCOM,Long,2025-07-31T14:00:00+00:00,2025-07-31T19:45:00+00:00,151.6200,147.1000,-4.7934,-0.1501,-4.6433,0.0058,51.00,5.7500,30,eod
CAT,Short,2025-07-31T14:00:00+00:00,2025-07-31T19:45:00+00:00,438.6400,438.4400,3.0633,-0.1501,3.2133,0.0021,-17.00,5.7500,30,eod
DE,Long,2025-07-31T14:00:00+00:00,2025-07-31T19:45:00+00:00,520.6100,524.5000,2.1559,-0.1501,2.3060,0.0032,15.00,5.7500,30,eod
AMZN,Long,2025-08-01T14:00:00+00:00,2025-08-01T14:55:00+00:00,218.1600,216.3600,0.0795,-2.8425,2.9220,0.0040,35.00,0.9167,30,reversal
AAPL,Short,2025-08-01T14:00:00+00:00,2025-08-01T19:45:00+00:00,206.2200,202.7500,-4.7385,-2.8425,-1.8960,0.0056,-37.00,5.7500,30,eod
AAPL,Long,2025-08-01T14:20:00+00:00,2025-08-01T19:45:00+00:00,204.9800,202.7500,-5.3396,-1.0006,-4.3390,0.0060,38.00,5.4167,50,eod
LIN,Short,2025-08-01T14:00:00+00:00,2025-08-01T19:45:00+00:00,461.2100,460.0500,3.5645,-2.8425,6.4070,0.0057,-16.00,5.7500,30,eod
META,Long,2025-08-04T15:25:00+00:00,2025-08-04T16:10:00+00:00,770.7000,770.4500,2.2133,1.1878,1.0255,0.0044,10.00,0.7500,115,reversal
SLB,Short,2025-08-04T14:00:00+00:00,2025-08-04T19:45:00+00:00,32.7900,32.8700,-0.9717,1.8958,-2.8675,0.0084,-235.00,5.7500,30,eod
LLY,Long,2025-08-04T14:00:00+00:00,2025-08-04T19:45:00+00:00,756.8700,768.9700,-2.0286,1.8958,-3.9244,0.0073,10.00,5.7500,30,eod
META,Long,2025-08-05T14:00:00+00:00,2025-08-05T14:30:00+00:00,779.6800,771.8800,1.6582,0.2931,1.3650,0.0035,9.00,0.5000,30,reversal
CAT,Long,2025-08-05T14:00:00+00:00,2025-08-05T15:00:00+00:00,431.1100,433.0300,-3.5070,0.2931,-3.8001,0.0038,17.00,1.0000,30,reversal
JPM,Short,2025-08-05T14:00:00+00:00,2025-08-05T19:45:00+00:00,291.9500,291.2300,-2.2661,0.2931,-2.5592,0.0042,-26.00,5.7500,30,eod
PFE,Short,2025-08-05T14:40:00+00:00,2025-08-05T19:45:00+00:00,24.7100,24.7900,1.8121,-2.0083,3.8203,0.0056,-312.00,5.0833,70,eod
DIS,Long,2025-08-06T14:00:00+00:00,2025-08-06T14:10:00+00:00,114.3700,113.7300,2.1072,0.7885,1.3187,0.0033,67.00,0.1667,30,reversal
LOW,Short,2025-08-06T14:00:00+00:00,2025-08-06T14:25:00+00:00,236.7000,237.6600,-1.7456,0.7885,-2.5341,0.0039,-32.00,0.4167,30,reversal
PFE,Long,2025-08-06T14:00:00+00:00,2025-08-06T19:45:00+00:00,24.2800,23.9200,-2.7002,0.7885,-3.4887,0.0048,317.00,5.7500,30,eod
COP,Long,2025-08-07T14:00:00+00:00,2025-08-07T16:30:00+00:00,91.6600,94.3000,-4.9002,0.4130,-5.3133,0.0069,83.00,2.5000,30,reversal
AMD,Long,2025-08-07T14:00:00+00:00,2025-08-07T19:45:00+00:00,171.4700,172.0400,1.8931,0.4130,1.4801,0.0109,44.00,5.7500,30,eod
AMD,Short,2025-08-07T15:00:00+00:00,2025-08-07T19:45:00+00:00,172.1500,172.0400,1.9539,-1.2266,3.1805,0.0126,-44.00,4.7500,90,eod
TXN,Short,2025-08-07T14:00:00+00:00,2025-08-07T19:45:00+00:00,187.8900,185.8800,-2.1632,0.4130,-2.5763,0.0066,-40.00,5.7500,30,eod
DIS,Long,2025-08-08T14:00:00+00:00,2025-08-08T14:30:00+00:00,113.6500,113.5700,2.8498,1.6296,1.2203,0.0034,68.00,0.5000,30,reversal
MU,Short,2025-08-08T15:25:00+00:00,2025-08-08T19:45:00+00:00,119.0600,118.7500,4.4236,1.4081,3.0155,0.0140,-64.00,4.3333,115,eod
LLY,Short,2025-08-08T14:00:00+00:00,2025-08-08T19:45:00+00:00,644.2000,626.2400,-1.2288,1.6296,-2.8583,0.0092,-12.00,5.7500,30,eod
LLY,Long,2025-08-08T14:05:00+00:00,2025-08-08T19:45:00+00:00,640.9700,626.2400,-2.0175,2.0253,-4.0428,0.0081,12.00,5.6667,35,eod
AVGO,Long,2025-08-11T14:00:00+00:00,2025-08-11T16:10:00+00:00,306.9500,306.9000,1.8295,0.7120,1.1175,0.0076,25.00,2.1667,30,reversal
XOM,Short,2025-08-11T14:00:00+00:00,2025-08-11T19:45:00+00:00,106.7600,106.0600,-1.9645,0.7120,-2.6765,0.0029,-72.00,5.7500,30,eod
NKE,Long,2025-08-11T14:00:00+00:00,2025-08-11T19:45:00+00:00,73.3800,74.0800,-3.0794,0.7120,-3.7914,0.0052,104.00,5.7500,30,eod
LIN,Long,2021-01-20T15:00:00+00:00,2021-01-20T15:15:00+00:00,260.2900,259.6100,2.1916,0.7393,1.4523,0.0047,96.00,0.2500,30,reversal
GOOGL,Long,2021-01-21T15:00:00+00:00,2021-01-21T15:15:00+00:00,96.5100,95.9700,1.9267,0.6201,1.3065,0.0067,258.00,0.2500,30,reversal
COP,Long,2021-01-21T15:05:00+00:00,2021-01-21T20:45:00+00:00,44.4400,43.1100,-2.3731,0.6747,-3.0477,0.0097,561.00,5.6667,35,eod
PFE,Short,2021-01-21T15:00:00+00:00,2021-01-21T20:45:00+00:00,36.1900,36.4600,-2.1558,0.6201,-2.7759,0.0028,-689.00,5.7500,30,eod
NFLX,Short,2021-01-22T15:00:00+00:00,2021-01-22T20:45:00+00:00,57.4200,56.6400,-1.4909,0.6763,-2.1671,0.0090,-428.00,5.7500,30,eod
PYPL,Long,2021-01-22T15:00:00+00:00,2021-01-22T20:45:00+00:00,251.8400,250.2600,2.5781,0.6763,1.9019,0.0076,97.00,5.7500,30,eod
NFLX,Short,2021-01-25T15:00:00+00:00,2021-01-25T16:10:00+00:00,55.8800,55.3200,-2.0828,0.1184,-2.2013,0.0086,-440.00,1.1667,30,reversal
QCOM,Long,2021-01-25T15:00:00+00:00,2021-01-25T20:45:00+00:00,166.3900,163.7700,1.7174,0.1184,1.5990,0.0064,148.00,5.7500,30,eod
TSLA,Short,2021-01-25T15:00:00+00:00,2021-01-25T20:45:00+00:00,299.7600,291.0200,4.5729,0.1184,4.4545,0.0120,-82.00,5.7500,30,eod
TXN,Short,2021-01-26T15:05:00+00:00,2021-01-26T20:45:00+00:00,174.2500,172.2200,2.8729,-0.3033,3.1762,0.0046,-142.00,5.6667,35,eod
GE,Short,2021-01-26T15:00:00+00:00,2021-01-26T20:45:00+00:00,58.5450,56.2052,-2.9427,-0.1953,-2.7474,0.0112,-423.00,5.7500,30,eod
FCX,Long,2021-01-26T15:00:00+00:00,2021-01-26T20:45:00+00:00,27.9200,27.1200,-3.8161,-0.1953,-3.6209,0.0112,888.00,5.7500,30,eod
T,Long,2021-01-26T15:00:00+00:00,2021-01-26T20:45:00+00:00,22.1100,22.4600,2.6415,-0.1953,2.8368,0.0026,1121.00,5.7500,30,eod
DIS,Short,2021-01-27T15:00:00+00:00,2021-01-27T16:35:00+00:00,161.9900,163.5900,-1.3444,1.4119,-2.7563,0.0078,-154.00,1.5833,30,reversal
T,Long,2021-01-27T15:00:00+00:00,2021-01-27T17:25:00+00:00,22.3900,22.1700,3.6081,1.4119,2.1962,0.0031,1119.00,2.4167,30,reversal
T,Short,2021-01-27T15:55:00+00:00,2021-01-27T17:25:00+00:00,22.6600,22.1700,4.2453,1.2246,3.0207,0.0055,-1105.00,1.5000,85,reversal
PFE,Long,2021-01-27T15:00:00+00:00,2021-01-27T20:45:00+00:00,36.3400,36.2000,-3.5985,1.4119,-5.0104,0.0037,689.00,5.7500,30,eod
TXN,Short,2021-01-28T15:00:00+00:00,2021-01-28T16:25:00+00:00,165.4100,168.5000,-1.5319,1.3470,-2.8789,0.0044,-152.00,1.4167,30,reversal
UNH,Long,2021-01-28T15:00:00+00:00,2021-01-28T18:10:00+00:00,341.8700,342.5400,2.8444,1.3470,1.4973,0.0065,73.00,3.1667,30,reversal
META,Long,2021-01-28T15:00:00+00:00,2021-01-28T20:45:00+00:00,274.1300,265.7200,-3.6815,1.3470,-5.0286,0.0103,91.00,5.7500,30,eod
SCHW,Long,2021-01-29T15:30:00+00:00,2021-01-29T16:15:00+00:00,51.1300,51.4600,-2.9971,0.1222,-3.1193,0.0058,482.00,0.7500,60,reversal
AAPL,Short,2021-01-29T15:10:00+00:00,2021-01-29T17:50:00+00:00,134.7900,131.1700,-1.7641,-0.4155,-1.3486,0.0080,-183.00,2.6667,40,reversal
AVGO,Short,2021-01-29T15:00:00+00:00,2021-01-29T20:45:00+00:00,45.3300,45.1900,2.1519,-1.4339,3.5859,0.0046,-546.00,5.7500,30,eod
COP,Long,2021-01-29T15:00:00+00:00,2021-01-29T20:45:00+00:00,41.4300,40.2000,1.5528,-1.4339,2.9867,0.0095,597.00,5.7500,30,eod
SCHW,Long,2021-02-01T15:00:00+00:00,2021-02-01T15:35:00+00:00,52.5900,52.3500,0.9206,-1.5724,2.4930,0.0058,471.00,0.5833,30,reversal
AMZN,Short,2021-02-01T15:00:00+00:00,2021-02-01T20:45:00+00:00,164.4400,167.0400,1.9235,-1.5724,3.4959,0.0050,-150.00,5.7500,30,eod
LOW,Short,2021-02-01T15:00:00+00:00,2021-02-01T20:45:00+00:00,163.8400,163.2500,-3.0009,-1.5724,-1.4285,0.0058,-151.00,5.7500,30,eod
LOW,Long,2021-02-01T15:20:00+00:00,2021-02-01T20:45:00+00:00,162.9300,163.2500,-3.6429,-0.4129,-3.2301,0.0063,152.00,5.4167,50,eod
TXN,Short,2021-02-02T15:00:00+00:00,2021-02-02T20:45:00+00:00,172.7000,174.8600,-2.4857,0.3783,-2.8640,0.0054,-142.00,5.7500,30,eod
TXN,Long,2021-02-02T15:05:00+00:00,2021-02-02T20:45:00+00:00,172.6100,174.8600,-2.8399,0.4445,-3.2844,0.0049,142.00,5.6667,35,eod
SBUX,Long,2021-02-02T15:00:00+00:00,2021-02-02T20:45:00+00:00,100.8600,101.9700,2.1879,0.3783,1.8097,0.0064,244.00,5.7500,30,eod
MU,Short,2021-02-03T15:00:00+00:00,2021-02-03T15:30:00+00:00,80.8000,80.0500,-2.2602,0.1144,-2.3747,0.0075,-307.00,0.5000,30,reversal
NVDA,Long,2021-02-03T15:00:00+00:00,2021-02-03T20:45:00+00:00,13.9000,13.5600,2.9363,0.1144,2.8218,0.0067,1785.00,5.7500,30,eod
COP,Short,2021-02-03T15:10:00+00:00,2021-02-03T20:45:00+00:00,42.2900,43.1300,1.9057,-1.3433,3.2489,0.0100,-585.00,5.5833,40,eod
BAC,Long,2021-02-04T15:00:00+00:00,2021-02-04T18:35:00+00:00,32.3800,32.3800,1.4552,-1.4062,2.8615,0.0053,756.00,3.5833,30,reversal
QCOM,Short,2021-02-04T15:00:00+00:00,2021-02-04T20:45:00+00:00,147.2300,147.5000,-2.8658,-1.4062,-1.4596,0.0083,-166.00,5.7500,30,eod
QCOM,Long,2021-02-04T15:15:00+00:00,2021-02-04T20:45:00+00:00,146.4600,147.5000,-2.9577,0.1919,-3.1496,0.0098,167.00,5.5000,45,eod
LLY,Short,2021-02-04T15:00:00+00:00,2021-02-04T20:45:00+00:00,199.2200,201.3400,1.9697,-1.4062,3.3760,0.0074,-123.00,5.7500,30,eod
DE,Short,2021-02-05T15:00:00+00:00,2021-02-05T15:25:00+00:00,308.2300,310.6000,-2.2466,-0.4610,-1.7856,0.0039,-79.00,0.4167,30,reversal
LIN,Long,2021-02-05T15:00:00+00:00,2021-02-05T20:45:00+00:00,254.8600,257.1500,2.1798,-0.4610,2.6408,0.0042,96.00,5.7500,30,eod
LIN,Short,2021-02-05T19:00:00+00:00,2021-02-05T20:45:00+00:00,259.3300,257.1500,3.3856,0.3471,3.0385,0.0079,-94.00,1.7500,270,eod
UNH,Long,2021-02-05T17:00:00+00:00,2021-02-05T20:45:00+00:00,324.9700,324.2500,-2.7238,0.3582,-3.0820,0.0086,75.00,3.7500,150,eod
AMD,Long,2021-02-08T15:00:00+00:00,2021-02-08T20:45:00+00:00,90.2900,91.2900,2.3456,0.9945,1.3511,0.0076,272.00,5.7500,30,eod
GOOGL,Short,2021-02-08T15:00:00+00:00,2021-02-08T20:45:00+00:00,104.4700,103.9200,-1.6308,0.9945,-2.6253,0.0059,-235.00,5.7500,30,eod
DIS,Short,2021-02-08T16:35:00+00:00,2021-02-08T20:45:00+00:00,188.5700,189.7900,2.4624,-0.6355,3.0979,0.0084,-130.00,4.1667,125,eod
SCHW,Short,2021-02-09T15:00:00+00:00,2021-02-09T16:20:00+00:00,55.0100,55.7100,-1.7677,1.1791,-2.9468,0.0058,-447.00,1.3333,30,reversal
NFLX,Long,2021-02-09T15:00:00+00:00,2021-02-09T20:45:00+00:00,56.1700,55.9200,2.9792,1.1791,1.8001,0.0080,438.00,5.7500,30,eod
LIN,Long,2021-02-09T15:00:00+00:00,2021-02-09T20:45:00+00:00,255.1700,256.2900,-2.2435,1.1791,-3.4227,0.0043,96.00,5.7500,30,eod
FCX,Long,2021-02-10T15:00:00+00:00,2021-02-10T15:25:00+00:00,32.2200,31.5400,-2.6239,0.5853,-3.2092,0.0124,760.00,0.4167,30,reversal
LOW,Short,2021-02-10T15:00:00+00:00,2021-02-10T15:25:00+00:00,176.6100,176.0200,-1.7399,0.5853,-2.3253,0.0062,-138.00,0.4167,30,reversal
NVDA,Long,2021-02-10T15:00:00+00:00,2021-02-10T20:45:00+00:00,14.7900,14.7300,2.4127,0.5853,1.8274,0.0083,1656.00,5.7500,30,eod
NVDA,Short,2021-02-10T15:15:00+00:00,2021-02-10T20:45:00+00:00,14.7400,14.7300,1.9106,-1.1435,3.0541,0.0087,-1654.00,5.5000,45,eod
PYPL,Long,2021-02-11T15:00:00+00:00,2021-02-11T19:15:00+00:00,293.7000,285.3500,1.7752,-0.4838,2.2590,0.0090,82.00,4.2500,30,reversal
CRM,Short,2021-02-11T15:00:00+00:00,2021-02-11T20:45:00+00:00,242.6800,240.6200,2.8796,-0.4838,3.3634,0.0055,-100.00,5.7500,30,eod
DE,Short,2021-02-11T15:00:00+00:00,2021-02-11T20:45:00+00:00,311.2800,314.0900,-2.6535,-0.4838,-2.1697,0.0042,-78.00,5.7500,30,eod
SCHW,Long,2021-02-12T15:00:00+00:00,2021-02-12T20:45:00+00:00,57.5500,58.1900,3.0100,1.1332,1.8768,0.0061,417.00,5.7500,30,eod
UNH,Short,2021-02-12T15:00:00+00:00,2021-02-12T20:45:00+00:00,328.6700,328.6500,-1.1562,1.1332,-2.2893,0.0053,-73.00,5.7500,30,eod
DIS,Long,2021-02-12T15:00:00+00:00,2021-02-12T20:45:00+00:00,188.0200,187.7700,-3.0057,1.1332,-4.1389,0.0066,127.00,5.7500,30,eod
LLY,Short,2021-02-16T15:00:00+00:00,2021-02-16T16:50:00+00:00,205.1300,204.5900,-1.6759,0.5947,-2.2706,0.0063,-117.00,1.8333,30,reversal
CAT,Short,2021-02-16T15:05:00+00:00,2021-02-16T20:45:00+00:00,203.7800,202.6700,3.4849,0.2200,3.2649,0.0046,-118.00,5.6667,35,eod
SCHW,Long,2021-02-16T15:00:00+00:00,2021-02-16T20:45:00+00:00,59.8300,60.9100,2.8759,0.5947,2.2812,0.0069,402.00,5.7500,30,eod
ADBE,Short,2021-02-17T15:00:00+00:00,2021-02-17T20:45:00+00:00,490.0500,490.5800,-2.1338,0.7282,-2.8620,0.0036,-49.00,5.7500,30,eod
FCX,Long,2021-02-17T15:00:00+00:00,2021-02-17T20:45:00+00:00,33.9300,34.1500,2.8719,0.7282,2.1437,0.0120,715.00,5.7500,30,eod
FCX,Short,2021-02-17T15:10:00+00:00,2021-02-17T20:45:00+00:00,34.4800,34.1500,3.5225,-0.1765,3.6990,0.0145,-707.00,5.5833,40,eod
GS,Long,2021-02-18T15:00:00+00:00,2021-02-18T15:40:00+00:00,313.3000,308.4600,2.3198,-0.3370,2.6568,0.0044,77.00,0.6667,30,reversal
HD,Short,2021-02-18T15:10:00+00:00,2021-02-18T18:00:00+00:00,284.1300,280.8900,2.0766,-1.1346,3.2112,0.0056,-85.00,2.8333,40,reversal
AMD,Short,2021-02-18T15:00:00+00:00,2021-02-18T20:45:00+00:00,87.7400,88.6600,-2.1503,-0.3370,-1.8133,0.0083,-278.00,5.7500,30,eod
DE,Long,2021-02-18T17:15:00+00:00,2021-02-18T20:45:00+00:00,302.1300,298.7000,-3.2971,-0.1970,-3.1001,0.0074,80.00,3.5000,165,eod
PFE,Short,2021-02-19T15:00:00+00:00,2021-02-19T17:20:00+00:00,34.4700,34.5400,-1.7902,-0.3034,-1.4868,0.0027,-702.00,2.3333,30,reversal
ADBE,Long,2021-02-19T15:00:00+00:00,2021-02-19T20:45:00+00:00,482.2000,478.6500,-3.6187,-0.3034,-3.3153,0.0032,50.00,5.7500,30,eod
CAT,Long,2021-02-19T15:00:00+00:00,2021-02-19T20:45:00+00:00,207.0500,210.0900,1.8196,-0.3034,2.1230,0.0047,116.00,5.7500,30,eod
DE,Short,2021-02-19T15:00:00+00:00,2021-02-19T20:45:00+00:00,330.9900,330.9500,4.4645,-0.3034,4.7679,0.0067,-73.00,5.7500,30,eod
NFLX,Short,2021-02-22T15:00:00+00:00,2021-02-22T15:25:00+00:00,53.3800,53.2700,0.0339,2.7883,-2.7544,0.0055,-453.00,0.4167,30,reversal
PFE,Long,2021-02-22T15:00:00+00:00,2021-02-22T15:35:00+00:00,34.0700,34.2300,-1.7073,2.7883,-4.4956,0.0029,710.00,0.5833,30,reversal
SLB,Short,2021-02-22T15:20:00+00:00,2021-02-22T20:45:00+00:00,27.6800,27.6000,3.0995,-0.5611,3.6606,0.0164,-875.00,5.4167,50,eod
GS,Long,2021-02-22T15:05:00+00:00,2021-02-22T20:45:00+00:00,320.2400,316.1000,3.8409,1.4580,2.3829,0.0047,75.00,5.6667,35,eod
MPC,Long,2021-02-23T15:00:00+00:00,2021-02-23T15:50:00+00:00,55.1100,55.6900,2.3666,-0.3223,2.6889,0.0072,438.00,0.8333,30,reversal
PYPL,Short,2021-02-23T15:00:00+00:00,2021-02-23T15:50:00+00:00,263.3500,266.4800,3.2125,-0.3223,3.5348,0.0097,-91.00,0.8333,30,reversal
HD,Long,2021-02-23T15:00:00+00:00,2021-02-23T18:00:00+00:00,258.4100,264.7600,-4.4514,-0.3223,-4.1290,0.0064,93.00,3.0000,30,reversal
SBUX,Short,2021-02-23T15:00:00+00:00,2021-02-23T20:45:00+00:00,101.2600,101.5600,-2.9047,-0.3223,-2.5824,0.0049,-238.00,5.7500,30,eod
GOOGL,Long,2021-02-24T15:00:00+00:00,2021-02-24T16:05:00+00:00,101.7000,102.6800,-1.1055,-3.9967,2.8912,0.0051,238.00,1.0833,30,reversal
CVX,Short,2021-02-24T15:00:00+00:00,2021-02-24T17:40:00+00:00,101.8500,102.6800,3.0477,-3.9967,7.0443,0.0055,-238.00,2.6667,30,reversal
LOW,Short,2021-02-24T15:15:00+00:00,2021-02-24T20:45:00+00:00,160.9600,162.5700,-3.9310,-1.8630,-2.0680,0.0081,-150.00,5.5000,45,eod
LOW,Long,2021-02-24T15:30:00+00:00,2021-02-24T20:45:00+00:00,163.1000,162.5700,-3.1471,0.1759,-3.3230,0.0060,148.00,5.2500,60,eod
MSFT,Long,2021-02-25T15:00:00+00:00,2021-02-25T20:45:00+00:00,233.7600,230.0700,0.5615,-2.3587,2.9202,0.0034,103.00,5.7500,30,eod
PFE,Short,2021-02-25T15:00:00+00:00,2021-02-25T20:45:00+00:00,34.0300,33.7400,2.0280,-2.3587,4.3867,0.0029,-708.00,5.7500,30,eod
TSLA,Short,2021-02-26T15:00:00+00:00,2021-02-26T15:10:00+00:00,224.8100,223.0400,-3.3869,-2.1761,-1.2108,0.0103,-106.00,0.1667,30,reversal
HD,Long,2021-02-26T15:00:00+00:00,2021-02-26T16:40:00+00:00,258.9700,258.7300,0.7930,-2.1761,2.9691,0.0073,92.00,1.6667,30,reversal
LOW,Short,2021-02-26T15:00:00+00:00,2021-02-26T16:45:00+00:00,161.7700,161.3000,1.2179,-2.1761,3.3940,0.0076,-148.00,1.7500,30,reversal
CRM,Long,2021-02-26T15:50:00+00:00,2021-02-26T20:45:00+00:00,220.1100,218.2100,-3.7316,-0.1447,-3.5869,0.0076,109.00,4.9167,80,eod
GE,Long,2021-03-01T15:00:00+00:00,2021-03-01T15:50:00+00:00,65.9627,65.5146,2.7455,0.0000,2.7455,0.0090,364.00,0.8333,30,reversal
AMZN,Short,2021-03-01T15:00:00+00:00,2021-03-01T20:45:00+00:00,155.4000,156.9700,-1.5157,0.0000,-1.5157,0.0042,-154.00,5.7500,30,eod
SBUX,Long,2021-03-01T15:00:00+00:00,2021-03-01T20:45:00+00:00,108.3000,106.8200,-3.4252,0.0000,-3.4252,0.0049,221.00,5.7500,30,eod
AVGO,Short,2021-03-02T15:00:00+00:00,2021-03-02T15:40:00+00:00,48.3500,48.1200,-2.4131,-1.2316,-1.1814,0.0035,-491.00,0.6667,30,reversal
FCX,Long,2021-03-02T15:00:00+00:00,2021-03-02T20:45:00+00:00,36.0000,35.3500,1.7068,-1.2316,2.9385,0.0174,659.00,5.7500,30,eod
FCX,Short,2021-03-02T15:15:00+00:00,2021-03-02T20:45:00+00:00,36.1600,35.3500,1.6504,-1.4974,3.1477,0.0208,-657.00,5.5000,45,eod
NFLX,Short,2021-03-03T15:00:00+00:00,2021-03-03T15:20:00+00:00,53.0800,52.6400,-5.0002,-2.9741,-2.0261,0.0057,-451.00,0.3333,30,reversal
MU,Short,2021-03-03T15:00:00+00:00,2021-03-03T20:45:00+00:00,92.8100,90.1800,3.5101,-2.9741,6.4842,0.0070,-258.00,5.7500,30,eod
TSLA,Long,2021-03-03T15:00:00+00:00,2021-03-03T20:45:00+00:00,229.3800,220.1200,-0.2514,-2.9741,2.7227,0.0100,104.00,5.7500,30,eod
MU,Short,2021-03-04T15:10:00+00:00,2021-03-04T15:20:00+00:00,85.5200,85.5500,-4.2632,-2.9188,-1.3444,0.0099,-279.00,0.1667,40,reversal
PFE,Short,2021-03-04T15:00:00+00:00,2021-03-04T17:10:00+00:00,35.0400,34.5600,3.7347,-3.9574,7.6921,0.0038,-682.00,2.1667,30,reversal
META,Long,2021-03-04T15:00:00+00:00,2021-03-04T20:45:00+00:00,256.9600,258.0300,-1.0688,-3.9574,2.8886,0.0059,93.00,5.7500,30,eod
CRM,Short,2021-03-05T15:00:00+00:00,2021-03-05T16:30:00+00:00,208.4300,204.3300,-2.6398,-1.6262,-1.0137,0.0070,-115.00,1.5000,30,reversal
PFE,Long,2021-03-05T15:00:00+00:00,2021-03-05T17:45:00+00:00,34.3200,34.1600,1.0775,-1.6262,2.7037,0.0038,699.00,2.7500,30,reversal
GS,Long,2021-03-05T17:35:00+00:00,2021-03-05T20:45:00+00:00,323.6800,326.6300,-3.4545,-0.3724,-3.0821,0.0089,74.00,3.1667,185,eod
T,Short,2021-03-05T15:00:00+00:00,2021-03-05T20:45:00+00:00,22.2600,22.4200,2.7397,-1.6262,4.3659,0.0038,-1079.00,5.7500,30,eod
XOM,Short,2021-03-08T15:00:00+00:00,2021-03-08T17:00:00+00:00,60.4400,60.8700,-1.4600,0.4355,-1.8955,0.0057,-398.00,2.0000,30,reversal
XOM,Long,2021-03-08T15:05:00+00:00,2021-03-08T17:00:00+00:00,60.2300,60.8700,-1.5492,1.5738,-3.1230,0.0076,401.00,1.9167,35,reversal
LIN,Long,2021-03-08T15:00:00+00:00,2021-03-08T20:45:00+00:00,250.4000,255.0500,1.6805,0.4355,1.2450,0.0042,96.00,5.7500,30,eod
LIN,Short,2021-03-08T16:30:00+00:00,2021-03-08T20:45:00+00:00,256.2300,255.0500,3.8213,0.7381,3.0832,0.0080,-94.00,4.2500,120,eod
CAT,Short,2021-03-09T15:00:00+00:00,2021-03-09T15:55:00+00:00,218.3700,221.3100,-1.4499,1.3943,-2.8442,0.0047,-111.00,0.9167,30,reversal
META,Long,2021-03-09T15:10:00+00:00,2021-03-09T17:15:00+00:00,264.7700,265.0100,2.1610,1.0078,1.1532,0.0072,92.00,2.0833,40,reversal
GE,Short,2021-03-10T15:00:00+00:00,2021-03-10T15:30:00+00:00,65.7635,66.1120,-1.4821,0.1075,-1.5896,0.0120,-369.00,0.5000,30,reversal
DE,Long,2021-03-10T15:00:00+00:00,2021-03-10T20:45:00+00:00,358.6100,361.1500,1.4509,0.1075,1.3435,0.0089,67.00,5.7500,30,eod
T,Short,2021-03-10T15:35:00+00:00,2021-03-10T20:45:00+00:00,22.6100,22.6700,1.8664,-1.7132,3.5796,0.0057,-1070.00,5.1667,65,eod
XOM,Long,2021-03-11T15:00:00+00:00,2021-03-11T16:40:00+00:00,62.1100,62.0200,1.7676,-0.0871,1.8547,0.0050,390.00,1.6667,30,reversal
GE,Short,2021-03-11T15:00:00+00:00,2021-03-11T20:45:00+00:00,60.5861,60.6856,-1.5289,-0.0871,-1.4418,0.0126,-400.00,5.7500,30,eod
MPC,Short,2021-03-12T15:00:00+00:00,2021-03-12T16:05:00+00:00,57.5600,57.9400,-2.0254,0.6341,-2.6595,0.0078,-420.00,1.0833,30,reversal
T,Long,2021-03-12T15:00:00+00:00,2021-03-12T17:35:00+00:00,22.9200,22.6500,2.7571,0.6341,2.1230,0.0050,1056.00,2.5833,30,reversal
T,Short,2021-03-12T15:05:00+00:00,2021-03-12T17:35:00+00:00,23.0100,22.6500,3.7004,0.4180,3.2824,0.0048,-1052.00,2.5000,35,reversal
AAPL,Long,2021-03-15T14:00:00+00:00,2021-03-15T19:45:00+00:00,123.2700,123.7300,2.1869,0.8858,1.3012,0.0090,196.00,5.7500,30,eod
XOM,Long,2021-03-15T14:00:00+00:00,2021-03-15T19:45:00+00:00,60.3000,60.2700,-3.4811,0.8858,-4.3669,0.0058,402.00,5.7500,30,eod
COP,Short,2021-03-15T14:00:00+00:00,2021-03-15T19:45:00+00:00,57.2100,58.0300,-2.0875,0.8858,-2.9732,0.0094,-424.00,5.7500,30,eod
LLY,Long,2021-03-16T14:00:00+00:00,2021-03-16T16:25:00+00:00,187.3100,190.6900,-2.3143,0.8551,-3.1694,0.0064,128.00,2.4167,30,reversal
MSFT,Long,2021-03-16T14:00:00+00:00,2021-03-16T19:45:00+00:00,238.7100,238.2900,2.3908,0.8551,1.5357,0.0043,101.00,5.7500,30,eod
SLB,Short,2021-03-16T14:00:00+00:00,2021-03-16T19:45:00+00:00,28.0500,28.0700,-2.0246,0.8551,-2.8797,0.0085,-861.00,5.7500,30,eod
PFE,Long,2021-03-17T14:00:00+00:00,2021-03-17T15:10:00+00:00,35.1800,35.5600,-2.0268,0.9875,-3.0143,0.0043,689.00,1.1667,30,reversal
META,Long,2021-03-17T14:05:00+00:00,2021-03-17T19:35:00+00:00,280.4700,283.3600,2.2849,0.8448,1.4401,0.0059,86.00,5.5000,35,reversal
COP,Short,2021-03-17T14:00:00+00:00,2021-03-17T19:45:00+00:00,56.2700,56.4900,-1.4946,0.9875,-2.4821,0.0089,-430.00,5.7500,30,eod
NKE,Short,2021-03-18T14:35:00+00:00,2021-03-18T15:15:00+00:00,144.2200,145.0300,-1.3999,-0.1898,-1.2100,0.0075,-168.00,0.6667,65,reversal
DE,Long,2021-03-18T14:00:00+00:00,2021-03-18T19:45:00+00:00,386.6700,379.7600,1.6977,-0.6138,2.3115,0.0069,62.00,5.7500,30,eod
DE,Short,2021-03-18T14:05:00+00:00,2021-03-18T19:45:00+00:00,388.5000,379.7600,2.2703,-0.8808,3.1511,0.0072,-62.00,5.6667,35,eod
DIS,Long,2021-03-19T14:00:00+00:00,2021-03-19T16:05:00+00:00,191.8200,191.9200,0.8887,-1.6087,2.4974,0.0069,127.00,2.0833,30,reversal
LIN,Short,2021-03-19T14:00:00+00:00,2021-03-19T18:10:00+00:00,264.7800,268.5500,-3.0713,-1.6087,-1.4627,0.0034,-92.00,4.1667,30,reversal
SCHW,Short,2021-03-19T14:00:00+00:00,2021-03-19T19:45:00+00:00,65.6200,66.2700,1.5253,-1.6087,3.1340,0.0073,-373.00,5.7500,30,eod
AVGO,Short,2021-03-22T14:00:00+00:00,2021-03-22T19:45:00+00:00,47.2800,47.5500,-1.3797,0.4216,-1.8013,0.0089,-513.00,5.7500,30,eod
NFLX,Long,2021-03-22T14:00:00+00:00,2021-03-22T19:45:00+00:00,52.2700,52.3500,2.2389,0.4216,1.8172,0.0076,464.00,5.7500,30,eod
JPM,Long,2021-03-22T16:10:00+00:00,2021-03-22T19:45:00+00:00,150.8900,150.9200,-1.3246,1.8172,-3.1418,0.0112,160.00,3.5833,160,eod
SLB,Short,2021-03-23T14:00:00+00:00,2021-03-23T15:00:00+00:00,27.6900,27.0200,3.9047,-0.0659,3.9706,0.0073,-874.00,1.0000,30,reversal
CVX,Long,2021-03-23T14:00:00+00:00,2021-03-23T19:45:00+00:00,102.7200,102.0600,2.7743,-0.0659,2.8401,0.0064,235.00,5.7500,30,eod
PFE,Short,2021-03-23T14:00:00+00:00,2021-03-23T19:45:00+00:00,35.7100,35.3600,-1.2868,-0.0659,-1.2210,0.0045,-678.00,5.7500,30,eod
PFE,Long,2021-03-23T15:05:00+00:00,2021-03-23T19:45:00+00:00,35.5200,35.3600,-2.3996,0.9443,-3.3439,0.0046,687.00,4.6667,95,eod
ADBE,Short,2021-03-24T14:00:00+00:00,2021-03-24T19:45:00+00:00,452.6400,452.3100,-2.5017,-1.2443,-1.2574,0.0073,-53.00,5.7500,30,eod
CVX,Short,2021-03-24T14:00:00+00:00,2021-03-24T19:45:00+00:00,105.0400,104.7900,2.0946,-1.2443,3.3389,0.0070,-231.00,5.7500,30,eod
LOW,Long,2021-03-24T14:00:00+00:00,2021-03-24T19:45:00+00:00,183.8500,181.7600,1.5873,-1.2443,2.8316,0.0064,132.00,5.7500,30,eod
UNH,Long,2021-03-25T14:00:00+00:00,2021-03-25T15:25:00+00:00,366.4000,366.7700,-1.7180,1.9804,-3.6984,0.0040,66.00,1.4167,30,reversal
META,Long,2021-03-25T14:00:00+00:00,2021-03-25T15:40:00+00:00,287.6200,279.5500,3.0774,1.9804,1.0971,0.0072,84.00,1.6667,30,reversal
NFLX,Short,2021-03-25T14:00:00+00:00,2021-03-25T19:45:00+00:00,51.5100,50.4200,-0.9103,1.9804,-2.8907,0.0053,-470.00,5.7500,30,eod
LOW,Short,2021-03-25T14:50:00+00:00,2021-03-25T19:45:00+00:00,182.3900,185.3300,1.7987,-1.3194,3.1181,0.0073,-132.00,4.9167,80,eod
GS,Long,2021-03-26T17:25:00+00:00,2021-03-26T19:45:00+00:00,328.0700,325.6100,-1.9702,1.0427,-3.0128,0.0095,73.00,2.3333,235,eod
SCHW,Short,2021-03-26T14:00:00+00:00,2021-03-26T19:45:00+00:00,65.3900,65.5300,-1.6601,1.2648,-2.9249,0.0059,-367.00,5.7500,30,eod
NKE,Long,2021-03-26T14:00:00+00:00,2021-03-26T19:45:00+00:00,132.2900,132.2200,2.6428,1.2648,1.3780,0.0054,181.00,5.7500,30,eod
NKE,Short,2021-03-26T14:20:00+00:00,2021-03-26T19:45:00+00:00,132.9900,132.2200,3.0464,0.0291,3.0173,0.0065,-180.00,5.4167,50,eod
CAT,Short,2021-03-29T14:00:00+00:00,2021-03-29T16:55:00+00:00,231.7900,229.0300,2.8604,-1.7531,4.6135,0.0044,-103.00,2.9167,30,reversal
JPM,Long,2021-03-29T14:00:00+00:00,2021-03-29T17:05:00+00:00,153.4100,153.1300,1.1857,-1.7531,2.9388,0.0048,156.00,3.0833,30,reversal
LOW,Short,2021-03-29T14:10:00+00:00,2021-03-29T19:45:00+00:00,188.3600,188.7100,-3.2216,-1.6859,-1.5357,0.0061,-127.00,5.5833,40,eod
LOW,Long,2021-03-30T14:00:00+00:00,2021-03-30T15:35:00+00:00,189.4100,189.4500,1.1760,-0.3335,1.5096,0.0069,126.00,1.5833,30,reversal
PFE,Short,2021-03-30T14:00:00+00:00,2021-03-30T19:45:00+00:00,36.2700,36.1000,-1.5271,-0.3335,-1.1935,0.0047,-663.00,5.7500,30,eod
PFE,Long,2021-03-30T15:30:00+00:00,2021-03-30T19:45:00+00:00,36.0900,36.1000,-1.8910,1.2160,-3.1070,0.0064,667.00,4.2500,120,eod
MSFT,Long,2021-03-31T19:00:00+00:00,2021-03-31T19:45:00+00:00,238.8300,236.9600,3.6335,1.7521,1.8814,0.0073,100.00,0.7500,330,eod
COP,Short,2021-03-31T14:00:00+00:00,2021-03-31T19:45:00+00:00,53.0200,53.1600,-1.2126,1.7050,-2.9176,0.0085,-453.00,5.7500,30,eod
CAT,Long,2021-03-31T14:00:00+00:00,2021-03-31T19:45:00+00:00,233.3900,232.4300,-2.3726,1.7050,-4.0776,0.0046,103.00,5.7500,30,eod
LIN,Short,2021-04-01T14:00:00+00:00,2021-04-01T15:55:00+00:00,277.7100,279.8600,-2.1691,0.0362,-2.2053,0.0029,-86.00,1.9167,30,reversal
CRM,Long,2021-04-01T14:00:00+00:00,2021-04-01T19:45:00+00:00,217.1800,218.5700,1.8606,0.0362,1.8244,0.0050,110.00,5.7500,30,eod
MSFT,Long,2021-04-05T14:00:00+00:00,2021-04-05T16:35:00+00:00,247.6300,249.1500,2.2791,0.8176,1.4614,0.0062,96.00,2.5833,30,reversal
GS,Short,2021-04-05T14:00:00+00:00,2021-04-05T19:45:00+00:00,327.5100,323.6300,-1.6920,0.8176,-2.5096,0.0068,-72.00,5.7500,30,eod
GS,Long,2021-04-05T14:10:00+00:00,2021-04-05T19:45:00+00:00,325.7500,323.6300,-2.1558,0.9005,-3.0563,0.0078,73.00,5.5833,40,eod
SLB,Long,2021-04-06T14:00:00+00:00,2021-04-06T14:55:00+00:00,28.2900,28.0100,2.1702,0.9080,1.2622,0.0083,845.00,0.9167,30,reversal
UNH,Short,2021-04-06T14:00:00+00:00,2021-04-06T19:45:00+00:00,365.6600,364.2200,-1.6668,0.9080,-2.5748,0.0037,-65.00,5.7500,30,eod
UNH,Long,2021-04-06T14:45:00+00:00,2021-04-06T19:45:00+00:00,363.0200,364.2200,-2.5086,0.7720,-3.2806,0.0053,65.00,5.0000,75,eod
PYPL,Long,2021-04-07T14:15:00+00:00,2021-04-07T15:30:00+00:00,258.5500,254.5900,2.5664,1.4181,1.1483,0.0111,92.00,1.2500,45,reversal
CAT,Long,2021-04-07T14:00:00+00:00,2021-04-07T19:45:00+00:00,231.1200,230.1800,-2.0955,1.2325,-3.3280,0.0051,103.00,5.7500,30,eod
DE,Short,2021-04-07T14:00:00+00:00,2021-04-07T19:45:00+00:00,374.8700,374.2100,-1.5967,1.2325,-2.8292,0.0055,-63.00,5.7500,30,eod
NFLX,Long,2021-04-08T14:00:00+00:00,2021-04-08T14:45:00+00:00,55.3900,54.9300,1.6482,0.0593,1.5888,0.0047,428.00,0.7500,30,reversal
DE,Short,2021-04-08T14:00:00+00:00,2021-04-08T17:15:00+00:00,368.9100,373.4500,-2.0312,0.0593,-2.0905,0.0059,-64.00,3.2500,30,reversal
PFE,Long,2021-04-09T14:00:00+00:00,2021-04-09T15:45:00+00:00,36.6600,36.4600,2.6051,0.9101,1.6950,0.0048,642.00,1.7500,30,reversal
DE,Short,2021-04-09T14:00:00+00:00,2021-04-09T19:45:00+00:00,373.6500,377.2300,-1.7790,0.9101,-2.6892,0.0058,-63.00,5.7500,30,eod
GE,Long,2021-04-09T14:00:00+00:00,2021-04-09T19:45:00+00:00,67.6055,67.5059,-2.4227,0.9101,-3.3328,0.0039,348.00,5.7500,30,eod
FCX,Short,2021-04-12T14:00:00+00:00,2021-04-12T14:45:00+00:00,33.1900,33.3800,-1.7380,0.0581,-1.7962,0.0062,-705.00,0.7500,30,reversal
NVDA,Short,2021-04-12T18:00:00+00:00,2021-04-12T19:45:00+00:00,14.9800,15.2800,3.1748,0.1305,3.0444,0.0138,-1554.00,1.7500,270,eod
AMD,Long,2021-04-12T17:35:00+00:00,2021-04-12T19:45:00+00:00,79.1700,78.5600,-2.9821,0.2122,-3.1943,0.0105,294.00,2.1667,245,eod
TSLA,Long,2021-04-12T14:00:00+00:00,2021-04-12T19:45:00+00:00,234.1100,233.9700,2.8108,0.0581,2.7526,0.0097,100.00,5.7500,30,eod
LLY,Long,2021-04-13T14:00:00+00:00,2021-04-13T14:10:00+00:00,182.9500,182.1900,2.4996,0.8649,1.6347,0.0024,126.00,0.1667,30,reversal
DE,Short,2021-04-13T14:00:00+00:00,2021-04-13T19:45:00+00:00,378.9700,379.2600,-1.9091,0.8649,-2.7740,0.0064,-61.00,5.7500,30,eod
FCX,Long,2021-04-13T14:00:00+00:00,2021-04-13T19:45:00+00:00,33.4100,33.8200,-3.6658,0.8649,-4.5306,0.0069,691.00,5.7500,30,eod
NFLX,Short,2021-04-14T14:00:00+00:00,2021-04-14T17:35:00+00:00,54.6900,54.4900,-2.4914,-0.0884,-2.4029,0.0043,-423.00,3.5833,30,reversal
GS,Short,2021-04-14T14:05:00+00:00,2021-04-14T19:45:00+00:00,340.0900,335.0600,3.7796,0.0600,3.7195,0.0068,-68.00,5.6667,35,eod
DIS,Long,2021-04-14T14:00:00+00:00,2021-04-14T19:45:00+00:00,189.8400,187.3600,2.5853,-0.0884,2.6737,0.0051,121.00,5.7500,30,eod
DE,Short,2021-04-15T14:00:00+00:00,2021-04-15T19:45:00+00:00,379.5900,381.2500,-2.3546,-0.1684,-2.1862,0.0068,-61.00,5.7500,30,eod
BAC,Long,2021-04-15T14:00:00+00:00,2021-04-15T19:45:00+00:00,38.5200,38.7100,-3.9313,-0.1684,-3.7629,0.0048,601.00,5.7500,30,eod
UNH,Long,2021-04-15T14:00:00+00:00,2021-04-15T19:45:00+00:00,388.0300,389.4400,1.8880,-0.1684,2.0564,0.0040,59.00,5.7500,30,eod
LLY,Short,2021-04-15T14:00:00+00:00,2021-04-15T19:45:00+00:00,185.7300,185.9800,3.7770,-0.1684,3.9454,0.0031,-124.00,5.7500,30,eod
LLY,Long,2021-04-16T14:00:00+00:00,2021-04-16T15:25:00+00:00,189.0600,188.3700,2.0272,0.2074,1.8198,0.0031,122.00,1.4167,30,reversal
COP,Short,2021-04-16T14:00:00+00:00,2021-04-16T19:45:00+00:00,51.2800,51.1600,-2.6766,0.2074,-2.8840,0.0057,-451.00,5.7500,30,eod
MPC,Long,2021-04-16T14:00:00+00:00,2021-04-16T19:45:00+00:00,54.0000,54.4400,-4.4615,0.2074,-4.6689,0.0056,428.00,5.7500,30,eod
TSLA,Short,2021-04-19T14:00:00+00:00,2021-04-19T14:50:00+00:00,231.6100,234.0000,-3.2657,-1.0845,-2.1812,0.0103,-100.00,0.8333,30,reversal
DIS,Long,2021-04-19T14:00:00+00:00,2021-04-19T15:15:00+00:00,189.4000,186.9000,1.5095,-1.0845,2.5940,0.0045,122.00,1.2500,30,reversal
HD,Short,2021-04-19T14:10:00+00:00,2021-04-19T19:45:00+00:00,328.0200,327.2600,1.2149,-1.9102,3.1251,0.0048,-70.00,5.5833,40,eod
QCOM,Long,2021-04-20T14:00:00+00:00,2021-04-20T19:45:00+00:00,134.2600,133.7200,1.6934,0.3654,1.3280,0.0043,171.00,5.7500,30,eod
CVX,Short,2021-04-20T14:00:00+00:00,2021-04-20T19:45:00+00:00,101.5400,101.3500,-2.6151,0.3654,-2.9804,0.0042,-226.00,5.7500,30,eod
DE,Long,2021-04-20T17:45:00+00:00,2021-04-20T19:45:00+00:00,367.1400,370.7500,-4.2939,-1.2576,-3.0364,0.0079,62.00,2.0000,255,eod
UNH,Short,2021-04-20T15:15:00+00:00,2021-04-20T19:45:00+00:00,394.3700,395.6100,1.3260,-1.8951,3.2211,0.0055,-58.00,4.5000,105,eod
GOOGL,Long,2021-04-21T14:00:00+00:00,2021-04-21T19:45:00+00:00,112.6800,113.6700,-1.8951,1.3220,-3.2171,0.0038,204.00,5.7500,30,eod
LIN,Long,2021-04-21T14:00:00+00:00,2021-04-21T19:45:00+00:00,290.3600,292.1300,3.9539,1.3220,2.6319,0.0024,79.00,5.7500,30,eod
LIN,Short,2021-04-21T14:35:00+00:00,2021-04-21T19:45:00+00:00,290.9600,292.1300,4.4366,0.9321,3.5046,0.0026,-78.00,5.1667,65,eod
UNH,Short,2021-04-21T14:00:00+00:00,2021-04-21T19:45:00+00:00,397.6800,399.0400,-1.1763,1.3220,-2.4983,0.0050,-57.00,5.7500,30,eod
T,Short,2021-04-22T14:00:00+00:00,2021-04-22T14:55:00+00:00,23.9000,23.6300,3.6292,-0.7224,4.3516,0.0031,-961.00,0.9167,30,reversal
AMD,Short,2021-04-22T14:00:00+00:00,2021-04-22T17:20:00+00:00,80.3500,79.6700,-2.2515,-0.7224,-1.5291,0.0062,-286.00,3.3333,30,reversal
MU,Long,2021-04-22T14:30:00+00:00,2021-04-22T19:45:00+00:00,85.4700,84.6900,-2.0306,1.0258,-3.0563,0.0098,269.00,5.2500,60,eod
LIN,Long,2021-04-22T14:00:00+00:00,2021-04-22T19:45:00+00:00,290.2600,288.4400,1.3078,-0.7224,2.0302,0.0024,79.00,5.7500,30,eod
NFLX,Short,2021-04-23T14:00:00+00:00,2021-04-23T19:45:00+00:00,50.5100,50.6900,-0.8440,0.8704,-1.7143,0.0049,-455.00,5.7500,30,eod
NFLX,Long,2021-04-23T15:25:00+00:00,2021-04-23T19:45:00+00:00,50.1900,50.6900,-1.4207,1.7275,-3.1482,0.0074,460.00,4.3333,115,eod
SLB,Long,2021-04-23T14:00:00+00:00,2021-04-23T19:45:00+00:00,25.3200,25.7200,2.3994,0.8704,1.5290,0.0112,907.00,5.7500,30,eod
AMD,Long,2021-04-26T14:00:00+00:00,2021-04-26T19:45:00+00:00,85.1900,85.1600,3.2748,0.5866,2.6882,0.0087,272.00,5.7500,30,eod
NKE,Short,2021-04-26T14:00:00+00:00,2021-04-26T19:45:00+00:00,130.3800,131.1800,-2.1022,0.5866,-2.6888,0.0033,-177.00,5.7500,30,eod
SBUX,Long,2021-04-26T14:00:00+00:00,2021-04-26T19:45:00+00:00,115.5900,115.6700,-2.5639,0.5866,-3.1505,0.0036,200.00,5.7500,30,eod
CAT,Long,2021-04-27T14:00:00+00:00,2021-04-27T19:45:00+00:00,229.9000,230.7000,0.1934,-2.5559,2.7493,0.0063,100.00,5.7500,30,eod
LIN,Short,2021-04-27T14:00:00+00:00,2021-04-27T19:45:00+00:00,289.0600,290.6400,1.5866,-2.5559,4.1424,0.0023,-79.00,5.7500,30,eod
PYPL,Short,2021-04-27T16:35:00+00:00,2021-04-27T19:45:00+00:00,268.6000,269.2500,-1.7209,-0.6946,-1.0263,0.0101,-85.00,3.1667,185,eod
GOOGL,Long,2021-04-28T14:00:00+00:00,2021-04-28T15:20:00+00:00,120.9800,118.9500,3.8228,2.3142,1.5086,0.0044,190.00,1.3333,30,reversal
AMD,Long,2021-04-28T14:00:00+00:00,2021-04-28T19:45:00+00:00,86.0100,84.0900,-2.2583,2.3142,-4.5725,0.0092,268.00,5.7500,30,eod
AVGO,Short,2021-04-28T14:00:00+00:00,2021-04-28T19:45:00+00:00,46.2600,45.9300,-0.4664,2.3142,-2.7805,0.0042,-498.00,5.7500,30,eod
AAPL,Short,2021-04-29T14:00:00+00:00,2021-04-29T14:35:00+00:00,134.0900,133.9600,-3.9118,-2.1887,-1.7230,0.0034,-170.00,0.5833,30,reversal
AMD,Long,2021-04-29T14:00:00+00:00,2021-04-29T19:45:00+00:00,84.6900,83.6800,0.7250,-2.1887,2.9137,0.0090,269.00,5.7500,30,eod
MSFT,Long,2021-04-29T14:55:00+00:00,2021-04-29T19:45:00+00:00,250.2800,252.7300,-5.2409,-2.2245,-3.0164,0.0041,90.00,4.8333,85,eod
SBUX,Short,2021-04-29T14:00:00+00:00,2021-04-29T19:45:00+00:00,114.1100,114.4100,2.5918,-2.1887,4.7805,0.0035,-199.00,5.7500,30,eod
MPC,Long,2021-04-30T14:00:00+00:00,2021-04-30T14:25:00+00:00,57.0200,56.3400,2.3564,1.0713,1.2851,0.0080,398.00,0.4167,30,reversal
QCOM,Short,2021-04-30T14:00:00+00:00,2021-04-30T19:45:00+00:00,139.9300,138.9300,-1.9023,1.0713,-2.9736,0.0060,-162.00,5.7500,30,eod
QCOM,Long,2021-04-30T14:05:00+00:00,2021-04-30T19:45:00+00:00,139.8800,138.9300,-1.9655,1.0942,-3.0598,0.0060,162.00,5.6667,35,eod
PFE,Long,2021-05-03T14:00:00+00:00,2021-05-03T14:45:00+00:00,39.0700,39.5100,-3.1992,-0.0529,-3.1462,0.0029,578.00,0.7500,30,reversal
AMD,Short,2021-05-03T14:00:00+00:00,2021-05-03T15:15:00+00:00,80.1500,79.1100,-1.6839,-0.0529,-1.6309,0.0095,-281.00,1.2500,30,reversal
HD,Short,2021-05-03T15:05:00+00:00,2021-05-03T19:45:00+00:00,330.8100,330.3600,2.2873,-0.9872,3.2745,0.0047,-68.00,4.6667,95,eod
SBUX,Long,2021-05-03T14:00:00+00:00,2021-05-03T19:45:00+00:00,116.0800,115.7200,1.8890,-0.0529,1.9419,0.0039,194.00,5.7500,30,eod
GOOGL,Short,2021-05-04T15:30:00+00:00,2021-05-04T18:00:00+00:00,113.3500,114.1300,-3.7849,-2.6775,-1.1074,0.0055,-200.00,2.5000,120,reversal
AMD,Long,2021-05-04T14:00:00+00:00,2021-05-04T19:45:00+00:00,77.3900,78.1500,-0.2301,-3.2071,2.9770,0.0095,293.00,5.7500,30,eod
LLY,Short,2021-05-04T14:00:00+00:00,2021-05-04T19:45:00+00:00,188.6500,187.6000,1.0978,-3.2071,4.3049,0.0056,-120.00,5.7500,30,eod
PFE,Short,2021-05-05T14:00:00+00:00,2021-05-05T18:55:00+00:00,41.0000,39.9700,3.3594,-2.3236,5.6830,0.0040,-555.00,4.9167,30,reversal
LOW,Short,2021-05-05T14:10:00+00:00,2021-05-05T19:25:00+00:00,200.6200,200.4500,-2.8070,-1.7577,-1.0492,0.0038,-113.00,5.2500,40,reversal
GS,Long,2021-05-05T14:00:00+00:00,2021-05-05T19:45:00+00:00,350.9200,357.8100,0.5947,-2.3236,2.9183,0.0054,64.00,5.7500,30,eod
COP,Short,2021-05-06T14:00:00+00:00,2021-05-06T19:45:00+00:00,54.0000,55.5400,-1.9842,0.2422,-2.2264,0.0087,-427.00,5.7500,30,eod
LOW,Long,2021-05-06T14:00:00+00:00,2021-05-06T19:45:00+00:00,201.9000,205.6300,1.7858,0.2422,1.5437,0.0037,114.00,5.7500,30,eod
PFE,Short,2021-05-06T14:00:00+00:00,2021-05-06T19:45:00+00:00,38.7800,39.1300,3.3191,0.2422,3.0770,0.0046,-594.00,5.7500,30,eod
COIN,Long,2021-05-06T14:35:00+00:00,2021-05-06T19:45:00+00:00,258.4400,258.0700,-2.3300,0.7703,-3.1003,0.0174,89.00,5.1667,65,eod
NKE,Long,2021-05-07T14:00:00+00:00,2021-05-07T19:45:00+00:00,138.1300,138.1000,4.2255,1.4593,2.7662,0.0039,165.00,5.7500,30,eod
NKE,Short,2021-05-07T14:10:00+00:00,2021-05-07T19:45:00+00:00,138.8400,138.1000,4.9841,1.8934,3.0906,0.0043,-164.00,5.5833,40,eod
PFE,Short,2021-05-07T14:00:00+00:00,2021-05-07T19:45:00+00:00,39.5400,39.6200,-0.5030,1.4593,-1.9623,0.0045,-578.00,5.7500,30,eod
PFE,Long,2021-05-07T14:15:00+00:00,2021-05-07T19:45:00+00:00,39.4100,39.6200,-1.5327,2.1226,-3.6553,0.0036,582.00,5.5000,45,eod
QCOM,Short,2021-05-10T14:00:00+00:00,2021-05-10T19:45:00+00:00,132.2700,129.0300,-2.7429,-0.9460,-1.7969,0.0076,-173.00,5.7500,30,eod
LOW,Short,2021-05-10T14:00:00+00:00,2021-05-10T19:45:00+00:00,211.5300,212.0400,3.0297,-0.9460,3.9756,0.0043,-108.00,5.7500,30,eod
SBUX,Long,2021-05-10T14:00:00+00:00,2021-05-10T19:45:00+00:00,115.7300,114.6600,2.0333,-0.9460,2.9793,0.0042,198.00,5.7500,30,eod
ADBE,Long,2021-05-11T14:25:00+00:00,2021-05-11T19:45:00+00:00,476.1100,485.6100,2.8096,1.1722,1.6374,0.0046,48.00,5.3333,55,eod
SBUX,Short,2021-05-11T14:00:00+00:00,2021-05-11T19:45:00+00:00,113.1000,113.3900,0.1714,2.7835,-2.6122,0.0041,-203.00,5.7500,30,eod
UNH,Long,2021-05-11T14:00:00+00:00,2021-05-11T19:45:00+00:00,416.3800,411.9500,-2.5032,2.7835,-5.2868,0.0031,55.00,5.7500,30,eod
LOW,Short,2021-05-12T14:00:00+00:00,2021-05-12T19:45:00+00:00,200.1100,195.9500,-2.3512,-0.7396,-1.6116,0.0053,-115.00,5.7500,30,eod
PFE,Long,2021-05-12T14:00:00+00:00,2021-05-12T19:45:00+00:00,39.6900,39.6500,1.6148,-0.7396,2.3544,0.0054,581.00,5.7500,30,eod
PFE,Short,2021-05-12T14:10:00+00:00,2021-05-12T19:45:00+00:00,39.7200,39.6500,2.1664,-0.9233,3.0897,0.0043,-580.00,5.5833,40,eod
ADBE,Short,2021-05-13T14:00:00+00:00,2021-05-13T19:45:00+00:00,478.8900,475.9800,-0.6210,0.8878,-1.5089,0.0051,-48.00,5.7500,30,eod
UNH,Long,2021-05-13T14:00:00+00:00,2021-05-13T19:45:00+00:00,408.9900,409.9000,3.5456,0.8878,2.6578,0.0031,56.00,5.7500,30,eod
UNH,Short,2021-05-13T14:15:00+00:00,2021-05-13T19:45:00+00:00,409.7600,409.9000,3.7611,0.6149,3.1462,0.0035,-56.00,5.5000,45,eod
JPM,Long,2021-05-14T14:00:00+00:00,2021-05-14T14:35:00+00:00,163.6800,162.6200,2.1637,0.2272,1.9365,0.0043,142.00,0.5833,30,reversal
COIN,Short,2021-05-14T14:00:00+00:00,2021-05-14T19:45:00+00:00,265.3500,260.1800,-2.4979,0.2272,-2.7251,0.0131,-87.00,5.7500,30,eod
COIN,Long,2021-05-14T14:10:00+00:00,2021-05-14T19:45:00+00:00,266.1000,260.1800,-2.4547,0.6257,-3.0803,0.0123,87.00,5.5833,40,eod
T,Long,2021-05-17T14:00:00+00:00,2021-05-17T14:25:00+00:00,25.4500,25.1900,2.0171,-0.6477,2.6649,0.0041,903.00,0.4167,30,reversal
LLY,Short,2021-05-17T14:00:00+00:00,2021-05-17T15:35:00+00:00,199.2700,196.2900,2.4207,-0.6477,3.0684,0.0050,-115.00,1.5833,30,reversal
TXN,Short,2021-05-17T14:00:00+00:00,2021-05-17T19:45:00+00:00,179.2700,180.1300,-2.4305,-0.6477,-1.7828,0.0060,-128.00,5.7500,30,eod
T,Long,2021-05-17T15:10:00+00:00,2021-05-17T19:45:00+00:00,24.7700,23.6400,-3.6344,-0.3564,-3.2780,0.0051,925.00,4.5833,100,eod
T,Short,2021-05-18T14:00:00+00:00,2021-05-18T14:15:00+00:00,21.9900,22.1800,-1.4992,-0.0717,-1.4275,0.0045,-1028.00,0.2500,30,reversal
AMD,Long,2021-05-18T14:00:00+00:00,2021-05-18T14:40:00+00:00,74.9500,75.2800,1.0636,-0.0717,1.1354,0.0063,301.00,0.6667,30,reversal
T,Short,2021-05-18T14:50:00+00:00,2021-05-18T19:45:00+00:00,22.5600,22.3100,4.1319,0.7033,3.4286,0.0046,-1000.00,4.9167,80,eod
LLY,Long,2021-05-19T14:00:00+00:00,2021-05-19T14:20:00+00:00,194.6500,194.0800,1.1592,-0.4469,1.6061,0.0045,116.00,0.3333,30,reversal
JPM,Short,2021-05-19T14:00:00+00:00,2021-05-19T19:45:00+00:00,159.1500,160.3700,-2.5358,-0.4469,-2.0889,0.0047,-142.00,5.7500,30,eod
JPM,Long,2021-05-19T14:05:00+00:00,2021-05-19T19:45:00+00:00,158.9300,160.3700,-3.0622,0.0448,-3.1070,0.0044,142.00,5.6667,35,eod
NFLX,Long,2021-05-20T14:00:00+00:00,2021-05-20T19:45:00+00:00,49.9300,50.1600,2.6773,1.5599,1.1174,0.0057,454.00,5.7500,30,eod
NKE,Short,2021-05-20T14:00:00+00:00,2021-05-20T19:45:00+00:00,133.2000,133.5200,-1.0879,1.5599,-2.6478,0.0045,-170.00,5.7500,30,eod
NKE,Long,2021-05-20T14:05:00+00:00,2021-05-20T19:45:00+00:00,132.6400,133.5200,-1.9328,1.4903,-3.4231,0.0047,170.00,5.6667,35,eod
SBUX,Short,2021-05-21T14:00:00+00:00,2021-05-21T14:40:00+00:00,111.2600,111.2600,-1.5431,-0.1771,-1.3660,0.0041,-204.00,0.6667,30,reversal
DE,Short,2021-05-21T14:00:00+00:00,2021-05-21T19:45:00+00:00,364.3400,361.3500,3.0894,-0.1771,3.2665,0.0096,-62.00,5.7500,30,eod
UNH,Long,2021-05-21T14:00:00+00:00,2021-05-21T19:45:00+00:00,414.7600,412.4200,1.4707,-0.1771,1.6478,0.0037,54.00,5.7500,30,eod
GOOGL,Long,2021-05-24T14:00:00+00:00,2021-05-24T19:45:00+00:00,117.3100,117.8500,2.5612,1.1703,1.3909,0.0038,193.00,5.7500,30,eod
PFE,Short,2021-05-24T14:00:00+00:00,2021-05-24T19:45:00+00:00,39.8500,39.8500,-0.8298,1.1703,-2.0001,0.0060,-570.00,5.7500,30,eod
AMD,Short,2021-05-25T14:00:00+00:00,2021-05-25T19:45:00+00:00,78.0300,77.6100,2.3911,-0.6444,3.0354,0.0052,-291.00,5.7500,30,eod
AAPL,Short,2021-05-25T14:05:00+00:00,2021-05-25T19:45:00+00:00,126.9900,126.8400,-1.7781,-0.7610,-1.0171,0.0040,-179.00,5.6667,35,eod
COIN,Long,2021-05-25T14:00:00+00:00,2021-05-25T19:45:00+00:00,233.5500,240.0300,1.2256,-0.6444,1.8700,0.0134,97.00,5.7500,30,eod
DIS,Long,2021-05-26T14:00:00+00:00,2021-05-26T17:05:00+00:00,177.1500,176.6400,0.8937,-0.6548,1.5485,0.0046,129.00,3.0833,30,reversal
TXN,Short,2021-05-26T14:00:00+00:00,2021-05-26T19:45:00+00:00,187.8100,187.7900,-1.9741,-0.6548,-1.3193,0.0047,-122.00,5.7500,30,eod
LIN,Long,2021-05-26T15:20:00+00:00,2021-05-26T19:45:00+00:00,297.8800,299.7600,-2.8777,0.1225,-3.0002,0.0041,77.00,4.4167,110,eod
XOM,Long,2021-05-27T15:10:00+00:00,2021-05-27T19:45:00+00:00,58.5000,58.5400,-2.4262,0.5824,-3.0086,0.0069,395.00,4.5833,100,eod
GE,Long,2021-05-27T14:00:00+00:00,2021-05-27T19:45:00+00:00,69.6964,71.3392,1.4816,0.1150,1.3666,0.0049,329.00,5.7500,30,eod
GE,Short,2021-05-27T14:50:00+00:00,2021-05-27T19:45:00+00:00,70.7916,71.3392,3.4736,0.3353,3.1384,0.0066,-326.00,4.9167,80,eod
LLY,Short,2021-05-27T14:00:00+00:00,2021-05-27T19:45:00+00:00,199.0800,199.1200,-1.7225,0.1150,-1.8375,0.0041,-115.00,5.7500,30,eod
NVDA,Long,2021-05-28T14:00:00+00:00,2021-05-28T19:45:00+00:00,15.9400,16.2500,3.2151,0.3231,2.8920,0.0062,1444.00,5.7500,30,eod
NVDA,Short,2021-05-28T14:05:00+00:00,2021-05-28T19:45:00+00:00,15.9800,16.2500,3.5269,0.4191,3.1078,0.0063,-1441.00,5.6667,35,eod
DIS,Short,2021-05-28T14:00:00+00:00,2021-05-28T19:45:00+00:00,178.6000,179.0300,-1.2851,0.3231,-1.6082,0.0046,-128.00,5.7500,30,eod
NKE,Short,2021-06-01T14:00:00+00:00,2021-06-01T14:20:00+00:00,135.3300,135.3800,-2.4433,-1.1581,-1.2852,0.0039,-168.00,0.3333,30,reversal
AMD,Long,2021-06-01T14:00:00+00:00,2021-06-01T19:45:00+00:00,82.0600,81.0600,1.1763,-1.1581,2.3344,0.0058,278.00,5.7500,30,eod
SLB,Short,2021-06-01T14:10:00+00:00,2021-06-01T19:45:00+00:00,32.8700,32.9100,1.3955,-1.8217,3.2172,0.0077,-694.00,5.5833,40,eod
QCOM,Long,2021-06-02T14:00:00+00:00,2021-06-02T19:45:00+00:00,133.6400,133.3800,1.7896,-0.0419,1.8315,0.0040,170.00,5.7500,30,eod
GOOGL,Short,2021-06-02T14:00:00+00:00,2021-06-02T19:45:00+00:00,118.8100,118.1500,-2.4637,-0.0419,-2.4218,0.0026,-191.00,5.7500,30,eod
SLB,Short,2021-06-02T14:00:00+00:00,2021-06-02T19:45:00+00:00,33.6900,35.4400,3.3495,-0.0419,3.3914,0.0086,-674.00,5.7500,30,eod
SBUX,Short,2021-06-03T14:00:00+00:00,2021-06-03T14:55:00+00:00,110.4200,111.1100,-2.6606,-1.5071,-1.1535,0.0029,-202.00,0.9167,30,reversal
MPC,Long,2021-06-03T14:00:00+00:00,2021-06-03T19:45:00+00:00,63.2300,63.1100,1.4777,-1.5071,2.9848,0.0068,353.00,5.7500,30,eod
BAC,Short,2021-06-03T14:00:00+00:00,2021-06-03T19:45:00+00:00,43.2500,43.3000,2.6265,-1.5071,4.1336,0.0044,-517.00,5.7500,30,eod
CRM,Long,2021-06-04T15:00:00+00:00,2021-06-04T19:45:00+00:00,235.0300,237.7000,2.8568,1.6950,1.1618,0.0047,94.00,4.7500,90,eod
CAT,Short,2021-06-04T14:00:00+00:00,2021-06-04T19:45:00+00:00,244.9800,243.9500,-0.2145,2.7681,-2.9827,0.0049,-90.00,5.7500,30,eod
GE,Long,2021-06-04T14:00:00+00:00,2021-06-04T19:45:00+00:00,69.3479,69.4973,-3.1264,2.7681,-5.8945,0.0045,321.00,5.7500,30,eod
MSFT,Long,2021-06-07T14:00:00+00:00,2021-06-07T19:45:00+00:00,252.0000,252.7700,1.2703,-0.2305,1.5008,0.0030,88.00,5.7500,30,eod
LIN,Short,2021-06-07T14:00:00+00:00,2021-06-07T19:45:00+00:00,295.4300,291.5300,-2.2395,-0.2305,-2.0090,0.0031,-75.00,5.7500,30,eod
LIN,Long,2021-06-07T15:10:00+00:00,2021-06-07T19:45:00+00:00,293.0900,291.5300,-3.0497,0.0284,-3.0780,0.0048,74.00,4.5833,100,eod
LLY,Short,2021-06-07T14:55:00+00:00,2021-06-07T19:45:00+00:00,207.0200,222.8000,3.5900,0.1819,3.4081,0.0063,-108.00,4.8333,85,eod
QCOM,Short,2021-06-08T14:00:00+00:00,2021-06-08T16:45:00+00:00,133.4100,134.3700,-2.8551,-1.1902,-1.6649,0.0044,-163.00,2.7500,30,reversal
MU,Long,2021-06-08T14:00:00+00:00,2021-06-08T19:45:00+00:00,81.1700,80.3400,-4.6024,-1.1902,-3.4123,0.0068,269.00,5.7500,30,eod
AMZN,Short,2021-06-08T14:00:00+00:00,2021-06-08T19:45:00+00:00,161.8300,163.2800,1.9035,-1.1902,3.0937,0.0022,-134.00,5.7500,30,eod
XOM,Long,2021-06-08T14:00:00+00:00,2021-06-08T19:45:00+00:00,61.6800,62.1100,1.2174,-1.1902,2.4076,0.0066,354.00,5.7500,30,eod
COIN,Short,2021-06-09T14:00:00+00:00,2021-06-09T15:15:00+00:00,218.1100,224.0200,-2.8171,-0.4460,-2.3711,0.0094,-99.00,1.2500,30,reversal
SCHW,Long,2021-06-09T16:50:00+00:00,2021-06-09T19:45:00+00:00,72.5000,72.8400,-3.4694,-0.0698,-3.3996,0.0075,296.00,2.9167,200,eod
LLY,Short,2021-06-09T14:00:00+00:00,2021-06-09T19:45:00+00:00,224.9000,225.2900,3.4124,-0.4460,3.8584,0.0051,-96.00,5.7500,30,eod
PFE,Long,2021-06-09T14:00:00+00:00,2021-06-09T19:45:00+00:00,39.4100,39.7700,1.8707,-0.4460,2.3167,0.0038,549.00,5.7500,30,eod
JPM,Long,2021-06-10T14:00:00+00:00,2021-06-10T19:45:00+00:00,163.2400,160.6700,-1.7690,2.1470,-3.9161,0.0036,131.00,5.7500,30,eod
LLY,Long,2021-06-10T14:00:00+00:00,2021-06-10T19:45:00+00:00,232.3200,233.3100,3.6531,2.1470,1.5061,0.0063,92.00,5.7500,30,eod
LLY,Short,2021-06-10T14:45:00+00:00,2021-06-10T19:45:00+00:00,232.7000,233.3100,3.8000,-0.1951,3.9951,0.0065,-92.00,5.0000,75,eod
COIN,Short,2021-06-10T14:00:00+00:00,2021-06-10T19:45:00+00:00,227.7100,222.2200,-0.6575,2.1470,-2.8045,0.0088,-94.00,5.7500,30,eod
ADBE,Long,2021-06-11T14:00:00+00:00,2021-06-11T19:45:00+00:00,536.9800,540.7500,1.5511,0.4149,1.1361,0.0046,40.00,5.7500,30,eod
COP,Short,2021-06-11T14:00:00+00:00,2021-06-11T19:45:00+00:00,60.0600,59.8500,-1.8146,0.4149,-2.2296,0.0051,-358.00,5.7500,30,eod
CAT,Long,2021-06-11T14:00:00+00:00,2021-06-11T19:45:00+00:00,224.0000,220.0800,-2.8758,0.4149,-3.2907,0.0051,96.00,5.7500,30,eod
NFLX,Long,2021-06-14T14:00:00+00:00,2021-06-14T19:45:00+00:00,49.4300,49.9800,3.1009,0.7757,2.3252,0.0036,434.00,5.7500,30,eod
GE,Short,2021-06-14T14:00:00+00:00,2021-06-14T19:45:00+00:00,67.6553,66.9583,-2.1472,0.7757,-2.9230,0.0047,-317.00,5.7500,30,eod
PFE,Long,2021-06-14T14:00:00+00:00,2021-06-14T19:45:00+00:00,39.5400,39.5500,-2.8732,0.7757,-3.6490,0.0042,543.00,5.7500,30,eod
UNH,Short,2021-06-15T14:00:00+00:00,2021-06-15T15:40:00+00:00,396.4800,397.4200,-2.2907,0.4017,-2.6925,0.0026,-54.00,1.6667,30,reversal
MU,Long,2021-06-15T14:00:00+00:00,2021-06-15T19:45:00+00:00,82.6300,82.2300,2.6281,0.4017,2.2264,0.0075,261.00,5.7500,30,eod
XOM,Short,2021-06-15T18:35:00+00:00,2021-06-15T19:45:00+00:00,63.9700,64.2800,1.8224,-1.2100,3.0324,0.0105,-336.00,1.1667,305,eod
DIS,Long,2021-06-15T15:55:00+00:00,2021-06-15T19:45:00+00:00,176.2900,176.1000,-3.4459,-0.3486,-3.0974,0.0031,122.00,3.8333,145,eod
BAC,Short,2021-06-16T14:00:00+00:00,2021-06-16T15:35:00+00:00,40.7300,41.0100,-2.1684,0.7130,-2.8814,0.0040,-527.00,1.5833,30,reversal
T,Long,2021-06-16T14:00:00+00:00,2021-06-16T16:25:00+00:00,22.0100,22.0000,-2.4333,0.7130,-3.1462,0.0022,976.00,2.4167,30,reversal
MSFT,Long,2021-06-16T14:10:00+00:00,2021-06-16T18:00:00+00:00,260.5700,255.5100,1.9631,0.9513,1.0118,0.0030,82.00,3.8333,40,reversal
JPM,Short,2021-06-16T18:00:00+00:00,2021-06-16T19:45:00+00:00,156.2200,156.4800,1.6159,-2.9270,4.5429,0.0066,-136.00,1.7500,270,eod
NVDA,Long,2021-06-17T14:05:00+00:00,2021-06-17T14:45:00+00:00,18.2900,18.5600,2.7834,1.4943,1.2890,0.0076,1160.00,0.6667,35,reversal
DE,Long,2021-06-17T14:00:00+00:00,2021-06-17T19:45:00+00:00,328.6700,328.6300,-3.7695,1.8934,-5.6629,0.0056,64.00,5.7500,30,eod
T,Short,2021-06-17T14:00:00+00:00,2021-06-17T19:45:00+00:00,21.9300,21.7400,-0.6296,1.8934,-2.5230,0.0022,-969.00,5.7500,30,eod
COIN,Long,2021-06-18T14:00:00+00:00,2021-06-18T14:15:00+00:00,232.1200,228.6300,1.9461,-0.7132,2.6593,0.0067,92.00,0.2500,30,reversal
COP,Short,2021-06-18T14:00:00+00:00,2021-06-18T14:40:00+00:00,59.0200,58.3700,2.5355,-0.7132,3.2486,0.0062,-362.00,0.6667,30,reversal
MU,Short,2021-06-18T14:00:00+00:00,2021-06-18T19:45:00+00:00,77.2000,76.7200,-2.5323,-0.7132,-1.8191,0.0081,-277.00,5.7500,30,eod
SBUX,Long,2021-06-21T14:00:00+00:00,2021-06-21T15:05:00+00:00,111.2400,110.8900,3.6242,1.6738,1.9504,0.0035,192.00,1.0833,30,reversal
NVDA,Short,2021-06-21T14:00:00+00:00,2021-06-21T19:45:00+00:00,18.0700,18.3400,-1.1738,1.6738,-2.8476,0.0075,-1183.00,5.7500,30,eod
NFLX,Long,2021-06-21T14:00:00+00:00,2021-06-21T19:45:00+00:00,49.4600,49.6200,-1.7139,1.6738,-3.3877,0.0039,432.00,5.7500,30,eod
UNH,Short,2021-06-21T14:15:00+00:00,2021-06-21T19:45:00+00:00,395.3700,397.7700,3.8287,0.6521,3.1766,0.0032,-54.00,5.5000,45,eod
MSFT,Long,2021-06-22T14:00:00+00:00,2021-06-22T14:40:00+00:00,264.3800,263.6900,1.2879,0.1334,1.1545,0.0034,80.00,0.6667,30,reversal
DIS,Short,2021-06-22T14:00:00+00:00,2021-06-22T19:45:00+00:00,172.5000,173.5900,-2.7255,0.1334,-2.8589,0.0030,-122.00,5.7500,30,eod
DIS,Long,2021-06-22T14:20:00+00:00,2021-06-22T19:45:00+00:00,172.6000,173.5900,-2.6477,0.4874,-3.1351,0.0029,122.00,5.4167,50,eod
GE,Long,2021-06-23T14:00:00+00:00,2021-06-23T18:40:00+00:00,65.6142,64.7181,1.7429,0.0838,1.6591,0.0071,323.00,4.6667,30,reversal
TSLA,Short,2021-06-23T14:30:00+00:00,2021-06-23T19:45:00+00:00,218.6300,218.2900,2.9897,-0.0550,3.0447,0.0090,-96.00,5.2500,60,eod
UNH,Short,2021-06-23T14:00:00+00:00,2021-06-23T19:45:00+00:00,396.7500,396.0000,-1.8622,0.0838,-1.9459,0.0029,-53.00,5.7500,30,eod
FCX,Short,2021-06-24T14:00:00+00:00,2021-06-24T16:50:00+00:00,37.0300,37.7100,-1.2408,0.6278,-1.8686,0.0075,-570.00,2.8333,30,reversal
TSLA,Long,2021-06-24T14:00:00+00:00,2021-06-24T19:45:00+00:00,226.8100,226.9900,2.0207,0.6278,1.3929,0.0078,93.00,5.7500,30,eod
AMZN,Long,2021-06-24T14:40:00+00:00,2021-06-24T19:45:00+00:00,174.6100,172.2100,-1.8148,1.2606,-3.0753,0.0043,121.00,5.0833,70,eod
AMZN,Short,2021-06-25T14:00:00+00:00,2021-06-25T19:45:00+00:00,170.4500,170.0100,-3.7994,-1.3532,-2.4462,0.0034,-122.00,5.7500,30,eod
DE,Long,2021-06-25T14:00:00+00:00,2021-06-25T19:45:00+00:00,354.3400,348.5500,1.0724,-1.3532,2.4256,0.0064,58.00,5.7500,30,eod
BAC,Short,2021-06-25T14:00:00+00:00,2021-06-25T19:45:00+00:00,41.4600,41.7300,2.6331,-1.3532,3.9863,0.0050,-503.00,5.7500,30,eod
TSLA,Long,2021-06-28T14:00:00+00:00,2021-06-28T19:45:00+00:00,229.2800,229.4300,2.2275,0.6301,1.5974,0.0082,90.00,5.7500,30,eod
CVX,Short,2021-06-28T14:00:00+00:00,2021-06-28T19:45:00+00:00,104.5300,103.9100,-2.0653,0.6301,-2.6955,0.0043,-198.00,5.7500,30,eod
DIS,Long,2021-06-28T14:00:00+00:00,2021-06-28T19:45:00+00:00,175.6900,176.5800,-3.3259,0.6301,-3.9560,0.0036,117.00,5.7500,30,eod
COIN,Short,2021-06-28T15:45:00+00:00,2021-06-28T19:45:00+00:00,240.7800,245.9000,3.6327,0.5959,3.0369,0.0158,-86.00,4.0000,135,eod
AMD,Long,2021-06-29T14:00:00+00:00,2021-06-29T19:45:00+00:00,88.6600,89.5300,2.2071,0.4080,1.7991,0.0079,232.00,5.7500,30,eod
AMD,Short,2021-06-29T14:25:00+00:00,2021-06-29T19:45:00+00:00,89.5200,89.5300,3.0665,0.0136,3.0529,0.0089,-230.00,5.3333,55,eod
BAC,Short,2021-06-29T14:00:00+00:00,2021-06-29T19:45:00+00:00,41.4200,40.8800,-1.7177,0.4080,-2.1258,0.0056,-498.00,5.7500,30,eod
DIS,Long,2021-06-29T15:05:00+00:00,2021-06-29T19:45:00+00:00,174.3100,173.9000,-2.9534,0.0989,-3.0524,0.0048,118.00,4.6667,95,eod
AMD,Long,2021-06-30T14:00:00+00:00,2021-06-30T19:45:00+00:00,93.1700,94.2300,2.9062,0.4109,2.4953,0.0088,222.00,5.7500,30,eod
GE,Short,2021-06-30T16:40:00+00:00,2021-06-30T19:45:00+00:00,67.2570,67.1575,3.2378,0.1380,3.0998,0.0102,-307.00,3.0833,190,eod
PFE,Short,2021-06-30T14:00:00+00:00,2021-06-30T19:45:00+00:00,38.8800,39.1500,-2.2001,0.4109,-2.6110,0.0044,-533.00,5.7500,30,eod
FCX,Short,2021-07-01T14:00:00+00:00,2021-07-01T15:25:00+00:00,36.9400,36.7800,-2.2045,-0.1447,-2.0598,0.0078,-561.00,1.4167,30,reversal
NKE,Long,2021-07-01T14:00:00+00:00,2021-07-01T19:45:00+00:00,156.0300,157.9700,2.5939,-0.1447,2.7386,0.0039,132.00,5.7500,30,eod
NKE,Short,2021-07-01T14:05:00+00:00,2021-07-01T19:45:00+00:00,156.6100,157.9700,3.4304,-0.3875,3.8179,0.0040,-132.00,5.6667,35,eod
AVGO,Long,2021-07-02T14:00:00+00:00,2021-07-02T15:55:00+00:00,47.6600,47.4100,1.4600,0.4019,1.0581,0.0036,434.00,1.9167,30,reversal
AVGO,Long,2021-07-02T16:05:00+00:00,2021-07-02T19:45:00+00:00,46.3500,46.7600,-2.9354,0.5473,-3.4828,0.0076,445.00,3.6667,155,eod
NFLX,Short,2021-07-02T14:00:00+00:00,2021-07-02T19:45:00+00:00,53.1000,53.4100,-2.2160,0.4019,-2.6179,0.0037,-390.00,5.7500,30,eod
TSLA,Short,2021-07-06T14:00:00+00:00,2021-07-06T16:20:00+00:00,220.5600,218.0200,-2.7589,0.0785,-2.8373,0.0085,-93.00,2.3333,30,reversal
GE,Long,2021-07-06T14:05:00+00:00,2021-07-06T16:20:00+00:00,64.3696,64.1207,-2.3388,0.9879,-3.3267,0.0078,321.00,2.2500,35,reversal
AAPL,Short,2021-07-06T14:00:00+00:00,2021-07-06T19:45:00+00:00,143.0000,141.8900,4.4478,0.0785,4.3694,0.0041,-144.00,5.7500,30,eod
CRM,Long,2021-07-06T14:00:00+00:00,2021-07-06T19:45:00+00:00,250.7800,249.9800,1.1279,0.0785,1.0495,0.0043,82.00,5.7500,30,eod
AAPL,Long,2021-07-07T14:00:00+00:00,2021-07-07T19:45:00+00:00,143.7600,144.5600,1.5408,-1.1818,2.7226,0.0044,144.00,5.7500,30,eod
XOM,Short,2021-07-07T14:00:00+00:00,2021-07-07T19:45:00+00:00,60.3400,60.4900,-3.7844,-1.1818,-2.6026,0.0055,-343.00,5.7500,30,eod
XOM,Long,2021-07-07T14:10:00+00:00,2021-07-07T19:45:00+00:00,60.2900,60.4900,-3.2913,0.2828,-3.5741,0.0066,343.00,5.5833,40,eod
SBUX,Short,2021-07-07T14:00:00+00:00,2021-07-07T19:45:00+00:00,116.9200,117.0100,2.2427,-1.1818,3.4244,0.0033,-177.00,5.7500,30,eod
JPM,Short,2021-07-08T14:00:00+00:00,2021-07-08T15:00:00+00:00,150.4500,151.4400,-1.6913,1.3063,-2.9977,0.0043,-137.00,1.0000,30,reversal
ADBE,Long,2021-07-08T14:00:00+00:00,2021-07-08T19:45:00+00:00,603.2900,604.7300,3.1262,1.3063,1.8199,0.0037,34.00,5.7500,30,eod
ADBE,Short,2021-07-08T14:20:00+00:00,2021-07-08T19:45:00+00:00,601.9500,604.7300,2.4297,-0.6900,3.1198,0.0039,-34.00,5.4167,50,eod
DE,Long,2021-07-08T14:00:00+00:00,2021-07-08T19:45:00+00:00,340.1700,343.2500,-2.4832,1.3063,-3.7895,0.0063,61.00,5.7500,30,eod
CAT,Long,2021-07-09T14:00:00+00:00,2021-07-09T14:50:00+00:00,218.3700,216.6700,3.3773,0.8231,2.5542,0.0048,94.00,0.8333,30,reversal
LIN,Short,2021-07-09T14:00:00+00:00,2021-07-09T14:55:00+00:00,293.1900,292.5600,5.2131,0.8231,4.3901,0.0019,-70.00,0.9167,30,reversal
ADBE,Short,2021-07-09T14:00:00+00:00,2021-07-09T19:45:00+00:00,600.4800,604.8700,-1.6543,0.8231,-2.4774,0.0039,-34.00,5.7500,30,eod
ADBE,Long,2021-07-09T14:20:00+00:00,2021-07-09T19:45:00+00:00,599.4400,604.8700,-2.0420,1.4525,-3.4945,0.0040,34.00,5.4167,50,eod
PYPL,Short,2021-07-12T14:00:00+00:00,2021-07-12T15:00:00+00:00,299.3900,301.8000,-3.7500,-2.3209,-1.4292,0.0032,-69.00,1.0000,30,reversal
GS,Short,2021-07-12T14:00:00+00:00,2021-07-12T19:45:00+00:00,378.3400,380.9800,3.3054,-2.3209,5.6263,0.0071,-54.00,5.7500,30,eod
LLY,Long,2021-07-12T14:00:00+00:00,2021-07-12T19:45:00+00:00,236.4000,236.1800,0.3982,-2.3209,2.7190,0.0049,87.00,5.7500,30,eod
AVGO,Short,2021-07-13T14:00:00+00:00,2021-07-13T18:05:00+00:00,48.4100,48.3400,0.0000,2.9724,-2.9724,0.0034,-425.00,4.0833,30,reversal
UNH,Long,2021-07-13T14:00:00+00:00,2021-07-13T18:05:00+00:00,416.1800,419.1700,-1.6999,2.9724,-4.6723,0.0042,49.00,4.0833,30,reversal
MSFT,Long,2021-07-13T14:40:00+00:00,2021-07-13T19:45:00+00:00,282.0700,281.1400,4.3941,2.6907,1.7034,0.0034,72.00,5.0833,70,eod
BAC,Long,2021-07-14T14:45:00+00:00,2021-07-14T17:30:00+00:00,38.0000,38.5700,-3.4642,-0.3369,-3.1273,0.0085,541.00,2.7500,75,reversal
NFLX,Long,2021-07-14T14:00:00+00:00,2021-07-14T19:45:00+00:00,54.9000,55.0400,2.2653,0.4133,1.8520,0.0045,375.00,5.7500,30,eod
NFLX,Short,2021-07-14T14:20:00+00:00,2021-07-14T19:45:00+00:00,55.0800,55.0400,2.8201,-0.6649,3.4851,0.0048,-373.00,5.4167,50,eod
XOM,Short,2021-07-14T14:00:00+00:00,2021-07-14T19:45:00+00:00,60.7200,59.5300,-2.3357,0.4133,-2.7490,0.0063,-339.00,5.7500,30,eod
MSFT,Short,2021-07-15T14:00:00+00:00,2021-07-15T14:30:00+00:00,280.6900,281.1100,-0.8797,1.7706,-2.6503,0.0026,-74.00,0.5000,30,reversal
LLY,Long,2021-07-15T14:00:00+00:00,2021-07-15T15:05:00+00:00,232.8700,233.3500,-1.9420,1.7706,-3.7126,0.0045,89.00,1.0833,30,reversal
LOW,Long,2021-07-15T14:15:00+00:00,2021-07-15T19:45:00+00:00,194.3200,195.4900,1.9484,0.3601,1.5883,0.0051,107.00,5.5000,45,eod
LOW,Short,2021-07-15T14:25:00+00:00,2021-07-15T19:45:00+00:00,194.9500,195.4900,2.3307,-1.0132,3.3438,0.0057,-106.00,5.3333,55,eod
NVDA,Short,2021-07-16T14:00:00+00:00,2021-07-16T15:50:00+00:00,18.6800,18.6000,-3.5945,-2.2134,-1.3811,0.0055,-1112.00,1.8333,30,reversal
HD,Short,2021-07-16T14:00:00+00:00,2021-07-16T19:45:00+00:00,325.7400,321.5800,1.5889,-2.2134,3.8024,0.0041,-63.00,5.7500,30,eod
UNH,Long,2021-07-16T14:00:00+00:00,2021-07-16T19:45:00+00:00,420.8800,420.3100,0.4798,-2.2134,2.6932,0.0042,49.00,5.7500,30,eod
ADBE,Long,2021-07-19T14:00:00+00:00,2021-07-19T15:10:00+00:00,607.4100,604.6000,2.4986,-0.3064,2.8049,0.0043,34.00,1.1667,30,reversal
NVDA,Short,2021-07-19T14:00:00+00:00,2021-07-19T19:45:00+00:00,18.5800,18.6700,4.5105,-0.3064,4.8168,0.0069,-1123.00,5.7500,30,eod
GE,Short,2021-07-19T14:00:00+00:00,2021-07-19T19:45:00+00:00,59.0428,59.6900,-2.8009,-0.3064,-2.4945,0.0082,-353.00,5.7500,30,eod
T,Long,2021-07-19T14:00:00+00:00,2021-07-19T19:45:00+00:00,20.9500,20.9800,-4.1857,-0.3064,-3.8794,0.0028,996.00,5.7500,30,eod
T,Long,2021-07-20T14:00:00+00:00,2021-07-20T14:45:00+00:00,21.2600,21.1900,3.3630,0.3888,2.9742,0.0034,973.00,0.7500,30,reversal
PFE,Short,2021-07-20T14:00:00+00:00,2021-07-20T17:00:00+00:00,41.5900,41.2900,4.4223,0.3888,4.0335,0.0048,-497.00,3.0000,30,reversal
NVDA,Long,2021-07-20T14:45:00+00:00,2021-07-20T19:45:00+00:00,18.3100,18.7300,-0.7068,2.3559,-3.0627,0.0092,1124.00,5.0000,75,eod
PYPL,Short,2021-07-20T14:00:00+00:00,2021-07-20T19:45:00+00:00,291.9500,299.3600,-1.9245,0.3888,-2.3133,0.0040,-70.00,5.7500,30,eod
LLY,Short,2021-07-21T14:00:00+00:00,2021-07-21T14:55:00+00:00,234.1700,236.2500,-1.6352,1.3148,-2.9499,0.0030,-88.00,0.9167,30,reversal
NFLX,Long,2021-07-21T14:00:00+00:00,2021-07-21T19:45:00+00:00,51.5000,51.1400,-2.5572,1.3148,-3.8720,0.0067,401.00,5.7500,30,eod
CRM,Long,2021-07-21T14:00:00+00:00,2021-07-21T19:45:00+00:00,241.9500,242.2800,2.7287,1.3148,1.4139,0.0049,85.00,5.7500,30,eod
TSLA,Long,2021-07-22T14:50:00+00:00,2021-07-22T19:45:00+00:00,216.7600,216.9800,-2.0311,1.1103,-3.1415,0.0085,95.00,4.9167,80,eod
SBUX,Long,2021-07-22T14:00:00+00:00,2021-07-22T19:45:00+00:00,120.3700,122.6300,2.0992,0.7724,1.3268,0.0045,170.00,5.7500,30,eod
T,Short,2021-07-22T14:00:00+00:00,2021-07-22T19:45:00+00:00,21.0200,21.1600,-2.1582,0.7724,-2.9306,0.0037,-978.00,5.7500,30,eod
TXN,Long,2021-07-23T14:00:00+00:00,2021-07-23T18:20:00+00:00,184.3300,186.0600,2.8051,1.4052,1.3999,0.0039,111.00,4.3333,30,reversal
COP,Long,2021-07-23T14:00:00+00:00,2021-07-23T19:45:00+00:00,55.2300,55.3800,-1.7856,1.4052,-3.1908,0.0094,373.00,5.7500,30,eod
JPM,Short,2021-07-23T14:00:00+00:00,2021-07-23T19:45:00+00:00,150.9500,150.6900,-1.5491,1.4052,-2.9543,0.0069,-136.00,5.7500,30,eod
COIN,Long,2021-07-26T14:10:00+00:00,2021-07-26T14:40:00+00:00,245.4300,241.2600,2.7168,1.6440,1.0729,0.0093,84.00,0.5000,40,reversal
DE,Short,2021-07-26T14:00:00+00:00,2021-07-26T19:45:00+00:00,354.1700,355.4800,-0.6096,2.0628,-2.6724,0.0070,-58.00,5.7500,30,eod
NKE,Long,2021-07-26T14:00:00+00:00,2021-07-26T19:45:00+00:00,164.6100,165.0900,-2.1653,2.0628,-4.2281,0.0036,125.00,5.7500,30,eod
T,Long,2021-07-27T14:00:00+00:00,2021-07-27T19:45:00+00:00,21.3000,21.2600,1.8520,-0.8963,2.7484,0.0038,964.00,5.7500,30,eod
T,Short,2021-07-27T14:05:00+00:00,2021-07-27T19:45:00+00:00,21.3500,21.2600,2.3365,-1.7502,4.0867,0.0040,-963.00,5.6667,35,eod
PFE,Long,2021-07-28T14:00:00+00:00,2021-07-28T14:20:00+00:00,43.0900,42.8500,1.7816,-0.1855,1.9671,0.0050,477.00,0.3333,30,reversal
META,Short,2021-07-28T14:00:00+00:00,2021-07-28T19:45:00+00:00,370.4400,374.4100,-3.0236,-0.1855,-2.8381,0.0043,-55.00,5.7500,30,eod
META,Long,2021-07-28T14:05:00+00:00,2021-07-28T19:45:00+00:00,371.8000,374.4100,-2.4168,0.6298,-3.0466,0.0039,55.00,5.6667,35,eod
LLY,Short,2021-07-28T14:00:00+00:00,2021-07-28T19:45:00+00:00,246.0900,247.1800,2.9091,-0.1855,3.0946,0.0039,-83.00,5.7500,30,eod
AMD,Long,2021-07-29T14:00:00+00:00,2021-07-29T19:45:00+00:00,100.1600,103.3400,1.6895,0.3983,1.2912,0.0075,204.00,5.7500,30,eod
TSLA,Short,2021-07-29T14:35:00+00:00,2021-07-29T19:45:00+00:00,224.9500,225.0500,4.0542,0.7346,3.3196,0.0080,-91.00,5.1667,65,eod
META,Short,2021-07-29T14:00:00+00:00,2021-07-29T19:45:00+00:00,359.9100,358.2400,-2.5376,0.3983,-2.9359,0.0050,-56.00,5.7500,30,eod
META,Long,2021-07-29T14:05:00+00:00,2021-07-29T19:45:00+00:00,358.6600,358.2400,-3.3514,-0.0258,-3.3256,0.0048,57.00,5.6667,35,eod
AMD,Long,2021-07-30T14:25:00+00:00,2021-07-30T19:45:00+00:00,106.0800,106.1400,2.3677,0.9572,1.4106,0.0115,195.00,5.3333,55,eod
XOM,Short,2021-07-30T14:00:00+00:00,2021-07-30T19:45:00+00:00,58.3900,57.5300,-0.5487,2.4215,-2.9702,0.0065,-354.00,5.7500,30,eod
CVX,Long,2021-07-30T14:00:00+00:00,2021-07-30T19:45:00+00:00,102.1400,101.7000,-2.1215,2.4215,-4.5430,0.0061,202.00,5.7500,30,eod
SCHW,Long,2021-08-02T14:00:00+00:00,2021-08-02T15:15:00+00:00,69.4700,68.8200,1.3858,-1.5703,2.9561,0.0064,298.00,1.2500,30,reversal
ADBE,Short,2021-08-02T14:00:00+00:00,2021-08-02T19:45:00+00:00,613.8700,617.3600,-3.6460,-1.5703,-2.0757,0.0042,-33.00,5.7500,30,eod
GE,Long,2021-08-02T15:15:00+00:00,2021-08-02T19:45:00+00:00,63.0317,62.6956,-2.9095,0.3012,-3.2107,0.0107,327.00,4.5000,105,eod
GS,Short,2021-08-02T14:00:00+00:00,2021-08-02T19:45:00+00:00,386.1000,378.6400,2.7715,-1.5703,4.3418,0.0082,-53.00,5.7500,30,eod
LLY,Long,2021-08-03T14:00:00+00:00,2021-08-03T18:10:00+00:00,253.4800,253.0400,1.3976,-1.4880,2.8856,0.0045,81.00,4.1667,30,reversal
LLY,Short,2021-08-03T14:05:00+00:00,2021-08-03T18:10:00+00:00,254.8300,253.0400,2.6791,-2.5510,5.2301,0.0043,-81.00,4.0833,35,reversal
SBUX,Short,2021-08-03T14:00:00+00:00,2021-08-03T19:45:00+00:00,118.5300,119.0400,-2.7911,-1.4880,-1.3031,0.0047,-174.00,5.7500,30,eod
SBUX,Long,2021-08-03T16:35:00+00:00,2021-08-03T19:45:00+00:00,117.7800,119.0400,-2.5329,0.5879,-3.1208,0.0077,176.00,3.1667,185,eod
AMD,Long,2021-08-04T14:00:00+00:00,2021-08-04T19:45:00+00:00,118.2700,119.0200,1.7249,-0.1814,1.9064,0.0106,176.00,5.7500,30,eod
AVGO,Short,2021-08-04T14:00:00+00:00,2021-08-04T19:45:00+00:00,48.6600,48.8100,-1.5927,-0.1814,-1.4112,0.0031,-428.00,5.7500,30,eod
LLY,Short,2021-08-04T14:00:00+00:00,2021-08-04T19:45:00+00:00,264.1700,263.2700,3.0842,-0.1814,3.2656,0.0053,-78.00,5.7500,30,eod
QCOM,Short,2021-08-05T14:00:00+00:00,2021-08-05T19:45:00+00:00,145.7700,146.4300,-1.0858,0.7600,-1.8457,0.0042,-143.00,5.7500,30,eod
CRM,Long,2021-08-05T14:00:00+00:00,2021-08-05T19:45:00+00:00,247.3300,250.2100,2.3192,0.7600,1.5592,0.0044,84.00,5.7500,30,eod
UNH,Long,2021-08-05T14:00:00+00:00,2021-08-05T19:45:00+00:00,410.3500,411.2500,-4.9444,0.7600,-5.7044,0.0050,50.00,5.7500,30,eod
COIN,Short,2021-08-05T17:55:00+00:00,2021-08-05T19:45:00+00:00,256.0000,252.9100,3.7522,0.6809,3.0713,0.0175,-81.00,1.8333,265,eod
FCX,Short,2021-08-06T14:00:00+00:00,2021-08-06T14:40:00+00:00,36.4000,36.9800,-2.4106,-0.9975,-1.4130,0.0078,-576.00,0.6667,30,reversal
COIN,Short,2021-08-06T14:00:00+00:00,2021-08-06T14:45:00+00:00,259.9900,252.2100,2.3633,-0.9975,3.3608,0.0101,-80.00,0.7500,30,reversal
AMD,Long,2021-08-06T14:00:00+00:00,2021-08-06T19:30:00+00:00,114.7900,110.3400,1.7893,-0.9975,2.7869,0.0119,182.00,5.5000,30,reversal
MSFT,Short,2021-08-09T14:00:00+00:00,2021-08-09T19:45:00+00:00,289.1100,288.2400,-2.9657,-0.8086,-2.1571,0.0024,-71.00,5.7500,30,eod
DE,Short,2021-08-09T14:00:00+00:00,2021-08-09T19:45:00+00:00,367.7900,368.9000,2.5188,-0.8086,3.3274,0.0047,-56.00,5.7500,30,eod
FCX,Long,2021-08-09T14:00:00+00:00,2021-08-09T19:45:00+00:00,36.5700,36.4400,1.9628,-0.8086,2.7714,0.0088,569.00,5.7500,30,eod
COIN,Short,2021-08-10T14:00:00+00:00,2021-08-10T15:10:00+00:00,267.5600,268.8100,-2.5570,0.0000,-2.5570,0.0120,-77.00,1.1667,30,reversal
MU,Long,2021-08-10T14:20:00+00:00,2021-08-10T19:45:00+00:00,76.6800,75.8800,-3.3608,-0.3016,-3.0591,0.0061,271.00,5.4167,50,eod
PFE,Long,2021-08-10T14:00:00+00:00,2021-08-10T19:45:00+00:00,46.4400,48.1000,1.9175,0.0000,1.9175,0.0042,447.00,5.7500,30,eod
PFE,Short,2021-08-10T14:10:00+00:00,2021-08-10T19:45:00+00:00,46.8500,48.1000,3.7852,-0.2291,4.0142,0.0045,-444.00,5.5833,40,eod
PFE,Short,2021-08-11T14:00:00+00:00,2021-08-11T14:35:00+00:00,46.7900,47.0900,-3.4556,-1.1824,-2.2732,0.0043,-438.00,0.5833,30,reversal
GE,Short,2021-08-11T14:00:00+00:00,2021-08-11T19:45:00+00:00,65.4100,65.8800,1.9064,-1.1824,3.0888,0.0064,-313.00,5.7500,30,eod
GS,Long,2021-08-11T14:00:00+00:00,2021-08-11T19:45:00+00:00,412.4000,413.1500,1.6941,-1.1824,2.8765,0.0073,49.00,5.7500,30,eod
PFE,Long,2021-08-12T14:00:00+00:00,2021-08-12T14:30:00+00:00,46.9000,46.7800,1.5612,-0.8797,2.4409,0.0045,435.00,0.5000,30,reversal
MU,Short,2021-08-12T14:00:00+00:00,2021-08-12T19:45:00+00:00,69.3600,70.4700,-3.1110,-0.8797,-2.2313,0.0079,-294.00,5.7500,30,eod
MU,Long,2021-08-12T14:15:00+00:00,2021-08-12T19:45:00+00:00,69.3300,70.4700,-3.1687,0.6173,-3.7860,0.0079,294.00,5.5000,45,eod
XOM,Short,2021-08-13T14:00:00+00:00,2021-08-13T16:40:00+00:00,56.3100,56.9100,-1.6286,0.5099,-2.1385,0.0056,-363.00,2.6667,30,reversal
AVGO,Long,2021-08-13T14:05:00+00:00,2021-08-13T18:30:00+00:00,48.6500,48.5000,1.9682,0.7020,1.2662,0.0027,420.00,4.4167,35,reversal
JPM,Long,2021-08-13T14:20:00+00:00,2021-08-13T19:45:00+00:00,160.1200,159.7900,-1.9181,1.5758,-3.4939,0.0046,127.00,5.4167,50,eod
NVDA,Short,2021-08-16T14:15:00+00:00,2021-08-16T14:30:00+00:00,19.5200,19.6400,-3.9690,-2.9403,-1.0286,0.0081,-1046.00,0.2500,45,reversal
T,Long,2021-08-16T14:00:00+00:00,2021-08-16T19:45:00+00:00,21.2100,21.2600,1.0176,-1.8984,2.9160,0.0023,959.00,5.7500,30,eod
PYPL,Short,2021-08-16T14:00:00+00:00,2021-08-16T19:45:00+00:00,276.9600,277.7400,1.9532,-1.8984,3.8516,0.0039,-73.00,5.7500,30,eod
AVGO,Short,2021-08-17T14:00:00+00:00,2021-08-17T19:45:00+00:00,47.7400,47.8100,-3.0333,-1.0396,-1.9937,0.0034,-425.00,5.7500,30,eod
AVGO,Long,2021-08-17T14:25:00+00:00,2021-08-17T19:45:00+00:00,47.6300,47.8100,-2.9259,0.1132,-3.0391,0.0043,426.00,5.3333,55,eod
MU,Long,2021-08-17T14:00:00+00:00,2021-08-17T19:45:00+00:00,70.3400,70.4600,1.0903,-1.0396,2.1299,0.0078,288.00,5.7500,30,eod
PFE,Short,2021-08-17T14:00:00+00:00,2021-08-17T19:45:00+00:00,49.7700,50.3200,2.3832,-1.0396,3.4227,0.0054,-407.00,5.7500,30,eod
DIS,Short,2021-08-18T14:00:00+00:00,2021-08-18T16:30:00+00:00,174.9200,176.0500,-1.2185,0.6876,-1.9061,0.0042,-115.00,2.5000,30,reversal
GE,Long,2021-08-18T14:00:00+00:00,2021-08-18T19:45:00+00:00,64.0700,63.2200,2.9132,0.6876,2.2256,0.0053,315.00,5.7500,30,eod
LOW,Short,2021-08-18T14:00:00+00:00,2021-08-18T19:45:00+00:00,199.6800,200.2900,5.6888,0.6876,5.0012,0.0075,-101.00,5.7500,30,eod
UNH,Long,2021-08-19T14:00:00+00:00,2021-08-19T16:05:00+00:00,421.7400,425.7200,2.7500,0.5959,2.1541,0.0043,47.00,2.0833,30,reversal
QCOM,Short,2021-08-19T14:00:00+00:00,2021-08-19T19:45:00+00:00,139.4000,140.8100,-1.7216,0.5959,-2.3176,0.0051,-143.00,5.7500,30,eod
NFLX,Short,2021-08-19T14:30:00+00:00,2021-08-19T19:45:00+00:00,54.1200,54.4500,3.9047,0.7597,3.1450,0.0070,-368.00,5.2500,60,eod
MPC,Long,2021-08-19T14:00:00+00:00,2021-08-19T19:45:00+00:00,55.0800,54.1900,-3.2257,0.5959,-3.8216,0.0043,364.00,5.7500,30,eod
MSFT,Long,2021-08-20T14:00:00+00:00,2021-08-20T19:45:00+00:00,303.5000,304.9300,3.7737,2.2337,1.5400,0.0034,65.00,5.7500,30,eod
DE,Long,2021-08-20T14:00:00+00:00,2021-08-20T19:45:00+00:00,353.3300,352.1200,-5.2883,2.2337,-7.5220,0.0062,56.00,5.7500,30,eod
COIN,Short,2021-08-20T14:00:00+00:00,2021-08-20T19:45:00+00:00,255.1300,256.7000,-0.6054,2.2337,-2.8390,0.0102,-77.00,5.7500,30,eod
AMZN,Long,2021-08-23T14:00:00+00:00,2021-08-23T14:40:00+00:00,162.6000,162.3700,3.7033,2.3448,1.3585,0.0033,122.00,0.6667,30,reversal
GE,Short,2021-08-23T14:00:00+00:00,2021-08-23T19:45:00+00:00,62.7300,62.9900,-0.5458,2.3448,-2.8906,0.0047,-316.00,5.7500,30,eod
LOW,Long,2021-08-23T14:00:00+00:00,2021-08-23T19:45:00+00:00,207.1200,206.5300,-1.1907,2.3448,-3.5356,0.0073,95.00,5.7500,30,eod
SLB,Long,2021-08-24T14:00:00+00:00,2021-08-24T16:00:00+00:00,28.2900,28.0000,3.3721,0.7925,2.5796,0.0045,698.00,2.0000,30,reversal
T,Short,2021-08-24T14:00:00+00:00,2021-08-24T18:05:00+00:00,20.7000,20.7800,-1.6130,0.7925,-2.4056,0.0015,-955.00,4.0833,30,reversal
MSFT,Short,2021-08-25T14:00:00+00:00,2021-08-25T19:45:00+00:00,301.9000,302.2900,-1.7661,-0.1633,-1.6028,0.0041,-65.00,5.7500,30,eod
JPM,Short,2021-08-25T14:00:00+00:00,2021-08-25T19:45:00+00:00,160.1300,160.8200,3.3509,-0.1633,3.5142,0.0039,-122.00,5.7500,30,eod
BAC,Long,2021-08-25T14:00:00+00:00,2021-08-25T19:45:00+00:00,42.1700,42.0600,2.7752,-0.1633,2.9385,0.0049,466.00,5.7500,30,eod
NKE,Short,2021-08-26T14:00:00+00:00,2021-08-26T19:45:00+00:00,167.3300,167.1400,-2.5687,0.0923,-2.6610,0.0036,-117.00,5.7500,30,eod
COIN,Long,2021-08-26T14:00:00+00:00,2021-08-26T19:45:00+00:00,254.0200,249.3100,1.5613,0.0923,1.4690,0.0102,77.00,5.7500,30,eod
NFLX,Long,2021-08-27T14:05:00+00:00,2021-08-27T14:15:00+00:00,56.3400,56.2000,2.6417,1.3575,1.2841,0.0068,345.00,0.1667,35,reversal
T,Short,2021-08-27T14:00:00+00:00,2021-08-27T19:45:00+00:00,20.4300,20.4900,-0.5473,1.5058,-2.0532,0.0018,-952.00,5.7500,30,eod
AAPL,Long,2021-08-30T14:00:00+00:00,2021-08-30T19:45:00+00:00,151.4400,153.3100,4.4974,1.7466,2.7508,0.0040,128.00,5.7500,30,eod
COP,Short,2021-08-30T14:00:00+00:00,2021-08-30T19:45:00+00:00,56.4500,56.3200,-1.0401,1.7466,-2.7867,0.0042,-343.00,5.7500,30,eod
JPM,Long,2021-08-30T14:00:00+00:00,2021-08-30T19:45:00+00:00,159.9000,160.7400,-2.9763,1.7466,-4.7229,0.0045,121.00,5.7500,30,eod
SBUX,Long,2021-08-31T14:00:00+00:00,2021-08-31T19:45:00+00:00,116.7100,117.5100,2.0484,-0.6087,2.6571,0.0035,167.00,5.7500,30,eod
T,Short,2021-08-31T14:15:00+00:00,2021-08-31T19:45:00+00:00,20.7000,20.6700,3.0227,-0.2465,3.2692,0.0029,-943.00,5.5000,45,eod
PYPL,Short,2021-08-31T14:00:00+00:00,2021-08-31T19:45:00+00:00,286.7100,288.5000,-3.0471,-0.6087,-2.4385,0.0054,-68.00,5.7500,30,eod
PYPL,Long,2021-08-31T16:25:00+00:00,2021-08-31T19:45:00+00:00,285.5500,288.5000,-2.5316,0.5371,-3.0687,0.0080,68.00,3.3333,175,eod
NKE,Long,2021-09-01T14:00:00+00:00,2021-09-01T14:15:00+00:00,166.4300,165.5300,2.0017,0.2258,1.7759,0.0039,117.00,0.2500,30,reversal
CAT,Short,2021-09-01T14:00:00+00:00,2021-09-01T19:45:00+00:00,208.0500,207.6800,-2.3292,0.2258,-2.5550,0.0039,-94.00,5.7500,30,eod
CAT,Long,2021-09-01T14:10:00+00:00,2021-09-01T19:45:00+00:00,206.9900,207.6800,-2.8229,0.5682,-3.3912,0.0050,94.00,5.5833,40,eod
COIN,Short,2021-09-01T14:20:00+00:00,2021-09-01T19:45:00+00:00,268.6300,265.1400,3.5371,0.2208,3.3162,0.0093,-72.00,5.4167,50,eod
SBUX,Short,2021-09-02T14:05:00+00:00,2021-09-02T18:05:00+00:00,117.5500,117.2000,-2.0233,-0.7920,-1.2313,0.0030,-167.00,4.0000,35,reversal
XOM,Long,2021-09-02T14:00:00+00:00,2021-09-02T19:45:00+00:00,55.2200,54.8700,1.9081,-1.0220,2.9301,0.0056,356.00,5.7500,30,eod
UNH,Short,2021-09-02T14:00:00+00:00,2021-09-02T19:45:00+00:00,422.8100,423.2000,2.1970,-1.0220,3.2190,0.0045,-46.00,5.7500,30,eod
NVDA,Long,2021-09-03T14:15:00+00:00,2021-09-03T19:45:00+00:00,22.7800,22.8300,2.3719,1.1331,1.2388,0.0102,862.00,5.5000,45,eod
LLY,Short,2021-09-03T14:00:00+00:00,2021-09-03T19:45:00+00:00,258.0700,259.7700,-0.5738,2.3921,-2.9659,0.0055,-76.00,5.7500,30,eod
T,Long,2021-09-03T14:00:00+00:00,2021-09-03T19:45:00+00:00,20.7400,20.8000,-3.0627,2.3921,-5.4548,0.0025,947.00,5.7500,30,eod
MPC,Long,2021-09-07T14:00:00+00:00,2021-09-07T14:35:00+00:00,59.6600,58.7400,2.5870,-0.1576,2.7446,0.0067,328.00,0.5833,30,reversal
QCOM,Long,2021-09-07T14:40:00+00:00,2021-09-07T19:45:00+00:00,143.1900,143.6900,-2.6744,0.6170,-3.2914,0.0034,136.00,5.0833,70,eod
DE,Short,2021-09-07T14:00:00+00:00,2021-09-07T19:45:00+00:00,374.6300,372.1600,-2.5501,-0.1576,-2.3925,0.0075,-52.00,5.7500,30,eod
LIN,Long,2021-09-08T14:00:00+00:00,2021-09-08T14:15:00+00:00,315.3200,313.5500,2.6559,-0.1896,2.8456,0.0023,62.00,0.2500,30,reversal
FCX,Long,2021-09-08T17:30:00+00:00,2021-09-08T19:45:00+00:00,34.5600,34.4300,-3.5140,-0.4197,-3.0943,0.0109,564.00,2.2500,240,eod
SBUX,Short,2021-09-08T14:00:00+00:00,2021-09-08T19:45:00+00:00,117.2800,117.9500,3.3757,-0.1896,3.5653,0.0039,-166.00,5.7500,30,eod
PYPL,Short,2021-09-08T14:00:00+00:00,2021-09-08T19:45:00+00:00,289.8600,283.4000,-2.1779,-0.1896,-1.9883,0.0062,-67.00,5.7500,30,eod
SCHW,Long,2021-09-09T14:00:00+00:00,2021-09-09T19:45:00+00:00,72.7900,72.5200,3.0489,0.5605,2.4884,0.0049,268.00,5.7500,30,eod
SCHW,Short,2021-09-09T14:10:00+00:00,2021-09-09T19:45:00+00:00,73.1600,72.5200,3.4636,0.2955,3.1681,0.0058,-267.00,5.5833,40,eod
LLY,Short,2021-09-09T14:00:00+00:00,2021-09-09T19:45:00+00:00,250.0800,240.0900,-2.1724,0.5605,-2.7330,0.0051,-78.00,5.7500,30,eod
LLY,Long,2021-09-09T14:05:00+00:00,2021-09-09T19:45:00+00:00,249.2000,240.0900,-2.7367,0.4632,-3.1999,0.0053,78.00,5.6667,35,eod
QCOM,Short,2021-09-10T14:00:00+00:00,2021-09-10T14:30:00+00:00,145.2400,143.5300,2.0119,-1.1031,3.1150,0.0036,-133.00,0.5000,30,reversal
TXN,Long,2021-09-10T14:00:00+00:00,2021-09-10T15:00:00+00:00,192.6800,190.5900,1.8553,-1.1031,2.9584,0.0033,100.00,1.0000,30,reversal
UNH,Short,2021-09-10T14:00:00+00:00,2021-09-10T19:45:00+00:00,406.7500,404.8100,-3.1778,-1.1031,-2.0747,0.0057,-47.00,5.7500,30,eod
UNH,Long,2021-09-10T14:55:00+00:00,2021-09-10T19:45:00+00:00,403.7900,404.8100,-4.3272,-1.2220,-3.1052,0.0058,48.00,4.8333,85,eod
AVGO,Long,2021-09-13T14:00:00+00:00,2021-09-13T15:10:00+00:00,50.0200,49.4300,-0.3894,-3.1728,2.7833,0.0046,389.00,1.1667,30,reversal
NVDA,Short,2021-09-13T14:05:00+00:00,2021-09-13T19:45:00+00:00,22.0700,22.0300,-4.5536,-3.1823,-1.3712,0.0070,-881.00,5.6667,35,eod
T,Short,2021-09-13T14:00:00+00:00,2021-09-13T19:45:00+00:00,20.9300,20.7700,3.4768,-3.1728,6.6496,0.0031,-930.00,5.7500,30,eod
MU,Short,2021-09-14T17:30:00+00:00,2021-09-14T19:45:00+00:00,74.0400,73.3200,1.6887,-1.3842,3.0730,0.0070,-263.00,2.2500,240,eod
MSFT,Long,2021-09-14T14:00:00+00:00,2021-09-14T19:45:00+00:00,299.2100,299.7700,0.6270,-1.7014,2.3284,0.0033,64.00,5.7500,30,eod
SCHW,Short,2021-09-14T14:00:00+00:00,2021-09-14T19:45:00+00:00,70.4900,69.6000,-3.0702,-1.7014,-1.3688,0.0067,-275.00,5.7500,30,eod
SCHW,Long,2021-09-14T15:35:00+00:00,2021-09-14T19:45:00+00:00,69.7500,69.6000,-3.5283,-0.4478,-3.0805,0.0087,279.00,4.1667,125,eod
CVX,Long,2021-09-15T14:00:00+00:00,2021-09-15T16:45:00+00:00,98.3800,97.5400,2.3046,-0.3840,2.6886,0.0055,198.00,2.7500,30,reversal
META,Short,2021-09-15T14:00:00+00:00,2021-09-15T19:45:00+00:00,370.9500,374.4800,-1.8991,-0.3840,-1.5151,0.0050,-52.00,5.7500,30,eod
FCX,Short,2021-09-15T14:00:00+00:00,2021-09-15T19:45:00+00:00,36.4500,36.7200,3.4676,-0.3840,3.8516,0.0103,-535.00,5.7500,30,eod
MU,Short,2021-09-16T14:00:00+00:00,2021-09-16T19:45:00+00:00,73.9500,74.7600,1.5508,-1.9110,3.4618,0.0063,-261.00,5.7500,30,eod
GS,Short,2021-09-16T14:00:00+00:00,2021-09-16T19:45:00+00:00,398.3200,396.4200,-3.5601,-1.9110,-1.6492,0.0041,-48.00,5.7500,30,eod
GS,Long,2021-09-16T16:00:00+00:00,2021-09-16T19:45:00+00:00,395.3200,396.4200,-4.2015,-1.0545,-3.1470,0.0053,48.00,3.7500,150,eod
LOW,Long,2021-09-16T14:00:00+00:00,2021-09-16T19:45:00+00:00,207.7200,208.7000,0.8527,-1.9110,2.7637,0.0036,93.00,5.7500,30,eod
GS,Short,2021-09-17T14:00:00+00:00,2021-09-17T19:45:00+00:00,393.3900,390.8600,-2.5615,-1.0899,-1.4716,0.0043,-49.00,5.7500,30,eod
HD,Long,2021-09-17T14:00:00+00:00,2021-09-17T19:45:00+00:00,338.7800,336.1000,1.8734,-1.0899,2.9633,0.0035,57.00,5.7500,30,eod
LOW,Short,2021-09-17T14:00:00+00:00,2021-09-17T19:45:00+00:00,211.6900,209.2900,3.1991,-1.0899,4.2890,0.0041,-91.00,5.7500,30,eod
NFLX,Short,2021-09-20T14:00:00+00:00,2021-09-20T16:10:00+00:00,58.1000,57.5000,-2.2554,-0.3685,-1.8869,0.0048,-333.00,2.1667,30,reversal
PFE,Long,2021-09-20T14:00:00+00:00,2021-09-20T19:45:00+00:00,44.1000,44.0800,2.4553,-0.3685,2.8238,0.0050,439.00,5.7500,30,eod
PFE,Short,2021-09-20T14:20:00+00:00,2021-09-20T19:45:00+00:00,44.4200,44.0800,2.6927,-1.4312,4.1238,0.0073,-437.00,5.4167,50,eod
TSLA,Long,2021-09-21T14:00:00+00:00,2021-09-21T19:45:00+00:00,246.8600,246.6000,1.8449,0.5325,1.3124,0.0052,79.00,5.7500,30,eod
GE,Short,2021-09-21T14:00:00+00:00,2021-09-21T19:45:00+00:00,61.0700,60.4300,-1.7212,0.5325,-2.2537,0.0086,-319.00,5.7500,30,eod
FCX,Long,2021-09-21T15:40:00+00:00,2021-09-21T19:45:00+00:00,30.1900,30.5700,-2.2481,0.7962,-3.0443,0.0141,650.00,4.0833,130,eod
DIS,Long,2021-09-22T14:10:00+00:00,2021-09-22T15:10:00+00:00,174.4300,173.7400,2.6820,1.3728,1.3093,0.0056,112.00,1.0000,40,reversal
META,Long,2021-09-22T14:00:00+00:00,2021-09-22T19:45:00+00:00,345.6600,343.7200,-1.5870,1.5493,-3.1363,0.0052,56.00,5.7500,30,eod
NKE,Short,2021-09-22T14:00:00+00:00,2021-09-22T19:45:00+00:00,156.9600,157.2900,-0.0534,1.5493,-1.6027,0.0048,-125.00,5.7500,30,eod
CRM,Long,2021-09-23T14:20:00+00:00,2021-09-23T19:45:00+00:00,273.5900,278.1600,3.6555,2.2378,1.4178,0.0062,71.00,5.4167,50,eod
CRM,Short,2021-09-23T15:45:00+00:00,2021-09-23T19:45:00+00:00,274.7000,278.1600,4.1945,1.1391,3.0553,0.0064,-70.00,4.0000,135,eod
NKE,Short,2021-09-23T14:00:00+00:00,2021-09-23T19:45:00+00:00,159.7800,159.5000,-0.3442,2.4742,-2.8184,0.0044,-122.00,5.7500,30,eod
COIN,Long,2021-09-23T14:00:00+00:00,2021-09-23T19:45:00+00:00,242.1000,238.3500,-1.4704,2.4742,-3.9446,0.0065,80.00,5.7500,30,eod
TSLA,Short,2021-09-24T14:45:00+00:00,2021-09-24T19:45:00+00:00,254.5400,257.6400,3.1211,0.0647,3.0564,0.0064,-76.00,5.0000,75,eod
GOOGL,Long,2021-09-24T14:00:00+00:00,2021-09-24T19:45:00+00:00,141.7200,142.2300,1.9935,0.7043,1.2892,0.0042,136.00,5.7500,30,eod
NKE,Short,2021-09-24T14:00:00+00:00,2021-09-24T19:45:00+00:00,149.5900,150.0500,-1.2644,0.7043,-1.9687,0.0046,-129.00,5.7500,30,eod
AMD,Short,2021-09-27T15:05:00+00:00,2021-09-27T19:45:00+00:00,107.4400,108.1300,3.7247,0.5038,3.2209,0.0076,-179.00,4.6667,95,eod
ADBE,Short,2021-09-27T14:00:00+00:00,2021-09-27T19:45:00+00:00,604.4000,603.6100,-1.9952,-0.8868,-1.1084,0.0060,-31.00,5.7500,30,eod
T,Long,2021-09-27T14:00:00+00:00,2021-09-27T19:45:00+00:00,20.7900,20.7000,2.0001,-0.8868,2.8869,0.0041,927.00,5.7500,30,eod
AAPL,Long,2021-09-28T14:00:00+00:00,2021-09-28T19:45:00+00:00,144.2700,141.9700,1.5435,-1.3320,2.8754,0.0053,133.00,5.7500,30,eod
AAPL,Short,2021-09-28T14:05:00+00:00,2021-09-28T19:45:00+00:00,143.9600,141.9700,1.1785,-1.9344,3.1128,0.0051,-133.00,5.6667,35,eod
GS,Short,2021-09-28T14:00:00+00:00,2021-09-28T19:45:00+00:00,396.1200,389.1100,-3.4532,-1.3320,-2.1212,0.0054,-48.00,5.7500,30,eod
MU,Short,2021-09-29T14:10:00+00:00,2021-09-29T19:45:00+00:00,72.8400,71.7200,3.4879,0.3937,3.0942,0.0091,-265.00,5.5833,40,eod
NFLX,Long,2021-09-29T14:00:00+00:00,2021-09-29T19:45:00+00:00,60.7600,60.1600,3.3638,0.7950,2.5687,0.0060,318.00,5.7500,30,eod
ADBE,Short,2021-09-29T14:00:00+00:00,2021-09-29T19:45:00+00:00,581.5400,579.1900,-1.1726,0.7950,-1.9676,0.0062,-33.00,5.7500,30,eod
LLY,Long,2021-09-30T14:00:00+00:00,2021-09-30T19:35:00+00:00,236.0400,232.2500,2.3101,0.0328,2.2773,0.0051,82.00,5.5833,30,reversal
DE,Short,2021-09-30T14:00:00+00:00,2021-09-30T19:45:00+00:00,346.4500,337.3500,-1.5577,0.0328,-1.5905,0.0071,-55.00,5.7500,30,eod
HD,Long,2021-09-30T17:25:00+00:00,2021-09-30T19:45:00+00:00,328.0600,329.3700,-4.3580,-1.2729,-3.0850,0.0064,59.00,2.3333,235,eod
HD,Short,2021-10-01T14:15:00+00:00,2021-10-01T15:10:00+00:00,326.0600,328.9700,-2.9464,-1.8016,-1.1448,0.0044,-59.00,0.9167,45,reversal
COP,Short,2021-10-01T14:00:00+00:00,2021-10-01T19:45:00+00:00,69.5400,70.1500,2.6385,-1.3863,4.0248,0.0060,-279.00,5.7500,30,eod
JPM,Long,2021-10-01T14:00:00+00:00,2021-10-01T19:45:00+00:00,165.3600,167.3800,1.5948,-1.3863,2.9811,0.0052,117.00,5.7500,30,eod
NFLX,Short,2021-10-04T14:00:00+00:00,2021-10-04T19:45:00+00:00,60.3900,60.2600,-3.8337,-2.2486,-1.5851,0.0084,-321.00,5.7500,30,eod
XOM,Long,2021-10-04T14:00:00+00:00,2021-10-04T19:45:00+00:00,61.7600,61.9300,0.5588,-2.2486,2.8074,0.0076,314.00,5.7500,30,eod
COIN,Short,2021-10-04T14:00:00+00:00,2021-10-04T19:45:00+00:00,232.6800,228.5400,2.5305,-2.2486,4.7791,0.0065,-83.00,5.7500,30,eod
COIN,Long,2021-10-05T14:05:00+00:00,2021-10-05T16:05:00+00:00,236.6800,235.9300,3.0701,1.5965,1.4736,0.0079,82.00,2.0000,35,reversal
MPC,Long,2021-10-05T16:00:00+00:00,2021-10-05T19:45:00+00:00,62.7800,63.3700,-1.4153,1.9082,-3.3234,0.0081,310.00,3.7500,150,eod
PFE,Short,2021-10-05T14:00:00+00:00,2021-10-05T19:45:00+00:00,42.4500,42.3800,-1.3005,1.4555,-2.7560,0.0040,-459.00,5.7500,30,eod
PYPL,Long,2021-10-06T14:00:00+00:00,2021-10-06T16:05:00+00:00,258.2300,260.6000,0.0632,-1.0970,1.1602,0.0055,75.00,2.0833,30,reversal
MPC,Long,2021-10-06T14:15:00+00:00,2021-10-06T19:45:00+00:00,61.7000,62.7100,-3.3841,0.2109,-3.5951,0.0070,317.00,5.5000,45,eod
CAT,Short,2021-10-06T14:00:00+00:00,2021-10-06T19:45:00+00:00,188.2000,191.4400,-2.9117,-1.0970,-1.8147,0.0068,-103.00,5.7500,30,eod
NFLX,Short,2021-10-07T14:00:00+00:00,2021-10-07T19:45:00+00:00,63.7800,63.2500,-1.1379,0.6987,-1.8367,0.0099,-306.00,5.7500,30,eod
FCX,Short,2021-10-07T18:00:00+00:00,2021-10-07T19:45:00+00:00,34.4100,34.4500,3.1355,0.1075,3.0280,0.0169,-568.00,1.7500,270,eod
COIN,Long,2021-10-07T14:00:00+00:00,2021-10-07T19:45:00+00:00,252.3700,251.1600,2.7539,0.6987,2.0551,0.0083,77.00,5.7500,30,eod
BAC,Long,2021-10-08T14:00:00+00:00,2021-10-08T19:45:00+00:00,44.7100,44.4200,2.1729,0.4124,1.7604,0.0063,437.00,5.7500,30,eod
COIN,Short,2021-10-08T14:00:00+00:00,2021-10-08T19:45:00+00:00,249.6100,248.5000,-1.9542,0.4124,-2.3666,0.0092,-78.00,5.7500,30,eod
AMD,Long,2021-10-11T14:20:00+00:00,2021-10-11T15:15:00+00:00,107.1300,106.4900,2.6022,1.5657,1.0365,0.0073,182.00,0.9167,50,reversal
NKE,Long,2021-10-11T14:00:00+00:00,2021-10-11T19:45:00+00:00,151.9100,150.2500,-2.2714,1.6296,-3.9010,0.0038,128.00,5.7500,30,eod
LLY,Short,2021-10-11T14:00:00+00:00,2021-10-11T19:45:00+00:00,237.1300,234.1100,-0.0578,1.6296,-1.6874,0.0051,-82.00,5.7500,30,eod
MU,Long,2021-10-12T17:30:00+00:00,2021-10-12T19:45:00+00:00,65.9200,66.4600,-4.0025,-0.9520,-3.0505,0.0102,296.00,2.2500,240,eod
GOOGL,Short,2021-10-12T14:00:00+00:00,2021-10-12T19:45:00+00:00,136.9000,136.2200,-2.5515,-1.0382,-1.5134,0.0056,-142.00,5.7500,30,eod
SLB,Long,2021-10-12T14:00:00+00:00,2021-10-12T19:45:00+00:00,33.1100,32.8200,1.8911,-1.0382,2.9292,0.0109,588.00,5.7500,30,eod
SLB,Short,2021-10-12T14:05:00+00:00,2021-10-12T19:45:00+00:00,33.1900,32.8200,2.0170,-1.5586,3.5756,0.0115,-588.00,5.6667,35,eod
AMD,Long,2021-10-13T14:00:00+00:00,2021-10-13T19:45:00+00:00,109.0100,109.3000,2.3889,-0.2934,2.6824,0.0068,180.00,5.7500,30,eod
BAC,Short,2021-10-13T14:00:00+00:00,2021-10-13T19:45:00+00:00,42.6300,43.1900,-2.3042,-0.2934,-2.0108,0.0076,-460.00,5.7500,30,eod
PFE,Long,2021-10-13T14:00:00+00:00,2021-10-13T19:45:00+00:00,41.2000,41.4700,-3.6619,-0.2934,-3.3684,0.0038,476.00,5.7500,30,eod
UNH,Long,2021-10-14T14:00:00+00:00,2021-10-14T19:45:00+00:00,422.1600,420.3100,-3.7766,1.3535,-5.1302,0.0052,46.00,5.7500,30,eod
LLY,Short,2021-10-14T14:00:00+00:00,2021-10-14T19:45:00+00:00,235.4000,236.3100,-1.3107,1.3535,-2.6643,0.0055,-83.00,5.7500,30,eod
PYPL,Long,2021-10-14T14:00:00+00:00,2021-10-14T19:45:00+00:00,265.0000,266.5600,2.6800,1.3535,1.3265,0.0059,73.00,5.7500,30,eod
GE,Long,2021-10-15T14:00:00+00:00,2021-10-15T17:25:00+00:00,65.6500,64.8400,2.2519,0.0921,2.1598,0.0069,297.00,3.4167,30,reversal
CRM,Short,2021-10-15T14:00:00+00:00,2021-10-15T19:45:00+00:00,289.8900,291.5700,-1.3793,0.0921,-1.4714,0.0059,-67.00,5.7500,30,eod
LLY,Long,2021-10-18T14:00:00+00:00,2021-10-18T16:30:00+00:00,241.5800,239.6200,3.0629,1.4118,1.6511,0.0064,80.00,2.5000,30,reversal
DIS,Short,2021-10-18T14:00:00+00:00,2021-10-18T19:45:00+00:00,171.3700,171.0800,-1.3927,1.4118,-2.8045,0.0049,-113.00,5.7500,30,eod
DIS,Long,2021-10-18T16:30:00+00:00,2021-10-18T19:45:00+00:00,170.7500,171.0800,-1.4823,1.5734,-3.0557,0.0070,113.00,3.2500,180,eod
TXN,Long,2021-10-19T14:00:00+00:00,2021-10-19T19:45:00+00:00,195.2800,197.9400,1.4821,0.3656,1.1164,0.0044,99.00,5.7500,30,eod
NKE,Short,2021-10-19T14:00:00+00:00,2021-10-19T19:45:00+00:00,157.8300,157.4400,-1.5794,0.3656,-1.9450,0.0049,-122.00,5.7500,30,eod
CRM,Long,2021-10-20T15:15:00+00:00,2021-10-20T19:45:00+00:00,289.0900,289.8200,-3.2446,-0.0741,-3.1705,0.0060,67.00,4.5000,105,eod
ADBE,Short,2021-10-20T14:00:00+00:00,2021-10-20T19:45:00+00:00,630.9100,631.6200,-2.5534,-0.4115,-2.1419,0.0061,-30.00,5.7500,30,eod
SBUX,Short,2021-10-20T14:00:00+00:00,2021-10-20T19:45:00+00:00,114.2600,113.8300,2.8623,-0.4115,3.2738,0.0037,-170.00,5.7500,30,eod
PFE,Long,2021-10-20T14:00:00+00:00,2021-10-20T19:45:00+00:00,42.6600,42.7700,2.0120,-0.4115,2.4235,0.0052,456.00,5.7500,30,eod
TSLA,Long,2021-10-21T14:00:00+00:00,2021-10-21T19:45:00+00:00,295.3300,297.9300,2.7166,0.6858,2.0308,0.0071,65.00,5.7500,30,eod
TSLA,Short,2021-10-21T14:10:00+00:00,2021-10-21T19:45:00+00:00,297.0600,297.9300,4.2543,0.8426,3.4117,0.0059,-65.00,5.5833,40,eod
GE,Long,2021-10-21T14:55:00+00:00,2021-10-21T19:45:00+00:00,65.0700,64.4200,-2.1592,0.8632,-3.0224,0.0069,298.00,4.8333,85,eod
LLY,Short,2021-10-21T14:00:00+00:00,2021-10-21T19:45:00+00:00,240.2800,241.0600,-2.0767,0.6858,-2.7625,0.0064,-81.00,5.7500,30,eod
AVGO,Long,2021-10-22T14:00:00+00:00,2021-10-22T19:45:00+00:00,51.9400,51.6300,2.1094,-0.2091,2.3185,0.0041,373.00,5.7500,30,eod
GOOGL,Short,2021-10-22T14:00:00+00:00,2021-10-22T19:45:00+00:00,137.7900,137.4700,-2.5805,-0.2091,-2.3714,0.0055,-140.00,5.7500,30,eod
UNH,Short,2021-10-22T15:40:00+00:00,2021-10-22T19:45:00+00:00,446.1700,448.2700,1.5503,-1.4535,3.0038,0.0066,-43.00,4.0833,130,eod
COP,Short,2021-10-25T14:00:00+00:00,2021-10-25T16:10:00+00:00,77.8900,76.7100,2.9415,-0.6946,3.6361,0.0060,-248.00,2.1667,30,reversal
SLB,Long,2021-10-25T14:00:00+00:00,2021-10-25T16:25:00+00:00,34.6800,34.2600,1.5898,-0.6946,2.2844,0.0099,557.00,2.4167,30,reversal
MU,Short,2021-10-25T14:00:00+00:00,2021-10-25T19:45:00+00:00,69.5200,68.7100,-2.6487,-0.6946,-1.9541,0.0071,-277.00,5.7500,30,eod
MU,Long,2021-10-25T15:05:00+00:00,2021-10-25T19:45:00+00:00,68.8500,68.7100,-3.0709,-0.0492,-3.0217,0.0092,281.00,4.6667,95,eod
TSLA,Long,2021-10-26T14:00:00+00:00,2021-10-26T15:30:00+00:00,355.6400,343.0500,3.4511,0.4959,2.9553,0.0081,54.00,1.5000,30,reversal
TSLA,Short,2021-10-26T14:05:00+00:00,2021-10-26T15:30:00+00:00,358.6800,343.0500,4.4995,0.6057,3.8939,0.0082,-54.00,1.4167,35,reversal
TXN,Long,2021-10-26T14:00:00+00:00,2021-10-26T16:45:00+00:00,197.3100,197.6300,-2.6837,0.4959,-3.1795,0.0043,98.00,2.7500,30,reversal
META,Short,2021-10-26T14:00:00+00:00,2021-10-26T19:45:00+00:00,323.0000,316.1800,-2.4775,0.4959,-2.9733,0.0070,-59.00,5.7500,30,eod
CVX,Short,2021-10-27T14:10:00+00:00,2021-10-27T14:35:00+00:00,113.4000,112.6400,3.0380,-0.0171,3.0551,0.0030,-174.00,0.4167,40,reversal
AMD,Short,2021-10-27T14:00:00+00:00,2021-10-27T19:45:00+00:00,121.7700,122.1000,-2.6178,0.3584,-2.9762,0.0093,-162.00,5.7500,30,eod
GOOGL,Long,2021-10-27T14:00:00+00:00,2021-10-27T19:45:00+00:00,142.0500,147.1000,2.5654,0.3584,2.2070,0.0053,139.00,5.7500,30,eod
SBUX,Long,2021-10-27T14:15:00+00:00,2021-10-27T19:45:00+00:00,113.3600,113.6900,-3.1963,0.2637,-3.4600,0.0049,174.00,5.5000,45,eod
AAPL,Long,2021-10-28T14:00:00+00:00,2021-10-28T19:45:00+00:00,151.9600,152.3600,2.2838,0.2736,2.0102,0.0040,131.00,5.7500,30,eod
LOW,Long,2021-10-28T18:30:00+00:00,2021-10-28T19:45:00+00:00,232.3500,231.7000,-1.9437,1.0821,-3.0258,0.0041,86.00,1.2500,300,eod
PYPL,Short,2021-10-28T14:00:00+00:00,2021-10-28T19:45:00+00:00,233.2500,236.4600,-1.8338,0.2736,-2.1074,0.0076,-85.00,5.7500,30,eod
AMZN,Long,2021-10-29T14:00:00+00:00,2021-10-29T19:45:00+00:00,165.5400,167.6300,2.2854,0.8863,1.3991,0.0046,120.00,5.7500,30,eod
CAT,Long,2021-10-29T14:00:00+00:00,2021-10-29T19:45:00+00:00,205.6200,203.9600,-2.2591,0.8863,-3.1453,0.0064,96.00,5.7500,30,eod
JPM,Short,2021-10-29T14:00:00+00:00,2021-10-29T19:45:00+00:00,170.4800,169.8600,-1.5619,0.8863,-2.4482,0.0052,-116.00,5.7500,30,eod
DIS,Long,2021-11-01T14:00:00+00:00,2021-11-01T15:25:00+00:00,170.5800,169.8400,1.0621,-1.7566,2.8187,0.0034,116.00,1.4167,30,reversal
DE,Short,2021-11-01T14:00:00+00:00,2021-11-01T19:45:00+00:00,357.9700,359.5400,2.8272,-1.7566,4.5838,0.0066,-55.00,5.7500,30,eod
LOW,Short,2021-11-01T14:00:00+00:00,2021-11-01T19:45:00+00:00,232.6100,231.4000,-3.0249,-1.7566,-1.2683,0.0043,-85.00,5.7500,30,eod
LOW,Long,2021-11-01T14:25:00+00:00,2021-11-01T19:45:00+00:00,231.5900,231.4000,-4.2931,-0.3959,-3.8973,0.0040,86.00,5.3333,55,eod
SBUX,Short,2021-11-02T14:00:00+00:00,2021-11-02T17:10:00+00:00,110.1800,111.4900,-0.6385,2.1901,-2.8286,0.0059,-180.00,3.1667,30,reversal
MPC,Long,2021-11-02T14:00:00+00:00,2021-11-02T19:45:00+00:00,66.3200,64.8000,-2.5250,2.1901,-4.7151,0.0052,299.00,5.7500,30,eod
GS,Short,2021-11-02T17:30:00+00:00,2021-11-02T19:45:00+00:00,424.3600,424.4100,3.6797,0.6651,3.0147,0.0064,-46.00,2.2500,240,eod
LLY,Long,2021-11-02T14:05:00+00:00,2021-11-02T19:45:00+00:00,255.0300,256.1700,2.2835,1.2175,1.0660,0.0088,77.00,5.6667,35,eod
SLB,Long,2021-11-03T14:00:00+00:00,2021-11-03T19:45:00+00:00,32.9300,32.9700,1.8647,-0.7992,2.6639,0.0068,597.00,5.7500,30,eod
DE,Short,2021-11-03T14:00:00+00:00,2021-11-03T19:45:00+00:00,339.0300,341.0800,-2.8304,-0.7992,-2.0312,0.0078,-58.00,5.7500,30,eod
NKE,Short,2021-11-03T14:00:00+00:00,2021-11-03T19:45:00+00:00,171.0200,172.8400,2.6365,-0.7992,3.4357,0.0038,-115.00,5.7500,30,eod
PFE,Long,2021-11-03T16:50:00+00:00,2021-11-03T19:45:00+00:00,44.5800,44.7500,-3.1556,0.0811,-3.2367,0.0096,442.00,2.9167,200,eod
NVDA,Long,2021-11-04T14:00:00+00:00,2021-11-04T14:20:00+00:00,28.2900,28.2800,3.8535,2.2293,1.6241,0.0077,691.00,0.3333,30,reversal
NVDA,Short,2021-11-04T15:30:00+00:00,2021-11-04T19:45:00+00:00,28.9500,29.9900,4.3692,1.3557,3.0136,0.0123,-676.00,4.2500,120,eod
NFLX,Short,2021-11-04T14:00:00+00:00,2021-11-04T19:45:00+00:00,68.0100,66.8000,-0.5399,2.2293,-2.7692,0.0043,-287.00,5.7500,30,eod
PFE,Long,2021-11-04T14:00:00+00:00,2021-11-04T19:45:00+00:00,43.8300,43.6900,-2.0400,2.2293,-4.2693,0.0059,446.00,5.7500,30,eod
MU,Short,2021-11-05T14:00:00+00:00,2021-11-05T15:30:00+00:00,72.7700,73.3100,-1.3377,0.4666,-1.8043,0.0062,-266.00,1.5000,30,reversal
QCOM,Short,2021-11-05T14:05:00+00:00,2021-11-05T19:45:00+00:00,159.7600,162.8900,3.3190,-0.4104,3.7294,0.0047,-121.00,5.6667,35,eod
DIS,Long,2021-11-05T14:00:00+00:00,2021-11-05T19:45:00+00:00,174.9200,175.6100,3.3019,0.4666,2.8352,0.0030,110.00,5.7500,30,eod
DIS,Short,2021-11-08T15:00:00+00:00,2021-11-08T16:35:00+00:00,178.3800,176.7100,2.4218,-1.3544,3.7762,0.0030,-107.00,1.5833,30,reversal
COP,Long,2021-11-08T15:00:00+00:00,2021-11-08T18:25:00+00:00,76.8500,76.0500,1.4917,-1.3544,2.8461,0.0060,250.00,3.4167,30,reversal
LOW,Short,2021-11-08T15:00:00+00:00,2021-11-08T20:45:00+00:00,234.7400,234.8600,-2.6738,-1.3544,-1.3194,0.0050,-81.00,5.7500,30,eod
TSLA,Short,2021-11-09T15:00:00+00:00,2021-11-09T20:45:00+00:00,354.6700,340.6500,-5.2012,-3.5981,-1.6031,0.0161,-54.00,5.7500,30,eod
TSLA,Long,2021-11-09T16:35:00+00:00,2021-11-09T20:45:00+00:00,354.2900,340.6500,-5.4357,-2.3868,-3.0489,0.0155,54.00,4.1667,125,eod
MSFT,Long,2021-11-09T15:00:00+00:00,2021-11-09T20:45:00+00:00,336.4900,336.1000,-0.6602,-3.5981,2.9379,0.0042,57.00,5.7500,30,eod
LLY,Short,2021-11-09T15:00:00+00:00,2021-11-09T20:45:00+00:00,260.9200,261.9200,0.9537,-3.5981,4.5518,0.0081,-73.00,5.7500,30,eod
NVDA,Long,2021-11-10T15:05:00+00:00,2021-11-10T16:25:00+00:00,30.4100,29.8500,3.6497,2.5788,1.0709,0.0120,621.00,1.3333,35,reversal
TSLA,Short,2021-11-10T19:15:00+00:00,2021-11-10T20:45:00+00:00,349.4300,353.5500,2.1955,-0.9073,3.1028,0.0230,-54.00,1.5000,285,eod
COP,Short,2021-11-10T15:00:00+00:00,2021-11-10T20:45:00+00:00,74.5700,73.0700,-0.6012,2.3605,-2.9617,0.0060,-253.00,5.7500,30,eod
GE,Long,2021-11-10T15:00:00+00:00,2021-11-10T20:45:00+00:00,68.4800,67.8100,-1.7287,2.3605,-4.0892,0.0079,276.00,5.7500,30,eod
DIS,Short,2021-11-11T15:00:00+00:00,2021-11-11T15:15:00+00:00,159.5500,161.8400,-3.1435,-0.4458,-2.6977,0.0045,-117.00,0.2500,30,reversal
FCX,Short,2021-11-11T15:00:00+00:00,2021-11-11T20:45:00+00:00,40.6600,40.9300,2.6012,-0.4458,3.0470,0.0127,-461.00,5.7500,30,eod
SCHW,Long,2021-11-11T15:00:00+00:00,2021-11-11T20:45:00+00:00,81.7200,81.5600,2.1796,-0.4458,2.6254,0.0044,229.00,5.7500,30,eod
MU,Long,2021-11-12T15:00:00+00:00,2021-11-12T20:45:00+00:00,76.8800,77.3100,2.7007,-0.1609,2.8616,0.0068,242.00,5.7500,30,eod
MU,Short,2021-11-12T15:10:00+00:00,2021-11-12T20:45:00+00:00,76.8200,77.3100,2.7630,-0.2431,3.0061,0.0063,-242.00,5.5833,40,eod
CRM,Short,2021-11-12T15:00:00+00:00,2021-11-12T20:45:00+00:00,303.8100,306.0900,-1.4839,-0.1609,-1.3230,0.0049,-61.00,5.7500,30,eod
DIS,Long,2021-11-12T15:55:00+00:00,2021-11-12T20:45:00+00:00,160.3200,159.6800,-2.3257,0.9810,-3.3067,0.0046,116.00,4.8333,85,eod
META,Long,2021-11-15T15:00:00+00:00,2021-11-15T20:45:00+00:00,352.0800,348.4300,2.1462,-0.8043,2.9505,0.0064,52.00,5.7500,30,eod
CVX,Short,2021-11-15T16:00:00+00:00,2021-11-15T20:45:00+00:00,115.7800,116.7100,1.7928,-1.4016,3.1945,0.0040,-159.00,4.7500,90,eod
DIS,Short,2021-11-15T18:30:00+00:00,2021-11-15T20:45:00+00:00,158.2300,158.1100,-2.2466,-1.2349,-1.0118,0.0058,-116.00,2.2500,240,eod
QCOM,Long,2021-11-16T15:00:00+00:00,2021-11-16T15:40:00+00:00,169.2600,167.7200,2.5491,0.9614,1.5877,0.0048,108.00,0.6667,30,reversal
QCOM,Short,2021-11-16T19:10:00+00:00,2021-11-16T20:45:00+00:00,179.3200,181.6700,4.4848,1.4012,3.0837,0.0161,-102.00,1.5833,280,eod
GE,Short,2021-11-16T15:00:00+00:00,2021-11-16T20:45:00+00:00,64.6100,64.2700,-1.4532,0.9614,-2.4146,0.0064,-284.00,5.7500,30,eod
GE,Long,2021-11-16T15:05:00+00:00,2021-11-16T20:45:00+00:00,64.3800,64.2700,-2.3076,0.8688,-3.1764,0.0056,285.00,5.6667,35,eod
COP,Long,2021-11-17T15:00:00+00:00,2021-11-17T16:05:00+00:00,73.7200,72.9300,2.9022,-0.0966,2.9988,0.0041,247.00,1.0833,30,reversal
LLY,Short,2021-11-17T15:00:00+00:00,2021-11-17T16:50:00+00:00,263.1400,259.9100,2.9119,-0.0966,3.0085,0.0075,-69.00,1.8333,30,reversal
SCHW,Short,2021-11-17T15:00:00+00:00,2021-11-17T20:45:00+00:00,80.8500,81.3400,-2.2277,-0.0966,-2.1310,0.0033,-225.00,5.7500,30,eod
LOW,Long,2021-11-17T16:00:00+00:00,2021-11-17T20:45:00+00:00,247.9200,246.2000,-2.6538,0.5352,-3.1890,0.0087,73.00,4.7500,90,eod
AAPL,Long,2021-11-18T15:00:00+00:00,2021-11-18T16:40:00+00:00,154.3800,154.6700,2.8575,0.8010,2.0564,0.0025,117.00,1.6667,30,reversal
GE,Short,2021-11-18T15:00:00+00:00,2021-11-18T20:45:00+00:00,62.3200,62.3700,-2.1224,0.8010,-2.9234,0.0063,-290.00,5.7500,30,eod
GS,Long,2021-11-18T15:00:00+00:00,2021-11-18T20:45:00+00:00,388.4900,391.5300,-2.7961,0.8010,-3.5971,0.0046,46.00,5.7500,30,eod
BAC,Short,2021-11-19T15:00:00+00:00,2021-11-19T17:40:00+00:00,44.9700,45.6500,-1.3986,1.0926,-2.4912,0.0047,-403.00,2.6667,30,reversal
MU,Short,2021-11-19T17:00:00+00:00,2021-11-19T20:45:00+00:00,83.2300,83.2200,3.9897,0.9832,3.0065,0.0097,-217.00,3.7500,150,eod
AAPL,Long,2021-11-19T15:00:00+00:00,2021-11-19T20:45:00+00:00,158.8100,160.7400,3.4278,1.0926,2.3352,0.0031,114.00,5.7500,30,eod
XOM,Long,2021-11-19T15:00:00+00:00,2021-11-19T20:45:00+00:00,60.5500,60.7000,-3.6616,1.0926,-4.7542,0.0064,299.00,5.7500,30,eod
UNH,Short,2021-11-22T15:00:00+00:00,2021-11-22T16:05:00+00:00,439.4700,442.0600,-1.4223,1.3015,-2.7238,0.0040,-41.00,1.0833,30,reversal
GOOGL,Long,2021-11-22T15:00:00+00:00,2021-11-22T18:05:00+00:00,147.9000,147.2400,-1.7190,1.3015,-3.0205,0.0043,122.00,3.0833,30,reversal
MU,Long,2021-11-22T15:00:00+00:00,2021-11-22T20:45:00+00:00,87.2100,84.4600,4.1876,1.3015,2.8861,0.0074,207.00,5.7500,30,eod
MU,Short,2021-11-22T15:05:00+00:00,2021-11-22T20:45:00+00:00,87.5600,84.4600,5.0086,1.4050,3.6035,0.0070,-207.00,5.6667,35,eod
UNH,Long,2021-11-23T15:00:00+00:00,2021-11-23T20:45:00+00:00,443.7900,446.5800,2.7812,1.3872,1.3939,0.0048,41.00,5.7500,30,eod
UNH,Short,2021-11-23T15:40:00+00:00,2021-11-23T20:45:00+00:00,441.8400,446.5800,1.8676,-1.3506,3.2183,0.0048,-41.00,5.0833,70,eod
DIS,Short,2021-11-23T15:00:00+00:00,2021-11-23T20:45:00+00:00,151.8800,151.2800,-0.9436,1.3872,-2.3308,0.0067,-120.00,5.7500,30,eod
AMD,Long,2021-11-24T15:00:00+00:00,2021-11-24T16:25:00+00:00,152.2000,154.6200,2.4621,1.3029,1.1592,0.0126,119.00,1.4167,30,reversal
PFE,Short,2021-11-24T15:00:00+00:00,2021-11-24T20:45:00+00:00,50.8700,50.8700,-1.2549,1.3029,-2.5579,0.0047,-357.00,5.7500,30,eod
T,Long,2021-11-24T15:00:00+00:00,2021-11-24T20:45:00+00:00,18.5500,18.5000,-1.8812,1.3029,-3.1841,0.0026,980.00,5.7500,30,eod
TXN,Short,2021-11-26T15:00:00+00:00,2021-11-26T15:55:00+00:00,189.7000,189.1300,-3.1701,-2.0857,-1.0844,0.0038,-96.00,0.9167,30,reversal
PFE,Short,2021-11-26T15:00:00+00:00,2021-11-29T14:35:00+00:00,54.6300,55.1400,3.4140,-2.0857,5.4996,0.0050,-333.00,71.5833,30,reversal
T,Long,2021-11-26T15:00:00+00:00,2021-11-29T14:35:00+00:00,18.2700,18.1500,0.6227,-2.0857,2.7084,0.0026,997.00,71.5833,30,reversal
ADBE,Long,2021-11-29T15:00:00+00:00,2021-11-29T20:45:00+00:00,675.0200,689.4700,2.0357,0.9157,1.1200,0.0055,26.00,5.7500,30,eod
JPM,Long,2021-11-29T15:00:00+00:00,2021-11-29T20:45:00+00:00,160.9900,161.6200,-3.9968,0.9157,-4.9125,0.0045,112.00,5.7500,30,eod
DIS,Short,2021-11-29T15:00:00+00:00,2021-11-29T20:45:00+00:00,145.8400,148.1200,-2.0445,0.9157,-2.9601,0.0073,-124.00,5.7500,30,eod
GS,Short,2021-11-30T15:00:00+00:00,2021-11-30T15:55:00+00:00,381.6400,380.3800,-1.6502,0.9039,-2.5541,0.0061,-47.00,0.9167,30,reversal
AAPL,Long,2021-11-30T15:00:00+00:00,2021-11-30T20:45:00+00:00,163.0200,164.1000,2.9793,0.9039,2.0754,0.0054,111.00,5.7500,30,eod
AAPL,Short,2021-11-30T15:35:00+00:00,2021-11-30T20:45:00+00:00,164.1800,164.1000,3.4679,-0.1896,3.6575,0.0067,-110.00,5.1667,65,eod
T,Long,2021-11-30T15:00:00+00:00,2021-11-30T20:45:00+00:00,17.5100,17.2900,-2.2124,0.9039,-3.1162,0.0031,1037.00,5.7500,30,eod
LLY,Short,2021-12-01T15:00:00+00:00,2021-12-01T15:20:00+00:00,248.2700,251.3600,-1.1805,1.0703,-2.2508,0.0057,-73.00,0.3333,30,reversal
TXN,Long,2021-12-01T15:00:00+00:00,2021-12-01T20:45:00+00:00,198.3700,193.9000,3.6868,1.0703,2.6165,0.0054,91.00,5.7500,30,eod
TXN,Short,2021-12-01T15:10:00+00:00,2021-12-01T20:45:00+00:00,199.6200,193.9000,4.6559,1.0601,3.5959,0.0057,-90.00,5.5833,40,eod
CRM,Long,2021-12-01T15:00:00+00:00,2021-12-01T20:45:00+00:00,266.6500,251.9200,-2.1759,1.0703,-3.2462,0.0057,67.00,5.7500,30,eod
MU,Short,2021-12-02T15:00:00+00:00,2021-12-02T15:45:00+00:00,83.3300,81.8500,0.7235,2.8939,-2.1704,0.0090,-215.00,0.7500,30,reversal
TSLA,Long,2021-12-02T15:00:00+00:00,2021-12-02T20:45:00+00:00,363.3300,361.7600,-0.8044,2.8939,-3.6983,0.0131,49.00,5.7500,30,eod
T,Long,2021-12-02T15:05:00+00:00,2021-12-02T20:45:00+00:00,17.1700,17.4600,4.1274,1.8493,2.2781,0.0046,1041.00,5.6667,35,eod
T,Short,2021-12-02T15:10:00+00:00,2021-12-02T20:45:00+00:00,17.2100,17.4600,4.3121,1.3087,3.0035,0.0050,-1040.00,5.5833,40,eod
ADBE,Short,2021-12-03T15:00:00+00:00,2021-12-03T20:45:00+00:00,625.3300,608.6900,-5.4955,-3.3471,-2.1484,0.0091,-28.00,5.7500,30,eod
HD,Short,2021-12-03T15:00:00+00:00,2021-12-03T20:45:00+00:00,412.6500,405.5600,0.0616,-3.3471,3.4087,0.0051,-43.00,5.7500,30,eod
UNH,Long,2021-12-03T15:00:00+00:00,2021-12-03T20:45:00+00:00,451.2300,447.2600,-0.5538,-3.3471,2.7933,0.0045,39.00,5.7500,30,eod
NFLX,Long,2021-12-06T15:00:00+00:00,2021-12-06T15:35:00+00:00,61.3900,60.9800,2.9493,0.1029,2.8464,0.0068,294.00,0.5833,30,reversal
TXN,Long,2021-12-06T15:10:00+00:00,2021-12-06T20:45:00+00:00,190.3900,194.4900,-1.7222,1.6172,-3.3394,0.0075,94.00,5.5833,40,eod
PFE,Short,2021-12-06T15:00:00+00:00,2021-12-06T20:45:00+00:00,52.6600,51.4800,-1.9761,0.1029,-2.0790,0.0076,-343.00,5.7500,30,eod
PFE,Long,2021-12-07T15:00:00+00:00,2021-12-07T17:25:00+00:00,51.7300,51.4400,2.0795,0.8872,1.1924,0.0084,353.00,2.4167,30,reversal
NFLX,Short,2021-12-07T15:00:00+00:00,2021-12-07T19:20:00+00:00,61.3800,62.7600,-1.1040,0.8872,-1.9912,0.0069,-297.00,4.3333,30,reversal
T,Long,2021-12-08T15:00:00+00:00,2021-12-08T15:25:00+00:00,17.6400,17.5300,1.3823,-0.0786,1.4610,0.0050,1025.00,0.4167,30,reversal
PFE,Short,2021-12-08T15:00:00+00:00,2021-12-08T20:45:00+00:00,51.0700,51.4100,-2.1595,-0.0786,-2.0809,0.0097,-354.00,5.7500,30,eod
AMD,Short,2021-12-09T15:10:00+00:00,2021-12-09T20:45:00+00:00,143.1800,138.9900,-2.1755,-0.8193,-1.3561,0.0104,-125.00,5.5833,40,eod
BAC,Long,2021-12-09T15:00:00+00:00,2021-12-09T20:45:00+00:00,44.3800,44.5400,1.9684,-0.4122,2.3807,0.0060,405.00,5.7500,30,eod
AVGO,Short,2021-12-10T15:00:00+00:00,2021-12-10T15:45:00+00:00,63.7500,62.3400,2.0980,-0.9440,3.0421,0.0069,-285.00,0.7500,30,reversal
AMZN,Short,2021-12-10T15:00:00+00:00,2021-12-10T20:45:00+00:00,173.0400,171.8000,-2.5282,-0.9440,-1.5841,0.0051,-105.00,5.7500,30,eod
PFE,Long,2021-12-10T15:00:00+00:00,2021-12-10T20:45:00+00:00,52.4100,52.7600,1.6453,-0.9440,2.5893,0.0104,346.00,5.7500,30,eod
T,Short,2021-12-13T15:00:00+00:00,2021-12-13T16:15:00+00:00,16.8400,16.9100,-2.1324,-0.2418,-1.8906,0.0055,-1090.00,1.2500,30,reversal
META,Long,2021-12-13T15:00:00+00:00,2021-12-13T20:45:00+00:00,337.6000,336.2700,2.3275,-0.2418,2.5693,0.0095,54.00,5.7500,30,eod
META,Short,2021-12-13T15:05:00+00:00,2021-12-13T20:45:00+00:00,340.1300,336.2700,3.0667,-0.1255,3.1923,0.0097,-54.00,5.6667,35,eod
MSFT,Short,2021-12-14T15:00:00+00:00,2021-12-14T20:45:00+00:00,329.3000,328.2500,-2.3719,-0.2805,-2.0914,0.0054,-55.00,5.7500,30,eod
BAC,Long,2021-12-14T15:00:00+00:00,2021-12-14T20:45:00+00:00,44.4500,44.2500,2.1203,-0.2805,2.4009,0.0069,414.00,5.7500,30,eod
PFE,Long,2021-12-15T15:00:00+00:00,2021-12-15T20:35:00+00:00,57.2000,58.6900,1.0098,-0.2783,1.2881,0.0121,321.00,5.5833,30,reversal
SBUX,Short,2021-12-15T15:00:00+00:00,2021-12-15T20:45:00+00:00,113.7000,114.5100,-2.1721,-0.2783,-1.8939,0.0054,-161.00,5.7500,30,eod
SBUX,Long,2021-12-15T15:35:00+00:00,2021-12-15T20:45:00+00:00,113.2700,114.5100,-2.8688,0.3996,-3.2684,0.0054,162.00,5.1667,65,eod
LLY,Short,2021-12-15T15:00:00+00:00,2021-12-15T20:45:00+00:00,267.4300,274.4300,4.3931,-0.2783,4.6714,0.0084,-68.00,5.7500,30,eod
AAPL,Short,2021-12-16T15:55:00+00:00,2021-12-16T17:10:00+00:00,175.7800,174.8600,-2.6015,-1.5855,-1.0161,0.0107,-104.00,1.2500,85,reversal
CAT,Long,2021-12-16T15:00:00+00:00,2021-12-16T20:45:00+00:00,206.5500,205.8400,0.6966,-2.3007,2.9973,0.0062,89.00,5.7500,30,eod
T,Short,2021-12-16T15:00:00+00:00,2021-12-16T20:45:00+00:00,17.6800,17.9100,3.3710,-2.3007,5.6717,0.0065,-1044.00,5.7500,30,eod
AVGO,Long,2021-12-17T15:00:00+00:00,2021-12-17T20:45:00+00:00,62.6300,63.8500,1.7834,0.0593,1.7242,0.0066,293.00,5.7500,30,eod
SBUX,Short,2021-12-17T15:00:00+00:00,2021-12-17T20:45:00+00:00,109.6500,108.5000,-2.4129,0.0593,-2.4721,0.0063,-167.00,5.7500,30,eod
SBUX,Long,2021-12-17T15:25:00+00:00,2021-12-17T20:45:00+00:00,108.2500,108.5000,-3.7853,-0.4550,-3.3303,0.0073,170.00,5.3333,55,eod
UNH,Short,2021-12-20T15:00:00+00:00,2021-12-20T17:15:00+00:00,476.5400,481.2700,-2.0667,0.2622,-2.3289,0.0046,-38.00,2.2500,30,reversal
NFLX,Long,2021-12-20T15:00:00+00:00,2021-12-20T20:45:00+00:00,59.7500,59.2400,2.7210,0.2622,2.4589,0.0075,310.00,5.7500,30,eod
DE,Long,2021-12-21T15:00:00+00:00,2021-12-21T20:45:00+00:00,345.5000,348.6800,1.0049,-1.5006,2.5055,0.0061,53.00,5.7500,30,eod
GE,Short,2021-12-21T15:00:00+00:00,2021-12-21T20:45:00+00:00,58.0000,57.6600,1.9520,-1.5006,3.4526,0.0094,-317.00,5.7500,30,eod
HD,Short,2021-12-21T15:00:00+00:00,2021-12-21T20:45:00+00:00,385.2700,388.8500,-2.8790,-1.5006,-1.3784,0.0056,-47.00,5.7500,30,eod
BAC,Long,2021-12-22T15:00:00+00:00,2021-12-22T15:40:00+00:00,44.5000,44.4800,1.4471,0.3499,1.0972,0.0067,414.00,0.6667,30,reversal
MU,Short,2021-12-22T15:00:00+00:00,2021-12-22T20:45:00+00:00,89.2400,89.9000,-1.3865,0.3499,-1.7364,0.0063,-206.00,5.7500,30,eod
NKE,Long,2021-12-22T16:20:00+00:00,2021-12-22T20:45:00+00:00,165.3500,165.5000,-1.6583,1.3494,-3.0076,0.0097,111.00,4.4167,110,eod
MU,Short,2021-12-23T15:00:00+00:00,2021-12-23T20:45:00+00:00,93.6300,94.6600,3.5411,0.3511,3.1900,0.0077,-196.00,5.7500,30,eod
CAT,Long,2021-12-23T15:00:00+00:00,2021-12-23T20:45:00+00:00,206.6100,206.7400,2.1071,0.3511,1.7560,0.0046,88.00,5.7500,30,eod
JPM,Short,2021-12-23T15:00:00+00:00,2021-12-23T20:45:00+00:00,157.7000,157.5100,-0.9106,0.3511,-1.2617,0.0053,-116.00,5.7500,30,eod
AMD,Long,2021-12-27T15:00:00+00:00,2021-12-27T20:45:00+00:00,151.5500,154.0500,2.1798,0.9554,1.2244,0.0103,120.00,5.7500,30,eod
PYPL,Short,2021-12-27T15:00:00+00:00,2021-12-27T20:45:00+00:00,191.8100,191.6300,-1.5697,0.9554,-2.5251,0.0068,-95.00,5.7500,30,eod
SBUX,Long,2021-12-28T15:00:00+00:00,2021-12-28T20:45:00+00:00,115.5200,115.7300,1.5903,0.1474,1.4429,0.0052,159.00,5.7500,30,eod
PFE,Short,2021-12-28T15:00:00+00:00,2021-12-28T20:45:00+00:00,58.1200,58.0400,-1.4229,0.1474,-1.5703,0.0146,-316.00,5.7500,30,eod
DIS,Short,2021-12-28T15:00:00+00:00,2021-12-28T20:45:00+00:00,156.4900,155.4500,3.2119,0.1474,3.0645,0.0060,-117.00,5.7500,30,eod
NFLX,Short,2021-12-29T15:00:00+00:00,2021-12-29T15:15:00+00:00,60.6400,60.6800,-1.9639,-0.7587,-1.2052,0.0056,-304.00,0.2500,30,reversal
NKE,Long,2021-12-29T15:00:00+00:00,2021-12-29T20:45:00+00:00,168.7000,169.0300,1.4451,-0.7587,2.2039,0.0046,109.00,5.7500,30,eod
ADBE,Long,2021-12-30T15:35:00+00:00,2021-12-30T20:45:00+00:00,574.6700,570.0600,1.5761,0.4850,1.0911,0.0077,32.00,5.1667,65,eod
LIN,Short,2021-12-30T15:00:00+00:00,2021-12-30T20:45:00+00:00,344.2200,345.0600,-1.9947,0.1381,-2.1328,0.0026,-53.00,5.7500,30,eod
GS,Short,2021-12-31T16:00:00+00:00,2021-12-31T20:45:00+00:00,381.0300,383.1100,-1.9562,-0.8465,-1.1097,0.0075,-48.00,4.7500,90,eod
PFE,Long,2021-12-31T15:00:00+00:00,2021-12-31T20:45:00+00:00,59.2900,59.1700,0.7464,-2.0264,2.7728,0.0130,309.00,5.7500,30,eod
MSFT,Short,2022-01-03T15:00:00+00:00,2022-01-03T20:45:00+00:00,330.6500,334.1600,-3.1245,-1.6251,-1.4994,0.0058,-55.00,5.7500,30,eod
XOM,Short,2022-01-03T15:00:00+00:00,2022-01-03T20:45:00+00:00,62.7100,63.5700,2.6401,-1.6251,4.2651,0.0065,-291.00,5.7500,30,eod
LIN,Long,2022-01-03T15:50:00+00:00,2022-01-03T20:45:00+00:00,340.8800,338.9000,-3.5129,-0.0759,-3.4370,0.0043,53.00,4.9167,80,eod
BAC,Long,2022-01-03T15:00:00+00:00,2022-01-03T20:45:00+00:00,45.7800,46.1500,1.3662,-1.6251,2.9913,0.0055,399.00,5.7500,30,eod
PFE,Short,2022-01-04T15:05:00+00:00,2022-01-04T15:40:00+00:00,54.3900,54.4600,-2.3138,-1.2787,-1.0351,0.0126,-333.00,0.5833,35,reversal
SLB,Long,2022-01-04T15:00:00+00:00,2022-01-04T20:45:00+00:00,32.8500,33.2600,1.4804,-1.4860,2.9664,0.0087,552.00,5.7500,30,eod
DE,Short,2022-01-04T15:00:00+00:00,2022-01-04T20:45:00+00:00,364.3100,371.4300,4.3040,-1.4860,5.7899,0.0047,-49.00,5.7500,30,eod
UNH,Long,2022-01-04T18:15:00+00:00,2022-01-04T20:45:00+00:00,491.7700,492.8000,-5.9947,-2.6759,-3.3189,0.0037,36.00,2.5000,225,eod
QCOM,Short,2022-01-05T15:10:00+00:00,2022-01-05T20:45:00+00:00,190.7300,187.5500,4.0520,1.0141,3.0379,0.0066,-94.00,5.5833,40,eod
DE,Long,2022-01-05T15:00:00+00:00,2022-01-05T20:45:00+00:00,381.7100,372.3200,2.9050,1.7111,1.1938,0.0058,47.00,5.7500,30,eod
GE,Short,2022-01-05T15:00:00+00:00,2022-01-05T20:45:00+00:00,62.4500,61.8900,-1.1884,1.7111,-2.8995,0.0075,-289.00,5.7500,30,eod
SBUX,Long,2022-01-05T15:00:00+00:00,2022-01-05T20:45:00+00:00,113.0600,110.6400,-1.9854,1.7111,-3.6966,0.0063,159.00,5.7500,30,eod
BAC,Long,2022-01-06T15:00:00+00:00,2022-01-06T15:25:00+00:00,47.7900,47.3600,0.4334,-2.5382,2.9716,0.0048,375.00,0.4167,30,reversal
UNH,Short,2022-01-06T15:00:00+00:00,2022-01-06T18:20:00+00:00,480.5300,478.0700,1.1689,-2.5382,3.7071,0.0046,-37.00,3.3333,30,reversal
GS,Short,2022-01-06T15:10:00+00:00,2022-01-06T20:45:00+00:00,388.5600,396.7300,-3.5651,-1.9569,-1.6081,0.0073,-46.00,5.5833,40,eod
GS,Long,2022-01-06T15:30:00+00:00,2022-01-06T20:45:00+00:00,389.4500,396.7300,-3.1445,0.2898,-3.4343,0.0075,45.00,5.2500,60,eod
AVGO,Short,2022-01-07T15:00:00+00:00,2022-01-07T15:55:00+00:00,63.0600,62.3700,-1.5896,0.7672,-2.3568,0.0053,-285.00,0.9167,30,reversal
UNH,Long,2022-01-07T15:10:00+00:00,2022-01-07T19:25:00+00:00,457.2900,460.4600,-2.8992,0.1599,-3.0591,0.0053,39.00,4.2500,40,reversal
T,Short,2022-01-07T15:25:00+00:00,2022-01-07T20:45:00+00:00,19.9600,19.8500,2.4463,-0.8668,3.3131,0.0067,-897.00,5.3333,55,eod
COIN,Long,2022-01-07T15:00:00+00:00,2022-01-07T20:45:00+00:00,235.2100,232.4700,2.2661,0.7672,1.4989,0.0075,76.00,5.7500,30,eod
TSLA,Long,2022-01-10T15:00:00+00:00,2022-01-10T20:45:00+00:00,329.6800,350.1400,0.4547,-1.7923,2.2470,0.0117,54.00,5.7500,30,eod
TSLA,Short,2022-01-10T15:10:00+00:00,2022-01-10T20:45:00+00:00,332.9900,350.1400,1.1241,-1.8914,3.0155,0.0137,-54.00,5.5833,40,eod
GE,Long,2022-01-10T18:20:00+00:00,2022-01-10T20:45:00+00:00,61.8400,61.6600,-2.7581,0.4159,-3.1740,0.0076,289.00,2.4167,230,eod
SCHW,Short,2022-01-10T15:00:00+00:00,2022-01-10T20:45:00+00:00,89.7900,91.0000,-3.5349,-1.7923,-1.7427,0.0052,-200.00,5.7500,30,eod
QCOM,Long,2022-01-11T15:00:00+00:00,2022-01-11T16:20:00+00:00,180.9100,181.8100,2.5026,1.4671,1.0356,0.0079,97.00,1.3333,30,reversal
CAT,Long,2022-01-11T15:00:00+00:00,2022-01-11T20:45:00+00:00,218.0000,219.9300,-2.3971,1.4671,-3.8641,0.0054,81.00,5.7500,30,eod
LIN,Short,2022-01-11T15:00:00+00:00,2022-01-11T20:45:00+00:00,332.5300,334.9000,-1.5065,1.4671,-2.9736,0.0034,-53.00,5.7500,30,eod
PYPL,Short,2022-01-12T15:00:00+00:00,2022-01-12T16:10:00+00:00,187.4800,186.5700,-1.9516,-0.5194,-1.4322,0.0082,-94.00,1.1667,30,reversal
JPM,Long,2022-01-12T15:00:00+00:00,2022-01-12T20:45:00+00:00,168.8100,168.1400,1.3531,-0.5194,1.8725,0.0045,104.00,5.7500,30,eod
PFE,Short,2022-01-12T15:50:00+00:00,2022-01-12T20:45:00+00:00,56.7300,56.6100,1.4790,-1.6780,3.1570,0.0091,-312.00,4.9167,80,eod
UNH,Short,2022-01-13T15:00:00+00:00,2022-01-13T15:35:00+00:00,469.8300,470.3300,-1.9677,-0.7125,-1.2553,0.0046,-37.00,0.5833,30,reversal
GE,Long,2022-01-13T15:00:00+00:00,2022-01-13T20:45:00+00:00,64.2100,63.6100,2.2129,-0.7125,2.9254,0.0054,275.00,5.7500,30,eod
GE,Short,2022-01-13T15:05:00+00:00,2022-01-13T20:45:00+00:00,64.2800,63.6100,2.6214,-0.9512,3.5726,0.0050,-275.00,5.6667,35,eod
GOOGL,Long,2022-01-14T15:00:00+00:00,2022-01-14T19:40:00+00:00,139.8900,139.3500,2.9604,1.3333,1.6272,0.0039,126.00,4.6667,30,reversal
LLY,Short,2022-01-14T15:00:00+00:00,2022-01-14T20:45:00+00:00,246.5800,243.5000,-1.4861,1.3333,-2.8194,0.0061,-71.00,5.7500,30,eod
LLY,Long,2022-01-14T15:05:00+00:00,2022-01-14T20:45:00+00:00,246.9600,243.5000,-1.1802,1.8403,-3.0205,0.0064,71.00,5.6667,35,eod
T,Short,2022-01-18T15:00:00+00:00,2022-01-18T19:30:00+00:00,20.4400,20.6600,-1.8695,0.7616,-2.6311,0.0065,-860.00,4.5000,30,reversal
FCX,Long,2022-01-18T15:05:00+00:00,2022-01-18T20:45:00+00:00,45.8800,44.2500,4.6293,1.7951,2.8342,0.0111,383.00,5.6667,35,eod
FCX,Short,2022-01-18T15:00:00+00:00,2022-01-18T20:45:00+00:00,45.7800,44.2500,4.5708,0.7616,3.8091,0.0107,-384.00,5.7500,30,eod
JPM,Long,2022-01-18T15:00:00+00:00,2022-01-18T20:45:00+00:00,152.9600,150.8600,-2.2686,0.7616,-3.0302,0.0057,115.00,5.7500,30,eod
COP,Short,2022-01-19T15:00:00+00:00,2022-01-19T15:50:00+00:00,86.2700,86.7800,-1.5604,1.3541,-2.9145,0.0092,-199.00,0.8333,30,reversal
MSFT,Long,2022-01-19T15:00:00+00:00,2022-01-19T20:45:00+00:00,312.6800,306.0100,3.0262,1.3541,1.6721,0.0073,55.00,5.7500,30,eod
BAC,Long,2022-01-19T15:00:00+00:00,2022-01-19T20:45:00+00:00,47.2100,46.7500,-2.3783,1.3541,-3.7324,0.0075,364.00,5.7500,30,eod
LLY,Short,2022-01-19T16:20:00+00:00,2022-01-19T20:45:00+00:00,249.3900,245.5100,1.3475,-1.7216,3.0690,0.0071,-68.00,4.4167,110,eod
CAT,Short,2022-01-20T15:00:00+00:00,2022-01-20T17:55:00+00:00,218.1800,221.4600,-1.2835,1.1410,-2.4246,0.0071,-78.00,2.9167,30,reversal
GS,Long,2022-01-20T15:00:00+00:00,2022-01-20T20:45:00+00:00,352.7500,349.3500,2.4859,1.1410,1.3449,0.0069,48.00,5.7500,30,eod
LOW,Long,2022-01-20T17:30:00+00:00,2022-01-20T20:45:00+00:00,231.9200,224.2500,-2.0762,1.0313,-3.1075,0.0082,73.00,3.2500,180,eod
PFE,Short,2022-01-20T19:45:00+00:00,2022-01-20T20:45:00+00:00,54.2000,54.1100,2.2633,-0.8199,3.0832,0.0081,-311.00,1.0000,315,eod
NFLX,Short,2022-01-21T15:00:00+00:00,2022-01-21T16:45:00+00:00,38.7700,40.1000,-4.1604,-2.2982,-1.8623,0.0077,-431.00,1.7500,30,reversal
GE,Long,2022-01-21T15:00:00+00:00,2022-01-21T20:45:00+00:00,60.5400,60.2300,0.4360,-2.2982,2.7342,0.0057,276.00,5.7500,30,eod
SBUX,Short,2022-01-21T15:00:00+00:00,2022-01-21T20:45:00+00:00,97.0300,96.7000,1.8051,-2.2982,4.1033,0.0042,-172.00,5.7500,30,eod
COIN,Long,2022-01-21T15:00:00+00:00,2022-01-21T20:45:00+00:00,192.7700,194.3700,-5.4233,-2.2982,-3.1251,0.0146,86.00,5.7500,30,eod
LIN,Short,2022-01-24T15:00:00+00:00,2022-01-24T16:50:00+00:00,309.3300,305.7300,-3.0190,-1.3302,-1.6888,0.0044,-53.00,1.8333,30,reversal
NFLX,Long,2022-01-24T15:00:00+00:00,2022-01-24T18:45:00+00:00,36.6300,37.6100,-4.4971,-1.3302,-3.1669,0.0100,452.00,3.7500,30,reversal
QCOM,Long,2022-01-24T15:00:00+00:00,2022-01-24T20:45:00+00:00,163.0000,169.1800,0.7808,-1.3302,2.1109,0.0089,101.00,5.7500,30,eod
HD,Short,2022-01-24T15:00:00+00:00,2022-01-24T20:45:00+00:00,348.7200,362.3300,2.3917,-1.3302,3.7219,0.0045,-47.00,5.7500,30,eod
SBUX,Short,2022-01-25T15:00:00+00:00,2022-01-25T15:25:00+00:00,95.3300,96.4100,-3.5534,-1.9433,-1.6101,0.0043,-175.00,0.4167,30,reversal
FCX,Long,2022-01-25T15:00:00+00:00,2022-01-25T20:45:00+00:00,38.4500,39.6000,-0.1675,-1.9433,1.7758,0.0124,435.00,5.7500,30,eod
NKE,Short,2022-01-25T15:15:00+00:00,2022-01-25T20:45:00+00:00,144.8400,145.5800,2.2864,-1.0811,3.3675,0.0044,-115.00,5.5000,45,eod
DE,Long,2022-01-26T15:00:00+00:00,2022-01-26T18:00:00+00:00,379.5000,373.6900,3.1118,0.9507,2.1611,0.0079,44.00,3.0000,30,reversal
DE,Short,2022-01-26T15:20:00+00:00,2022-01-26T18:00:00+00:00,379.9100,373.6900,2.6963,-0.3720,3.0683,0.0096,-44.00,2.6667,50,reversal
CRM,Short,2022-01-26T15:00:00+00:00,2022-01-26T20:25:00+00:00,218.4800,211.9600,-1.0758,0.9507,-2.0265,0.0088,-76.00,5.4167,30,reversal
T,Long,2022-01-26T16:20:00+00:00,2022-01-26T20:45:00+00:00,19.3900,18.3200,-3.0717,0.2253,-3.2970,0.0102,869.00,4.4167,110,eod
LOW,Short,2022-01-27T15:00:00+00:00,2022-01-27T18:30:00+00:00,230.1000,224.7400,-1.7602,1.0763,-2.8364,0.0046,-72.00,3.5000,30,reversal
LOW,Long,2022-01-27T15:05:00+00:00,2022-01-27T18:30:00+00:00,229.8000,224.7400,-2.0841,1.2026,-3.2867,0.0045,72.00,3.4167,35,reversal
CRM,Long,2022-01-27T15:00:00+00:00,2022-01-27T20:45:00+00:00,222.4300,213.2200,3.6496,1.0763,2.5734,0.0108,75.00,5.7500,30,eod
CRM,Short,2022-01-27T15:25:00+00:00,2022-01-27T20:45:00+00:00,218.8300,213.2200,2.8249,-0.3646,3.1896,0.0081,-75.00,5.3333,55,eod
TXN,Short,2022-01-28T15:00:00+00:00,2022-01-28T15:45:00+00:00,169.4800,173.0900,-3.4402,-0.9166,-2.5236,0.0051,-98.00,0.7500,30,reversal
T,Long,2022-01-28T15:00:00+00:00,2022-01-28T15:55:00+00:00,18.5200,18.4200,2.0278,-0.9166,2.9444,0.0101,898.00,0.9167,30,reversal
CAT,Long,2022-01-28T15:50:00+00:00,2022-01-28T20:45:00+00:00,200.1300,200.0600,-1.5518,1.6855,-3.2373,0.0083,82.00,4.9167,80,eod
AVGO,Long,2022-01-31T15:00:00+00:00,2022-01-31T18:30:00+00:00,57.2200,57.5300,2.7034,1.4217,1.2817,0.0068,287.00,3.5000,30,reversal
PFE,Short,2022-01-31T15:00:00+00:00,2022-01-31T20:45:00+00:00,53.0500,52.7300,-1.5483,1.4217,-2.9700,0.0070,-310.00,5.7500,30,eod
PFE,Long,2022-01-31T15:05:00+00:00,2022-01-31T20:45:00+00:00,53.0800,52.7300,-1.4849,1.9838,-3.4687,0.0069,310.00,5.6667,35,eod
XOM,Short,2022-02-01T15:00:00+00:00,2022-02-01T20:45:00+00:00,78.7900,80.6700,3.6686,-1.5309,5.1995,0.0082,-208.00,5.7500,30,eod
SLB,Long,2022-02-01T15:00:00+00:00,2022-02-01T20:45:00+00:00,39.1600,39.6100,1.3414,-1.5309,2.8723,0.0094,420.00,5.7500,30,eod
HD,Long,2022-02-01T15:05:00+00:00,2022-02-01T20:45:00+00:00,363.4800,368.7700,-4.4653,-1.3239,-3.1413,0.0041,45.00,5.6667,35,eod
LOW,Short,2022-02-01T15:00:00+00:00,2022-02-01T20:45:00+00:00,234.3300,238.9600,-4.0311,-1.5309,-2.5001,0.0053,-70.00,5.7500,30,eod
GOOGL,Long,2022-02-02T15:50:00+00:00,2022-02-02T17:05:00+00:00,146.2900,148.9800,-4.2432,-0.8694,-3.3737,0.0053,112.00,1.2500,80,reversal
QCOM,Long,2022-02-02T15:00:00+00:00,2022-02-02T20:45:00+00:00,183.7500,188.1900,1.9453,0.0971,1.8482,0.0088,88.00,5.7500,30,eod
SBUX,Short,2022-02-02T15:00:00+00:00,2022-02-02T20:45:00+00:00,98.3400,97.7600,4.4766,0.0971,4.3795,0.0059,-166.00,5.7500,30,eod
PYPL,Short,2022-02-02T15:00:00+00:00,2022-02-02T20:45:00+00:00,132.2000,132.9300,-2.9022,0.0971,-2.9993,0.0111,-123.00,5.7500,30,eod
META,Long,2022-02-03T15:00:00+00:00,2022-02-03T17:50:00+00:00,244.0400,238.7900,2.3694,0.1331,2.2363,0.0071,67.00,2.8333,30,reversal
QCOM,Short,2022-02-03T15:00:00+00:00,2022-02-03T20:45:00+00:00,182.1300,180.4500,-2.3274,0.1331,-2.4605,0.0098,-90.00,5.7500,30,eod
UNH,Long,2022-02-03T15:20:00+00:00,2022-02-03T20:45:00+00:00,485.5200,488.8000,-2.4023,0.9122,-3.3145,0.0075,34.00,5.4167,50,eod
HD,Long,2022-02-04T15:00:00+00:00,2022-02-04T20:45:00+00:00,357.0900,360.4700,-2.5038,1.5477,-4.0515,0.0050,46.00,5.7500,30,eod
SBUX,Short,2022-02-04T15:00:00+00:00,2022-02-04T20:45:00+00:00,94.6900,95.1800,-0.8702,1.5477,-2.4179,0.0070,-174.00,5.7500,30,eod
COIN,Long,2022-02-04T15:10:00+00:00,2022-02-04T20:45:00+00:00,188.4100,194.9200,2.7485,1.6425,1.1060,0.0225,87.00,5.5833,40,eod
TXN,Short,2022-02-07T15:00:00+00:00,2022-02-07T16:55:00+00:00,170.2300,170.2400,-1.7869,0.7381,-2.5250,0.0047,-97.00,1.9167,30,reversal
TXN,Long,2022-02-07T15:15:00+00:00,2022-02-07T16:55:00+00:00,169.8300,170.2400,-2.8430,0.1906,-3.0336,0.0038,98.00,1.6667,45,reversal
CVX,Long,2022-02-07T15:00:00+00:00,2022-02-07T20:45:00+00:00,136.9600,138.6500,2.0967,0.7381,1.3587,0.0066,121.00,5.7500,30,eod
CVX,Short,2022-02-07T16:20:00+00:00,2022-02-07T20:45:00+00:00,138.7900,138.6500,2.8089,-0.2464,3.0553,0.0098,-120.00,4.4167,110,eod
DE,Short,2022-02-08T15:00:00+00:00,2022-02-08T15:35:00+00:00,376.1200,383.6800,-2.4279,-0.3437,-2.0842,0.0091,-44.00,0.5833,30,reversal
LOW,Long,2022-02-08T15:00:00+00:00,2022-02-08T16:10:00+00:00,228.2000,231.3000,1.1624,-0.3437,1.5061,0.0067,73.00,1.1667,30,reversal
PFE,Long,2022-02-08T15:50:00+00:00,2022-02-08T20:45:00+00:00,50.0800,51.5700,-2.0013,1.3440,-3.3452,0.0089,333.00,4.9167,80,eod
MSFT,Short,2022-02-09T15:30:00+00:00,2022-02-09T20:45:00+00:00,308.5900,310.6500,-0.8185,0.2659,-1.0844,0.0050,-54.00,5.2500,60,eod
FCX,Short,2022-02-09T15:20:00+00:00,2022-02-09T20:45:00+00:00,42.7900,43.7200,2.7157,-0.3794,3.0951,0.0114,-394.00,5.4167,50,eod
DIS,Long,2022-02-09T15:00:00+00:00,2022-02-09T20:45:00+00:00,145.1900,146.9700,1.6926,0.0090,1.6836,0.0073,116.00,5.7500,30,eod
NKE,Long,2022-02-10T15:00:00+00:00,2022-02-10T15:30:00+00:00,146.8100,146.2600,3.6599,1.7482,1.9117,0.0045,114.00,0.5000,30,reversal
XOM,Long,2022-02-10T15:35:00+00:00,2022-02-10T20:45:00+00:00,79.1400,77.8800,-0.2767,2.7329,-3.0096,0.0087,211.00,5.1667,65,eod
CVX,Short,2022-02-10T15:00:00+00:00,2022-02-10T20:45:00+00:00,138.0500,135.5800,-0.2901,1.7482,-2.0383,0.0075,-121.00,5.7500,30,eod
ADBE,Short,2022-02-11T15:00:00+00:00,2022-02-11T18:35:00+00:00,492.4700,480.6600,-1.6974,-0.4323,-1.2651,0.0070,-33.00,3.5833,30,reversal
PFE,Long,2022-02-11T15:00:00+00:00,2022-02-11T20:45:00+00:00,50.9800,50.7300,1.7798,-0.4323,2.2121,0.0061,327.00,5.7500,30,eod
PFE,Short,2022-02-11T15:10:00+00:00,2022-02-11T20:45:00+00:00,51.0200,50.7300,2.1633,-1.0719,3.2353,0.0054,-327.00,5.5833,40,eod
AMZN,Long,2022-02-14T15:00:00+00:00,2022-02-14T20:45:00+00:00,153.5000,155.5100,1.1163,-0.0534,1.1697,0.0087,109.00,5.7500,30,eod
PFE,Short,2022-02-14T15:00:00+00:00,2022-02-14T20:45:00+00:00,49.3700,49.7900,-2.3715,-0.0534,-2.3182,0.0064,-341.00,5.7500,30,eod
PFE,Long,2022-02-14T15:05:00+00:00,2022-02-14T20:45:00+00:00,49.1200,49.7900,-3.0648,0.1778,-3.2427,0.0066,343.00,5.6667,35,eod
NVDA,Long,2022-02-15T15:00:00+00:00,2022-02-15T20:45:00+00:00,25.7100,26.4100,1.7689,-0.1632,1.9321,0.0144,661.00,5.7500,30,eod
BAC,Short,2022-02-15T15:00:00+00:00,2022-02-15T20:45:00+00:00,47.7700,47.6100,-1.3817,-0.1632,-1.2185,0.0066,-356.00,5.7500,30,eod
LLY,Short,2022-02-15T17:45:00+00:00,2022-02-15T20:45:00+00:00,242.9800,244.1300,2.4811,-0.5365,3.0175,0.0081,-70.00,3.0000,195,eod
PFE,Short,2022-02-16T15:10:00+00:00,2022-02-16T18:55:00+00:00,50.7200,49.7200,2.3560,-0.9869,3.3429,0.0066,-337.00,3.7500,40,reversal
SLB,Long,2022-02-16T15:00:00+00:00,2022-02-16T20:05:00+00:00,42.3100,42.0800,1.8917,-1.0419,2.9336,0.0103,404.00,5.0833,30,reversal
DE,Short,2022-02-16T15:05:00+00:00,2022-02-16T20:45:00+00:00,386.2800,391.4200,-2.0863,-0.8405,-1.2458,0.0086,-44.00,5.6667,35,eod
META,Long,2022-02-17T15:00:00+00:00,2022-02-17T20:05:00+00:00,217.2700,208.8200,0.7393,-0.8810,1.6203,0.0082,78.00,5.0833,30,reversal
GS,Short,2022-02-17T15:00:00+00:00,2022-02-17T20:45:00+00:00,351.1100,349.0100,-2.9277,-0.8810,-2.0467,0.0089,-48.00,5.7500,30,eod
DE,Short,2022-02-18T15:00:00+00:00,2022-02-18T15:35:00+00:00,373.4900,377.5200,-1.9196,0.1057,-2.0254,0.0086,-45.00,0.5833,30,reversal
GE,Long,2022-02-18T15:25:00+00:00,2022-02-18T20:45:00+00:00,58.8700,57.9800,-3.7724,-0.7539,-3.0185,0.0105,285.00,5.3333,55,eod
LLY,Long,2022-02-18T15:00:00+00:00,2022-02-18T20:45:00+00:00,242.3600,240.7800,1.8261,0.1057,1.7204,0.0059,69.00,5.7500,30,eod
TXN,Long,2022-02-22T15:00:00+00:00,2022-02-22T15:30:00+00:00,170.5600,169.7600,4.5471,2.2109,2.3362,0.0044,98.00,0.5000,30,reversal
COP,Long,2022-02-22T15:00:00+00:00,2022-02-22T20:45:00+00:00,89.6200,87.7600,-1.8881,2.2109,-4.0989,0.0096,186.00,5.7500,30,eod
SLB,Short,2022-02-22T15:00:00+00:00,2022-02-22T20:45:00+00:00,40.6100,39.4700,-0.7645,2.2109,-2.9754,0.0102,-412.00,5.7500,30,eod
HD,Short,2022-02-23T15:10:00+00:00,2022-02-23T15:45:00+00:00,310.8100,310.1400,-3.1344,-1.9304,-1.2040,0.0065,-53.00,0.5833,40,reversal
CVX,Short,2022-02-23T15:00:00+00:00,2022-02-23T20:45:00+00:00,134.7700,135.1200,1.4574,-2.3207,3.7781,0.0069,-124.00,5.7500,30,eod
LLY,Long,2022-02-23T15:00:00+00:00,2022-02-23T20:45:00+00:00,241.7900,238.5600,0.3980,-2.3207,2.7187,0.0058,69.00,5.7500,30,eod
ADBE,Long,2022-02-24T15:00:00+00:00,2022-02-24T20:45:00+00:00,437.6700,463.2800,3.7111,1.4026,2.3085,0.0078,38.00,5.7500,30,eod
XOM,Long,2022-02-24T15:00:00+00:00,2022-02-24T20:45:00+00:00,75.6400,75.4800,-2.8487,1.4026,-4.2513,0.0088,219.00,5.7500,30,eod
MPC,Short,2022-02-24T15:00:00+00:00,2022-02-24T20:45:00+00:00,74.5200,74.0500,-1.5101,1.4026,-2.9127,0.0090,-223.00,5.7500,30,eod
NKE,Short,2022-02-25T15:00:00+00:00,2022-02-25T20:45:00+00:00,136.6700,138.7000,-3.1967,-2.0081,-1.1886,0.0056,-124.00,5.7500,30,eod
PFE,Short,2022-02-25T15:00:00+00:00,2022-02-25T20:45:00+00:00,46.9700,47.6600,2.2845,-2.0081,4.2927,0.0072,-360.00,5.7500,30,eod
T,Long,2022-02-25T15:00:00+00:00,2022-02-25T20:45:00+00:00,17.8600,18.0300,0.5040,-2.0081,2.5121,0.0056,949.00,5.7500,30,eod
COP,Long,2022-02-28T15:00:00+00:00,2022-02-28T20:45:00+00:00,91.6200,94.8500,2.2782,-0.0524,2.3306,0.0082,183.00,5.7500,30,eod
CAT,Short,2022-02-28T17:15:00+00:00,2022-02-28T20:45:00+00:00,187.6400,187.3400,3.5930,0.5706,3.0224,0.0052,-90.00,3.5000,165,eod
DIS,Short,2022-02-28T15:00:00+00:00,2022-02-28T20:45:00+00:00,146.9300,148.1100,-1.6707,-0.0524,-1.6183,0.0062,-114.00,5.7500,30,eod
COP,Short,2022-03-01T15:40:00+00:00,2022-03-01T20:45:00+00:00,97.9700,96.4400,2.5841,-0.6704,3.2545,0.0103,-172.00,5.0833,70,eod
FCX,Long,2022-03-01T15:00:00+00:00,2022-03-01T20:45:00+00:00,49.0700,47.6300,2.3562,-0.6365,2.9927,0.0083,345.00,5.7500,30,eod
JPM,Short,2022-03-01T15:00:00+00:00,2022-03-01T20:45:00+00:00,136.9300,135.8700,-2.6806,-0.6365,-2.0441,0.0067,-123.00,5.7500,30,eod
SCHW,Long,2022-03-01T15:15:00+00:00,2022-03-01T20:45:00+00:00,79.5800,77.7100,-2.8529,0.1524,-3.0053,0.0101,212.00,5.5000,45,eod
QCOM,Long,2022-03-02T15:00:00+00:00,2022-03-02T19:20:00+00:00,168.3100,169.8000,3.3572,1.1196,2.2377,0.0061,99.00,4.3333,30,reversal
HD,Short,2022-03-02T15:05:00+00:00,2022-03-02T19:50:00+00:00,325.3000,325.5100,2.5024,-0.5443,3.0467,0.0063,-51.00,4.7500,35,reversal
NFLX,Short,2022-03-02T15:00:00+00:00,2022-03-02T20:45:00+00:00,38.2500,38.0600,-0.4385,1.1196,-1.5580,0.0077,-438.00,5.7500,30,eod
CRM,Long,2022-03-02T15:00:00+00:00,2022-03-02T20:45:00+00:00,208.0900,211.2400,-2.0717,1.1196,-3.1913,0.0078,80.00,5.7500,30,eod
NFLX,Short,2022-03-03T15:00:00+00:00,2022-03-03T16:00:00+00:00,37.6100,36.9700,-2.2264,-0.7746,-1.4518,0.0080,-449.00,1.0000,30,reversal
XOM,Short,2022-03-03T15:05:00+00:00,2022-03-03T20:45:00+00:00,81.1700,80.8400,2.0359,-1.2428,3.2787,0.0084,-208.00,5.6667,35,eod
LLY,Long,2022-03-03T15:00:00+00:00,2022-03-03T20:45:00+00:00,258.3400,257.7600,2.1368,-0.7746,2.9114,0.0056,65.00,5.7500,30,eod
AMZN,Short,2022-03-04T15:00:00+00:00,2022-03-04T16:05:00+00:00,145.2500,144.4500,-2.5773,-0.6647,-1.9126,0.0053,-116.00,1.0833,30,reversal
AVGO,Short,2022-03-04T15:00:00+00:00,2022-03-04T20:45:00+00:00,59.7600,59.3400,2.6405,-0.6647,3.3052,0.0072,-284.00,5.7500,30,eod
SCHW,Long,2022-03-04T15:00:00+00:00,2022-03-04T20:45:00+00:00,79.1400,78.4400,1.7497,-0.6647,2.4144,0.0095,214.00,5.7500,30,eod
META,Short,2022-03-07T15:00:00+00:00,2022-03-07T20:45:00+00:00,193.9800,188.2700,-4.1311,-2.1876,-1.9435,0.0065,-87.00,5.7500,30,eod
SLB,Short,2022-03-07T15:00:00+00:00,2022-03-07T20:45:00+00:00,42.3600,42.1600,5.2968,-2.1876,7.4844,0.0107,-400.00,5.7500,30,eod
SCHW,Long,2022-03-07T15:00:00+00:00,2022-03-07T20:45:00+00:00,79.2500,76.3700,0.7035,-2.1876,2.8912,0.0096,214.00,5.7500,30,eod
LIN,Long,2022-03-08T15:00:00+00:00,2022-03-08T16:45:00+00:00,268.2700,271.8500,-4.0988,-0.8958,-3.2030,0.0045,63.00,1.7500,30,reversal
FCX,Short,2022-03-08T15:00:00+00:00,2022-03-08T17:20:00+00:00,47.2900,47.3500,2.7913,-0.8958,3.6870,0.0070,-358.00,2.3333,30,reversal
CVX,Long,2022-03-08T15:00:00+00:00,2022-03-08T17:30:00+00:00,169.2400,168.1400,2.0992,-0.8958,2.9949,0.0102,100.00,2.5000,30,reversal
T,Short,2022-03-08T15:00:00+00:00,2022-03-08T20:45:00+00:00,17.4700,17.4200,-3.2237,-0.8958,-2.3279,0.0051,-970.00,5.7500,30,eod
TXN,Short,2022-03-09T15:00:00+00:00,2022-03-09T17:30:00+00:00,170.7100,173.6900,-1.6282,0.7905,-2.4187,0.0056,-99.00,2.5000,30,reversal
FCX,Long,2022-03-09T15:00:00+00:00,2022-03-09T20:45:00+00:00,46.7000,47.1200,3.6594,0.7905,2.8689,0.0086,363.00,5.7500,30,eod
AMD,Short,2022-03-10T15:00:00+00:00,2022-03-10T20:45:00+00:00,105.8500,106.1000,-1.7881,-0.2158,-1.5724,0.0113,-159.00,5.7500,30,eod
GE,Long,2022-03-10T15:00:00+00:00,2022-03-10T20:45:00+00:00,56.0600,56.8300,2.0994,-0.2158,2.3152,0.0072,301.00,5.7500,30,eod
LIN,Short,2022-03-10T15:00:00+00:00,2022-03-10T20:45:00+00:00,285.4400,282.6500,3.0935,-0.2158,3.3092,0.0051,-59.00,5.7500,30,eod
MPC,Short,2022-03-11T15:00:00+00:00,2022-03-11T20:45:00+00:00,79.4500,78.4800,1.6474,-1.8129,3.4603,0.0092,-214.00,5.7500,30,eod
SBUX,Short,2022-03-11T15:10:00+00:00,2022-03-11T20:45:00+00:00,85.3100,82.7700,-2.9739,-1.3428,-1.6311,0.0080,-199.00,5.5833,40,eod
LLY,Long,2022-03-11T15:00:00+00:00,2022-03-11T20:45:00+00:00,268.3200,266.7100,1.1655,-1.8129,2.9784,0.0059,63.00,5.7500,30,eod
XOM,Short,2022-03-14T14:00:00+00:00,2022-03-14T16:15:00+00:00,81.3000,82.4400,-1.7661,0.4841,-2.2501,0.0108,-211.00,2.2500,30,reversal
XOM,Long,2022-03-14T14:05:00+00:00,2022-03-14T16:15:00+00:00,80.9700,82.4400,-2.1769,1.2323,-3.4092,0.0106,213.00,2.1667,35,reversal
PYPL,Long,2022-03-14T14:00:00+00:00,2022-03-14T19:45:00+00:00,98.7100,96.9500,2.5836,0.4841,2.0995,0.0137,174.00,5.7500,30,eod
AVGO,Long,2022-03-15T14:00:00+00:00,2022-03-15T19:45:00+00:00,59.0000,59.3000,2.3909,0.5936,1.7973,0.0085,291.00,5.7500,30,eod
XOM,Short,2022-03-15T14:00:00+00:00,2022-03-15T19:45:00+00:00,76.9500,77.2000,-2.0412,0.5936,-2.6348,0.0116,-223.00,5.7500,30,eod
XOM,Long,2022-03-15T14:25:00+00:00,2022-03-15T19:45:00+00:00,76.8500,77.2000,-2.1349,0.8861,-3.0210,0.0116,223.00,5.3333,55,eod
AVGO,Long,2022-03-16T14:05:00+00:00,2022-03-16T14:35:00+00:00,60.1300,60.4100,1.8202,0.6854,1.1349,0.0077,285.00,0.5000,35,reversal
SLB,Short,2022-03-16T14:00:00+00:00,2022-03-16T19:45:00+00:00,39.0200,37.7400,-0.9608,1.0365,-1.9973,0.0119,-441.00,5.7500,30,eod
UNH,Long,2022-03-16T14:25:00+00:00,2022-03-16T19:45:00+00:00,496.6700,496.7800,-1.7252,1.8026,-3.5279,0.0063,34.00,5.3333,55,eod
XOM,Long,2022-03-17T14:00:00+00:00,2022-03-17T19:45:00+00:00,77.1700,79.0000,-1.7971,1.7302,-3.5273,0.0105,225.00,5.7500,30,eod
CVX,Short,2022-03-17T14:00:00+00:00,2022-03-17T19:45:00+00:00,158.6500,160.5300,-0.9079,1.7302,-2.6381,0.0110,-109.00,5.7500,30,eod
LLY,Long,2022-03-17T14:00:00+00:00,2022-03-17T19:45:00+00:00,283.5200,285.2800,2.8931,1.7302,1.1629,0.0066,61.00,5.7500,30,eod
LLY,Short,2022-03-17T14:15:00+00:00,2022-03-17T19:45:00+00:00,285.1700,285.2800,4.1248,0.6180,3.5068,0.0061,-61.00,5.5000,45,eod
TXN,Long,2022-03-18T14:45:00+00:00,2022-03-18T15:45:00+00:00,178.5200,178.3900,2.4488,1.3496,1.0992,0.0056,98.00,1.0000,75,reversal
CVX,Short,2022-03-18T14:00:00+00:00,2022-03-18T19:45:00+00:00,159.6900,160.1600,-0.6602,2.3271,-2.9873,0.0114,-109.00,5.7500,30,eod
MPC,Long,2022-03-18T14:00:00+00:00,2022-03-18T19:45:00+00:00,76.3100,78.0500,-1.1620,2.3271,-3.4890,0.0086,229.00,5.7500,30,eod
CAT,Long,2022-03-21T14:00:00+00:00,2022-03-21T15:30:00+00:00,225.4300,223.6900,1.2173,-1.5340,2.7513,0.0078,77.00,1.5000,30,reversal
DE,Short,2022-03-21T14:00:00+00:00,2022-03-21T19:45:00+00:00,424.8800,420.7900,2.2791,-1.5340,3.8130,0.0071,-41.00,5.7500,30,eod
HD,Short,2022-03-21T14:05:00+00:00,2022-03-21T19:45:00+00:00,332.0200,327.8400,-3.5109,-1.3289,-2.1821,0.0063,-52.00,5.6667,35,eod
LOW,Long,2022-03-21T15:20:00+00:00,2022-03-21T19:45:00+00:00,229.9900,226.3000,-3.0290,0.0472,-3.0763,0.0106,76.00,4.4167,110,eod
GS,Long,2022-03-22T14:00:00+00:00,2022-03-22T14:40:00+00:00,345.1900,343.9000,2.4011,1.3189,1.0822,0.0058,50.00,0.6667,30,reversal
COP,Short,2022-03-22T14:00:00+00:00,2022-03-22T19:45:00+00:00,101.5700,101.9600,-0.9021,1.3189,-2.2210,0.0083,-172.00,5.7500,30,eod
LLY,Long,2022-03-22T14:00:00+00:00,2022-03-22T19:45:00+00:00,283.9300,285.7200,-2.4887,1.3189,-3.8076,0.0067,61.00,5.7500,30,eod
MU,Short,2022-03-23T14:00:00+00:00,2022-03-23T19:45:00+00:00,75.6300,76.0200,-2.2293,-0.2632,-1.9661,0.0118,-231.00,5.7500,30,eod
HD,Long,2022-03-23T15:20:00+00:00,2022-03-23T19:45:00+00:00,319.3900,317.3600,-2.1101,0.9187,-3.0288,0.0075,54.00,4.4167,110,eod
LLY,Long,2022-03-23T14:00:00+00:00,2022-03-23T19:45:00+00:00,287.6500,285.4900,1.9723,-0.2632,2.2355,0.0073,60.00,5.7500,30,eod
META,Long,2022-03-24T14:00:00+00:00,2022-03-24T14:50:00+00:00,220.2100,216.8300,1.8001,0.4520,1.3481,0.0112,78.00,0.8333,30,reversal
NFLX,Short,2022-03-24T14:00:00+00:00,2022-03-24T19:45:00+00:00,37.2700,37.4700,-1.0449,0.4520,-1.4969,0.0114,-466.00,5.7500,30,eod
LOW,Short,2022-03-25T14:00:00+00:00,2022-03-25T19:45:00+00:00,213.3900,212.5600,-3.2770,-0.3770,-2.9000,0.0081,-80.00,5.7500,30,eod
T,Long,2022-03-25T14:00:00+00:00,2022-03-25T19:45:00+00:00,17.8000,17.9600,1.9517,-0.3770,2.3287,0.0035,969.00,5.7500,30,eod
T,Short,2022-03-25T14:50:00+00:00,2022-03-25T19:45:00+00:00,17.9000,17.9600,3.3227,0.0330,3.2896,0.0037,-963.00,4.9167,80,eod
MSFT,Long,2022-03-28T14:00:00+00:00,2022-03-28T15:00:00+00:00,309.9100,307.9200,1.6953,0.5365,1.1588,0.0048,55.00,1.0000,30,reversal
FCX,Short,2022-03-28T14:00:00+00:00,2022-03-28T15:50:00+00:00,49.1800,49.6400,-1.6007,0.5365,-2.1372,0.0112,-351.00,1.8333,30,reversal
SLB,Long,2022-03-29T14:00:00+00:00,2022-03-29T19:45:00+00:00,40.9000,42.7200,1.5633,-1.0544,2.6176,0.0078,419.00,5.7500,30,eod
SLB,Short,2022-03-29T14:10:00+00:00,2022-03-29T19:45:00+00:00,41.0200,42.7200,1.9752,-1.6758,3.6510,0.0076,-419.00,5.5833,40,eod
JPM,Short,2022-03-29T14:00:00+00:00,2022-03-29T19:45:00+00:00,141.0100,141.2200,-2.4038,-1.0544,-1.3494,0.0056,-121.00,5.7500,30,eod
UNH,Long,2022-03-30T14:00:00+00:00,2022-03-30T14:15:00+00:00,520.7000,516.5600,2.5022,-0.1410,2.6431,0.0036,32.00,0.2500,30,reversal
FCX,Short,2022-03-30T14:00:00+00:00,2022-03-30T19:45:00+00:00,50.5000,50.6600,-1.5665,-0.1410,-1.4255,0.0092,-335.00,5.7500,30,eod
MPC,Long,2022-03-31T14:00:00+00:00,2022-03-31T19:45:00+00:00,86.3000,85.6800,1.4974,-0.7004,2.1978,0.0056,195.00,5.7500,30,eod
T,Short,2022-03-31T14:00:00+00:00,2022-03-31T19:45:00+00:00,17.9800,17.9000,-3.0769,-0.7004,-2.3765,0.0030,-937.00,5.7500,30,eod
T,Long,2022-03-31T14:45:00+00:00,2022-03-31T19:45:00+00:00,17.9800,17.9000,-2.7156,0.5493,-3.2649,0.0034,938.00,5.0000,75,eod
FCX,Long,2022-04-01T14:00:00+00:00,2022-04-01T16:30:00+00:00,51.5100,50.0100,1.7748,-0.8676,2.6424,0.0096,325.00,2.5000,30,reversal
QCOM,Short,2022-04-01T14:00:00+00:00,2022-04-01T19:45:00+00:00,146.9600,145.4400,-2.5334,-0.8676,-1.6658,0.0101,-114.00,5.7500,30,eod
LLY,Short,2022-04-01T14:00:00+00:00,2022-04-01T19:45:00+00:00,289.2700,292.0800,2.4586,-0.8676,3.3262,0.0072,-57.00,5.7500,30,eod
COP,Long,2022-04-04T14:00:00+00:00,2022-04-04T19:45:00+00:00,100.8400,100.7100,-1.9122,1.8193,-3.7315,0.0046,164.00,5.7500,30,eod
JPM,Long,2022-04-04T14:05:00+00:00,2022-04-04T19:45:00+00:00,135.8700,135.8400,3.0429,1.7878,1.2551,0.0066,122.00,5.6667,35,eod
SBUX,Short,2022-04-04T14:00:00+00:00,2022-04-04T19:45:00+00:00,87.1500,87.8500,-1.1798,1.8193,-2.9991,0.0084,-190.00,5.7500,30,eod
TXN,Short,2022-04-05T14:00:00+00:00,2022-04-05T17:05:00+00:00,178.3200,179.0100,-2.8621,-0.4970,-2.3650,0.0063,-92.00,3.0833,30,reversal
SCHW,Long,2022-04-05T14:00:00+00:00,2022-04-05T19:45:00+00:00,84.2700,81.6900,2.3777,-0.4970,2.8748,0.0080,196.00,5.7500,30,eod
UNH,Short,2022-04-05T14:00:00+00:00,2022-04-05T19:45:00+00:00,520.4200,515.8100,4.2263,-0.4970,4.7234,0.0051,-31.00,5.7500,30,eod
CVX,Short,2022-04-06T14:00:00+00:00,2022-04-06T18:05:00+00:00,166.2400,164.7700,1.6481,-1.7378,3.3859,0.0050,-98.00,4.0833,30,reversal
AMZN,Short,2022-04-06T14:05:00+00:00,2022-04-06T18:30:00+00:00,158.3300,159.3000,-2.6463,-1.6324,-1.0140,0.0078,-103.00,4.4167,35,reversal
TXN,Long,2022-04-06T14:00:00+00:00,2022-04-06T19:45:00+00:00,176.3400,177.6200,0.9467,-1.7378,2.6845,0.0066,92.00,5.7500,30,eod
GE,Short,2022-04-07T14:00:00+00:00,2022-04-07T17:10:00+00:00,54.8400,55.1500,-2.7827,0.2075,-2.9902,0.0041,-299.00,3.1667,30,reversal
GE,Long,2022-04-07T14:20:00+00:00,2022-04-07T17:10:00+00:00,54.2600,55.1500,-4.0538,-0.1846,-3.8692,0.0054,303.00,2.8333,50,reversal
LLY,Long,2022-04-07T14:00:00+00:00,2022-04-07T18:55:00+00:00,313.6000,308.9900,1.8359,0.2075,1.6284,0.0080,52.00,4.9167,30,reversal
PFE,Short,2022-04-07T14:35:00+00:00,2022-04-07T19:45:00+00:00,54.2300,55.2500,2.6302,-0.5325,3.1626,0.0090,-303.00,5.1667,65,eod
XOM,Long,2022-04-08T14:00:00+00:00,2022-04-08T14:30:00+00:00,86.7300,86.1800,1.1432,-0.8093,1.9524,0.0043,188.00,0.5000,30,reversal
CVX,Short,2022-04-08T14:20:00+00:00,2022-04-08T17:35:00+00:00,168.0900,169.9500,-2.1648,-0.4897,-1.6751,0.0049,-96.00,3.2500,50,reversal
T,Short,2022-04-08T14:00:00+00:00,2022-04-08T19:45:00+00:00,18.0900,18.2100,3.5340,-0.8093,4.3433,0.0038,-904.00,5.7500,30,eod
MSFT,Short,2022-04-11T14:00:00+00:00,2022-04-11T19:45:00+00:00,286.6300,285.3300,-2.4911,0.3414,-2.8325,0.0060,-56.00,5.7500,30,eod
GE,Long,2022-04-11T14:00:00+00:00,2022-04-11T19:45:00+00:00,56.3900,55.8300,2.8762,0.3414,2.5347,0.0049,287.00,5.7500,30,eod
PFE,Long,2022-04-11T14:00:00+00:00,2022-04-11T19:45:00+00:00,54.4400,53.8800,-2.8965,0.3414,-3.2379,0.0112,297.00,5.7500,30,eod
T,Short,2022-04-11T14:00:00+00:00,2022-04-11T19:45:00+00:00,19.3600,19.6000,4.9273,0.3414,4.5859,0.0052,-837.00,5.7500,30,eod
UNH,Short,2022-04-12T14:00:00+00:00,2022-04-12T14:40:00+00:00,533.3500,535.8000,-0.7640,1.9230,-2.6871,0.0056,-30.00,0.6667,30,reversal
T,Long,2022-04-12T14:00:00+00:00,2022-04-12T15:10:00+00:00,19.6300,19.7400,-2.1934,1.9230,-4.1164,0.0057,817.00,1.1667,30,reversal
CAT,Long,2022-04-12T14:00:00+00:00,2022-04-12T19:45:00+00:00,218.7500,216.4900,3.7077,1.9230,1.7847,0.0038,73.00,5.7500,30,eod
CAT,Short,2022-04-12T18:20:00+00:00,2022-04-12T19:45:00+00:00,216.5700,216.4900,0.6437,-2.3851,3.0289,0.0063,-73.00,1.4167,290,eod
AAPL,Long,2022-04-13T16:20:00+00:00,2022-04-13T19:45:00+00:00,170.5600,170.8300,3.2632,2.0718,1.1914,0.0064,93.00,3.4167,170,eod
COP,Long,2022-04-13T14:00:00+00:00,2022-04-13T19:45:00+00:00,99.7300,100.2500,-3.0062,1.5099,-4.5161,0.0051,160.00,5.7500,30,eod
PFE,Short,2022-04-13T14:00:00+00:00,2022-04-13T19:45:00+00:00,52.9200,53.1100,-1.4749,1.5099,-2.9848,0.0107,-301.00,5.7500,30,eod
GS,Short,2022-04-14T15:05:00+00:00,2022-04-14T19:00:00+00:00,322.2100,321.4000,-3.0009,-1.9296,-1.0713,0.0071,-49.00,3.9167,95,reversal
SLB,Long,2022-04-14T14:00:00+00:00,2022-04-14T19:45:00+00:00,43.0100,43.3600,1.3121,-1.6777,2.9898,0.0091,371.00,5.7500,30,eod
CAT,Short,2022-04-14T14:00:00+00:00,2022-04-14T19:45:00+00:00,223.5300,227.7500,2.6115,-1.6777,4.2892,0.0046,-71.00,5.7500,30,eod
COP,Long,2022-04-18T14:00:00+00:00,2022-04-18T14:30:00+00:00,103.4500,102.4200,2.7358,0.0839,2.6519,0.0062,153.00,0.5000,30,reversal
MPC,Short,2022-04-18T14:00:00+00:00,2022-04-18T19:45:00+00:00,89.2200,89.6500,3.1669,0.0839,3.0830,0.0043,-178.00,5.7500,30,eod
SCHW,Long,2022-04-18T14:00:00+00:00,2022-04-18T19:45:00+00:00,73.9600,74.0900,-4.0366,0.0839,-4.1205,0.0088,215.00,5.7500,30,eod
HD,Short,2022-04-18T14:00:00+00:00,2022-04-18T19:45:00+00:00,300.4900,299.1900,-2.4319,0.0839,-2.5158,0.0075,-52.00,5.7500,30,eod
CVX,Long,2022-04-19T14:15:00+00:00,2022-04-19T19:45:00+00:00,172.0800,172.1800,-1.1131,2.2850,-3.3981,0.0056,91.00,5.5000,45,eod
PFE,Short,2022-04-19T14:00:00+00:00,2022-04-19T19:45:00+00:00,50.7700,50.1800,-0.2549,1.8047,-2.0596,0.0108,-312.00,5.7500,30,eod
DIS,Long,2022-04-19T14:45:00+00:00,2022-04-19T19:45:00+00:00,131.9000,131.7700,3.6674,2.5288,1.1386,0.0065,119.00,5.0000,75,eod
NFLX,Long,2022-04-20T14:00:00+00:00,2022-04-20T19:45:00+00:00,22.1900,22.3700,-5.3893,-1.9792,-3.4101,0.0148,715.00,5.7500,30,eod
LIN,Short,2022-04-20T14:00:00+00:00,2022-04-20T19:45:00+00:00,323.8600,326.8000,1.9916,-1.9792,3.9708,0.0042,-49.00,5.7500,30,eod
LOW,Long,2022-04-20T14:00:00+00:00,2022-04-20T19:45:00+00:00,206.7500,209.6700,0.7465,-1.9792,2.7257,0.0067,76.00,5.7500,30,eod
PYPL,Short,2022-04-20T14:00:00+00:00,2022-04-20T19:45:00+00:00,96.1000,95.2800,-3.5533,-1.9792,-1.5741,0.0099,-165.00,5.7500,30,eod
MPC,Long,2022-04-21T14:00:00+00:00,2022-04-21T18:25:00+00:00,92.8800,89.9700,1.8970,-0.7564,2.6533,0.0054,171.00,4.4167,30,reversal
MPC,Short,2022-04-21T14:05:00+00:00,2022-04-21T18:25:00+00:00,92.8600,89.9700,1.9657,-1.0604,3.0260,0.0051,-172.00,4.3333,35,reversal
SCHW,Long,2022-04-21T15:35:00+00:00,2022-04-21T19:40:00+00:00,72.6800,73.3400,-5.2275,-1.7158,-3.5117,0.0117,223.00,4.0833,125,reversal
COIN,Short,2022-04-21T14:00:00+00:00,2022-04-21T19:45:00+00:00,145.3000,136.9700,-2.6771,-0.7564,-1.9207,0.0172,-109.00,5.7500,30,eod
GOOGL,Short,2022-04-22T14:00:00+00:00,2022-04-22T19:45:00+00:00,123.4700,119.9200,-2.2506,-1.0283,-1.2224,0.0062,-133.00,5.7500,30,eod
COP,Long,2022-04-22T14:00:00+00:00,2022-04-22T19:45:00+00:00,98.7200,96.4400,1.3415,-1.0283,2.3697,0.0075,166.00,5.7500,30,eod
SLB,Short,2022-04-22T14:00:00+00:00,2022-04-22T19:45:00+00:00,42.2600,41.9100,2.6342,-1.0283,3.6624,0.0141,-389.00,5.7500,30,eod
PYPL,Long,2022-04-25T14:00:00+00:00,2022-04-25T14:35:00+00:00,87.0200,87.5000,1.5117,-0.4114,1.9231,0.0123,189.00,0.5833,30,reversal
CVX,Short,2022-04-25T14:00:00+00:00,2022-04-25T15:45:00+00:00,156.4300,153.4300,3.1101,-0.4114,3.5215,0.0050,-105.00,1.7500,30,reversal
T,Short,2022-04-25T14:00:00+00:00,2022-04-25T19:45:00+00:00,19.3000,19.5900,-1.9785,-0.4114,-1.5671,0.0080,-854.00,5.7500,30,eod
T,Long,2022-04-25T14:30:00+00:00,2022-04-25T19:45:00+00:00,19.3000,19.5900,-1.8265,1.6152,-3.4417,0.0087,856.00,5.2500,60,eod
TSLA,Short,2022-04-26T14:00:00+00:00,2022-04-26T19:45:00+00:00,309.1000,295.5100,-4.0431,-2.1772,-1.8659,0.0153,-53.00,5.7500,30,eod
XOM,Long,2022-04-26T14:00:00+00:00,2022-04-26T19:45:00+00:00,83.4100,82.4400,0.7177,-2.1772,2.8949,0.0065,199.00,5.7500,30,eod
GE,Long,2022-04-26T16:05:00+00:00,2022-04-26T19:45:00+00:00,48.8600,50.2000,-4.5502,-1.5416,-3.0086,0.0111,347.00,3.6667,155,eod
LOW,Short,2022-04-26T14:00:00+00:00,2022-04-26T19:45:00+00:00,203.2700,200.0800,1.5963,-2.1772,3.7735,0.0065,-82.00,5.7500,30,eod
TSLA,Short,2022-04-27T14:00:00+00:00,2022-04-27T14:20:00+00:00,297.0800,296.4500,-1.2331,0.1281,-1.3612,0.0165,-57.00,0.3333,30,reversal
TXN,Short,2022-04-27T14:00:00+00:00,2022-04-27T19:45:00+00:00,166.6500,169.4100,3.1900,0.1281,3.0619,0.0047,-102.00,5.7500,30,eod
LIN,Long,2022-04-27T14:00:00+00:00,2022-04-27T19:45:00+00:00,306.6700,306.0500,2.0288,0.1281,1.9007,0.0048,55.00,5.7500,30,eod
T,Long,2022-04-28T14:00:00+00:00,2022-04-28T17:20:00+00:00,19.3000,19.4400,0.6255,-1.8045,2.4300,0.0092,877.00,3.3333,30,reversal
TSLA,Short,2022-04-28T14:00:00+00:00,2022-04-28T19:45:00+00:00,276.7100,293.4500,-3.2893,-1.8045,-1.4849,0.0188,-61.00,5.7500,30,eod
XOM,Short,2022-04-28T14:30:00+00:00,2022-04-28T19:45:00+00:00,85.1300,87.5600,1.3608,-1.7100,3.0708,0.0062,-198.00,5.2500,60,eod
MSFT,Short,2022-04-29T14:00:00+00:00,2022-04-29T16:10:00+00:00,286.5500,283.6200,-1.4291,0.6768,-2.1059,0.0064,-57.00,2.1667,30,reversal
AMZN,Long,2022-04-29T14:00:00+00:00,2022-04-29T19:45:00+00:00,126.8700,122.8500,-2.6414,0.6768,-3.3182,0.0089,129.00,5.7500,30,eod
CAT,Short,2022-04-29T15:15:00+00:00,2022-04-29T19:45:00+00:00,215.8100,210.8200,1.7164,-1.4282,3.1447,0.0085,-76.00,4.5000,105,eod
LIN,Long,2022-04-29T14:00:00+00:00,2022-04-29T19:45:00+00:00,317.9300,312.5500,2.1593,0.6768,1.4825,0.0049,51.00,5.7500,30,eod
META,Long,2022-05-02T14:05:00+00:00,2022-05-02T19:45:00+00:00,207.6600,210.3200,2.1390,0.4624,1.6766,0.0144,79.00,5.6667,35,eod
UNH,Short,2022-05-02T14:00:00+00:00,2022-05-02T19:45:00+00:00,509.5200,501.1900,-1.0290,1.5041,-2.5331,0.0050,-32.00,5.7500,30,eod
UNH,Long,2022-05-02T15:10:00+00:00,2022-05-02T19:45:00+00:00,506.0500,501.1900,-2.8006,1.0598,-3.8604,0.0042,32.00,4.5833,100,eod
LLY,Short,2022-05-03T14:00:00+00:00,2022-05-03T14:55:00+00:00,285.1300,288.1400,-1.7232,1.0341,-2.7572,0.0070,-57.00,0.9167,30,reversal
MPC,Long,2022-05-03T14:00:00+00:00,2022-05-03T19:45:00+00:00,91.1200,92.3600,2.2130,1.0341,1.1789,0.0075,180.00,5.7500,30,eod
SBUX,Long,2022-05-03T14:00:00+00:00,2022-05-03T19:45:00+00:00,73.9600,74.0900,-3.1596,1.0341,-4.1937,0.0042,221.00,5.7500,30,eod
PFE,Short,2022-05-03T14:40:00+00:00,2022-05-03T19:45:00+00:00,49.4500,49.2500,2.7380,-0.5118,3.2498,0.0102,-331.00,5.0833,70,eod
LOW,Long,2022-05-04T14:00:00+00:00,2022-05-04T16:30:00+00:00,203.2400,200.7700,1.4681,-0.9992,2.4673,0.0066,80.00,2.5000,30,reversal
TXN,Short,2022-05-04T14:00:00+00:00,2022-05-04T19:45:00+00:00,170.7800,176.2300,-2.1520,-0.9992,-1.1528,0.0054,-96.00,5.7500,30,eod
T,Short,2022-05-04T14:00:00+00:00,2022-05-04T19:45:00+00:00,19.6300,19.9100,2.5653,-0.9992,3.5644,0.0083,-837.00,5.7500,30,eod
SBUX,Short,2022-05-05T14:00:00+00:00,2022-05-05T14:50:00+00:00,79.2400,79.0000,-3.7044,-2.2862,-1.4182,0.0058,-203.00,0.8333,30,reversal
COP,Short,2022-05-05T14:00:00+00:00,2022-05-05T19:45:00+00:00,105.0600,102.5500,2.5585,-2.2862,4.8446,0.0082,-153.00,5.7500,30,eod
T,Long,2022-05-05T14:00:00+00:00,2022-05-05T19:45:00+00:00,19.8200,19.8600,0.3347,-2.2862,2.6209,0.0076,813.00,5.7500,30,eod
UNH,Long,2022-05-06T14:00:00+00:00,2022-05-06T15:30:00+00:00,493.7800,493.8000,1.7348,-0.9627,2.6975,0.0050,32.00,1.5000,30,reversal
CAT,Short,2022-05-06T14:00:00+00:00,2022-05-06T19:35:00+00:00,211.4600,214.9200,-3.2284,-0.9627,-2.2658,0.0056,-76.00,5.5833,30,reversal
CAT,Long,2022-05-06T14:10:00+00:00,2022-05-06T19:35:00+00:00,210.7500,214.9200,-3.6173,-0.1877,-3.4297,0.0059,77.00,5.4167,40,reversal
LLY,Short,2022-05-09T14:00:00+00:00,2022-05-09T14:40:00+00:00,287.3200,291.1400,-2.7122,-0.5643,-2.1480,0.0064,-56.00,0.6667,30,reversal
LOW,Short,2022-05-09T14:00:00+00:00,2022-05-09T19:45:00+00:00,195.0800,195.6600,3.4844,-0.5643,4.0486,0.0077,-83.00,5.7500,30,eod
UNH,Long,2022-05-09T14:00:00+00:00,2022-05-09T19:45:00+00:00,493.0000,485.2600,2.0659,-0.5643,2.6302,0.0051,33.00,5.7500,30,eod
AVGO,Long,2022-05-10T14:00:00+00:00,2022-05-10T19:45:00+00:00,58.6200,58.3900,1.9246,0.3532,1.5714,0.0071,275.00,5.7500,30,eod
AVGO,Short,2022-05-10T14:10:00+00:00,2022-05-10T19:45:00+00:00,58.7500,58.3900,2.9464,-0.1813,3.1278,0.0054,-275.00,5.5833,40,eod
JPM,Long,2022-05-10T14:15:00+00:00,2022-05-10T19:45:00+00:00,121.5000,118.6100,-3.4462,0.1729,-3.6191,0.0043,132.00,5.5000,45,eod
LOW,Short,2022-05-10T14:00:00+00:00,2022-05-10T19:45:00+00:00,194.2300,192.5200,-2.0048,0.3532,-2.3580,0.0084,-83.00,5.7500,30,eod
GE,Short,2022-05-11T14:00:00+00:00,2022-05-11T16:20:00+00:00,45.7500,45.9000,0.1681,2.3311,-2.1629,0.0091,-352.00,2.3333,30,reversal
LIN,Long,2022-05-11T14:00:00+00:00,2022-05-11T19:45:00+00:00,302.7300,300.2200,3.5486,2.3311,1.2176,0.0048,53.00,5.7500,30,eod
COP,Short,2022-05-12T14:00:00+00:00,2022-05-12T17:50:00+00:00,95.7400,97.8300,-1.9885,0.8930,-2.8814,0.0108,-167.00,3.8333,30,reversal
CRM,Long,2022-05-12T14:00:00+00:00,2022-05-12T19:45:00+00:00,160.4600,158.7900,2.6732,0.8930,1.7803,0.0107,99.00,5.7500,30,eod
UNH,Long,2022-05-12T14:00:00+00:00,2022-05-12T19:45:00+00:00,477.0300,477.1700,-2.5996,0.8930,-3.4926,0.0067,33.00,5.7500,30,eod
COIN,Short,2022-05-12T17:00:00+00:00,2022-05-12T19:45:00+00:00,56.4300,57.1100,4.2555,1.0328,3.2228,0.0596,-281.00,2.7500,210,eod
MU,Long,2022-05-13T14:05:00+00:00,2022-05-13T19:45:00+00:00,70.3000,72.0700,3.8820,2.4976,1.3845,0.0083,224.00,5.6667,35,eod
UNH,Short,2022-05-13T14:00:00+00:00,2022-05-13T19:45:00+00:00,479.7600,485.5500,-0.5869,2.1687,-2.7556,0.0067,-32.00,5.7500,30,eod
PFE,Long,2022-05-13T14:00:00+00:00,2022-05-13T19:45:00+00:00,50.0500,49.8500,-1.8770,2.1687,-4.0458,0.0047,315.00,5.7500,30,eod
DE,Long,2022-05-16T14:00:00+00:00,2022-05-16T19:45:00+00:00,377.9700,375.0300,2.3939,-0.3419,2.7358,0.0090,41.00,5.7500,30,eod
JPM,Short,2022-05-16T14:00:00+00:00,2022-05-16T19:45:00+00:00,117.7300,118.1100,-2.0134,-0.3419,-1.6715,0.0058,-134.00,5.7500,30,eod
LLY,Short,2022-05-16T14:00:00+00:00,2022-05-16T19:45:00+00:00,305.7000,299.3400,3.5716,-0.3419,3.9135,0.0096,-51.00,5.7500,30,eod
JPM,Long,2022-05-17T14:00:00+00:00,2022-05-17T16:05:00+00:00,122.6100,121.0300,1.5388,-0.2387,1.7775,0.0060,129.00,2.0833,30,reversal
HD,Short,2022-05-17T14:00:00+00:00,2022-05-17T19:45:00+00:00,301.3200,300.7500,-2.3647,-0.2387,-2.1260,0.0119,-52.00,5.7500,30,eod
HD,Long,2022-05-17T15:40:00+00:00,2022-05-17T19:45:00+00:00,294.3300,300.7500,-3.3513,-0.3116,-3.0397,0.0151,54.00,4.0833,130,eod
CAT,Short,2022-05-18T14:00:00+00:00,2022-05-18T15:00:00+00:00,217.4200,212.5200,2.4783,-0.5608,3.0391,0.0071,-73.00,1.0000,30,reversal
UNH,Short,2022-05-18T14:00:00+00:00,2022-05-18T15:30:00+00:00,480.4700,481.4300,-1.9126,-0.5608,-1.3518,0.0075,-33.00,1.5000,30,reversal
COIN,Long,2022-05-18T14:00:00+00:00,2022-05-18T19:45:00+00:00,70.0100,62.7100,1.3694,-0.5608,1.9302,0.0357,228.00,5.7500,30,eod
LOW,Long,2022-05-19T14:05:00+00:00,2022-05-19T15:50:00+00:00,189.0900,188.1300,1.4881,0.0660,1.4221,0.0135,82.00,1.7500,35,reversal
LLY,Short,2022-05-19T14:00:00+00:00,2022-05-19T19:45:00+00:00,286.1300,285.6700,-1.9445,0.5677,-2.5121,0.0114,-54.00,5.7500,30,eod
TSLA,Short,2022-05-20T14:00:00+00:00,2022-05-20T17:30:00+00:00,231.4100,214.9000,-1.8556,-0.2385,-1.6171,0.0139,-67.00,3.5000,30,reversal
DE,Long,2022-05-20T14:00:00+00:00,2022-05-20T19:45:00+00:00,327.7100,312.8600,-3.3549,-0.2385,-3.1164,0.0110,47.00,5.7500,30,eod
LLY,Long,2022-05-20T14:00:00+00:00,2022-05-20T19:45:00+00:00,296.9000,298.3000,1.6985,-0.2385,1.9370,0.0125,52.00,5.7500,30,eod
PFE,Short,2022-05-20T14:00:00+00:00,2022-05-20T19:45:00+00:00,52.6300,52.4100,3.3745,-0.2385,3.6130,0.0052,-294.00,5.7500,30,eod
AMZN,Short,2022-05-23T14:00:00+00:00,2022-05-23T19:45:00+00:00,104.5500,106.9600,-2.7462,-1.0345,-1.7117,0.0135,-149.00,5.7500,30,eod
CAT,Long,2022-05-23T14:00:00+00:00,2022-05-23T19:45:00+00:00,202.7300,203.6700,1.2121,-1.0345,2.2466,0.0088,77.00,5.7500,30,eod
DE,Short,2022-05-23T14:00:00+00:00,2022-05-23T19:45:00+00:00,327.7200,333.8200,2.0363,-1.0345,3.0708,0.0117,-47.00,5.7500,30,eod
AAPL,Short,2022-05-24T14:00:00+00:00,2022-05-24T19:45:00+00:00,138.5300,140.5700,-3.0187,-1.8246,-1.1941,0.0071,-111.00,5.7500,30,eod
CVX,Short,2022-05-24T14:00:00+00:00,2022-05-24T19:45:00+00:00,173.2700,172.9300,2.3221,-1.8246,4.1467,0.0080,-89.00,5.7500,30,eod
MPC,Long,2022-05-24T14:00:00+00:00,2022-05-24T19:45:00+00:00,96.3000,97.6100,0.9189,-1.8246,2.7435,0.0080,160.00,5.7500,30,eod
SLB,Long,2022-05-25T14:00:00+00:00,2022-05-25T18:30:00+00:00,44.6200,44.7900,1.8153,0.3808,1.4345,0.0095,346.00,4.5000,30,reversal
META,Short,2022-05-25T14:00:00+00:00,2022-05-25T19:45:00+00:00,180.4000,183.3900,-1.0245,0.3808,-1.4053,0.0119,-85.00,5.7500,30,eod
MPC,Long,2022-05-26T14:05:00+00:00,2022-05-26T19:45:00+00:00,99.2100,99.9900,-1.3382,1.6785,-3.0167,0.0071,154.00,5.6667,35,eod
DE,Short,2022-05-26T14:00:00+00:00,2022-05-26T19:45:00+00:00,340.7900,348.7200,-1.2703,1.6218,-2.8921,0.0109,-45.00,5.7500,30,eod
FCX,Short,2022-05-27T14:00:00+00:00,2022-05-27T19:45:00+00:00,38.8800,39.5200,-0.9818,1.0629,-2.0446,0.0075,-393.00,5.7500,30,eod
PYPL,Long,2022-05-27T14:00:00+00:00,2022-05-27T19:45:00+00:00,83.3100,85.0000,2.0643,1.0629,1.0014,0.0093,183.00,5.7500,30,eod
TSLA,Short,2022-05-31T14:00:00+00:00,2022-05-31T19:45:00+00:00,246.8300,251.9600,-2.3818,-0.8431,-1.5386,0.0137,-62.00,5.7500,30,eod
CVX,Long,2022-05-31T19:30:00+00:00,2022-05-31T19:45:00+00:00,175.0400,174.0100,-2.1119,0.9020,-3.0139,0.0128,86.00,0.2500,360,eod
CAT,Long,2022-05-31T14:00:00+00:00,2022-05-31T19:45:00+00:00,216.0900,216.3200,1.3740,-0.8431,2.2171,0.0084,70.00,5.7500,30,eod
PFE,Short,2022-06-01T14:00:00+00:00,2022-06-01T16:05:00+00:00,52.0700,52.1100,-2.3126,-0.1245,-2.1882,0.0059,-291.00,2.0833,30,reversal
CRM,Long,2022-06-01T14:00:00+00:00,2022-06-01T19:45:00+00:00,182.8300,177.2000,1.4223,-0.1245,1.5467,0.0153,82.00,5.7500,30,eod
TSLA,Long,2022-06-02T14:00:00+00:00,2022-06-02T17:20:00+00:00,252.9800,260.2800,2.1981,0.7592,1.4389,0.0146,59.00,3.3333,30,reversal
MPC,Long,2022-06-02T14:05:00+00:00,2022-06-02T19:45:00+00:00,102.9500,104.0800,-2.6038,0.4193,-3.0230,0.0057,145.00,5.6667,35,eod
UNH,Short,2022-06-02T14:00:00+00:00,2022-06-02T19:45:00+00:00,484.0900,490.9400,-2.1378,0.7592,-2.8970,0.0071,-30.00,5.7500,30,eod
SBUX,Long,2022-06-03T14:00:00+00:00,2022-06-03T19:45:00+00:00,79.8400,78.8800,2.1046,-0.2634,2.3680,0.0063,189.00,5.7500,30,eod
T,Short,2022-06-03T14:00:00+00:00,2022-06-03T19:45:00+00:00,20.9400,20.8700,-1.7663,-0.2634,-1.5029,0.0040,-721.00,5.7500,30,eod
PYPL,Short,2022-06-06T14:00:00+00:00,2022-06-06T15:20:00+00:00,87.5000,87.3200,-1.1012,0.7924,-1.8936,0.0100,-172.00,1.3333,30,reversal
MPC,Long,2022-06-06T14:00:00+00:00,2022-06-06T19:45:00+00:00,107.8500,109.2500,2.3257,0.7924,1.5332,0.0064,139.00,5.7500,30,eod
MPC,Short,2022-06-06T15:30:00+00:00,2022-06-06T19:45:00+00:00,108.5100,109.2500,2.3200,-0.7596,3.0797,0.0090,-139.00,4.2500,120,eod
GE,Short,2022-06-07T14:00:00+00:00,2022-06-07T18:30:00+00:00,47.5000,48.2800,-1.2986,1.0799,-2.3785,0.0052,-316.00,4.5000,30,reversal
COP,Long,2022-06-07T14:00:00+00:00,2022-06-07T19:45:00+00:00,119.7200,122.2800,2.4381,1.0799,1.3583,0.0065,125.00,5.7500,30,eod
SCHW,Short,2022-06-08T14:00:00+00:00,2022-06-08T19:45:00+00:00,66.5000,65.6800,-0.9231,1.5107,-2.4339,0.0034,-226.00,5.7500,30,eod
PFE,Long,2022-06-08T14:00:00+00:00,2022-06-08T19:45:00+00:00,53.9700,53.4400,-1.5039,1.5107,-3.0147,0.0062,279.00,5.7500,30,eod
DIS,Long,2022-06-08T14:00:00+00:00,2022-06-08T19:45:00+00:00,109.0500,107.2800,2.8648,1.5107,1.3541,0.0060,138.00,5.7500,30,eod
HD,Long,2022-06-09T14:00:00+00:00,2022-06-09T14:40:00+00:00,305.7700,303.1000,1.9854,0.4045,1.5809,0.0071,48.00,0.6667,30,reversal
GS,Short,2022-06-09T14:00:00+00:00,2022-06-09T19:45:00+00:00,310.8200,304.7800,-1.6310,0.4045,-2.0355,0.0043,-48.00,5.7500,30,eod
SBUX,Short,2022-06-09T15:00:00+00:00,2022-06-09T19:45:00+00:00,80.0100,79.0000,2.7933,-0.2470,3.0404,0.0059,-187.00,4.7500,90,eod
COP,Short,2022-06-10T14:00:00+00:00,2022-06-10T15:00:00+00:00,118.7600,115.9500,2.2563,-1.2873,3.5437,0.0063,-126.00,1.0000,30,reversal
FCX,Long,2022-06-10T14:00:00+00:00,2022-06-10T19:45:00+00:00,39.8800,40.2600,1.4683,-1.2873,2.7556,0.0081,377.00,5.7500,30,eod
GS,Short,2022-06-10T14:00:00+00:00,2022-06-10T19:45:00+00:00,293.1800,287.0500,-2.4597,-1.2873,-1.1723,0.0051,-51.00,5.7500,30,eod
CVX,Long,2022-06-13T14:45:00+00:00,2022-06-13T16:30:00+00:00,164.3600,170.0400,-5.3783,-1.6923,-3.6861,0.0068,92.00,1.7500,75,reversal
T,Short,2022-06-13T14:00:00+00:00,2022-06-13T19:45:00+00:00,20.0800,19.7300,-3.5740,-0.6754,-2.8986,0.0043,-762.00,5.7500,30,eod
COIN,Long,2022-06-13T14:00:00+00:00,2022-06-13T19:45:00+00:00,51.0000,51.7300,1.6499,-0.6754,2.3253,0.0269,300.00,5.7500,30,eod
COIN,Short,2022-06-13T14:55:00+00:00,2022-06-13T19:45:00+00:00,51.0100,51.7300,1.5077,-1.7336,3.2413,0.0296,-300.00,4.8333,85,eod
COP,Long,2022-06-14T14:00:00+00:00,2022-06-14T16:35:00+00:00,115.3300,112.8500,2.0778,0.1540,1.9239,0.0075,134.00,2.5833,30,reversal
COP,Short,2022-06-14T14:05:00+00:00,2022-06-14T16:35:00+00:00,115.7700,112.8500,2.6145,-0.4680,3.0825,0.0074,-133.00,2.5000,35,reversal
CRM,Short,2022-06-14T14:00:00+00:00,2022-06-14T19:45:00+00:00,164.6600,164.5500,-1.4443,0.1540,-1.5983,0.0126,-93.00,5.7500,30,eod
T,Long,2022-06-14T16:10:00+00:00,2022-06-14T19:45:00+00:00,19.4200,19.4800,-3.7615,-0.5304,-3.2312,0.0055,803.00,3.5833,160,eod
LIN,Long,2022-06-15T14:00:00+00:00,2022-06-15T15:10:00+00:00,300.8000,298.1400,2.2831,1.0812,1.2019,0.0034,51.00,1.1667,30,reversal
MPC,Short,2022-06-15T14:00:00+00:00,2022-06-15T19:45:00+00:00,102.1200,99.3300,-1.2508,1.0812,-2.3320,0.0087,-152.00,5.7500,30,eod
MPC,Long,2022-06-15T15:15:00+00:00,2022-06-15T19:45:00+00:00,99.8700,99.3300,-2.9514,0.0640,-3.0155,0.0111,156.00,4.5000,105,eod
HD,Long,2022-06-16T14:00:00+00:00,2022-06-16T15:15:00+00:00,274.1900,270.8000,1.2571,-0.9894,2.2465,0.0051,56.00,1.2500,30,reversal
BAC,Short,2022-06-16T17:35:00+00:00,2022-06-16T19:45:00+00:00,31.9700,31.6800,2.4169,-0.6585,3.0754,0.0106,-488.00,2.1667,245,eod
T,Short,2022-06-16T14:00:00+00:00,2022-06-16T19:45:00+00:00,18.8700,18.9400,-3.4631,-0.9894,-2.4737,0.0051,-828.00,5.7500,30,eod
T,Long,2022-06-16T14:15:00+00:00,2022-06-16T19:45:00+00:00,18.7300,18.9400,-4.4709,-1.0685,-3.4024,0.0056,834.00,5.5000,45,eod
MU,Short,2022-06-17T14:00:00+00:00,2022-06-17T19:45:00+00:00,54.8700,55.5600,-2.0699,0.4158,-2.4857,0.0073,-285.00,5.7500,30,eod
ADBE,Long,2022-06-17T14:00:00+00:00,2022-06-17T19:45:00+00:00,355.3500,363.5600,1.9304,0.4158,1.5146,0.0090,44.00,5.7500,30,eod
COP,Long,2022-06-17T14:40:00+00:00,2022-06-17T19:45:00+00:00,95.8000,94.5400,-4.1280,-1.0025,-3.1255,0.0108,164.00,5.0833,70,eod
XOM,Long,2022-06-21T14:05:00+00:00,2022-06-21T14:15:00+00:00,91.0000,90.5300,2.7851,1.7768,1.0083,0.0076,172.00,0.1667,35,reversal
NFLX,Short,2022-06-21T14:00:00+00:00,2022-06-21T19:45:00+00:00,17.6700,17.0600,-0.4665,2.4474,-2.9139,0.0097,-885.00,5.7500,30,eod
LOW,Long,2022-06-21T14:00:00+00:00,2022-06-21T19:45:00+00:00,174.0600,172.6500,-1.6309,2.4474,-4.0782,0.0058,89.00,5.7500,30,eod
UNH,Short,2022-06-21T17:15:00+00:00,2022-06-21T19:45:00+00:00,476.5400,481.6000,3.9282,0.9140,3.0142,0.0086,-32.00,2.5000,225,eod
UNH,Long,2022-06-22T14:00:00+00:00,2022-06-22T15:00:00+00:00,488.1900,487.3000,3.3526,1.5585,1.7941,0.0049,32.00,1.0000,30,reversal
QCOM,Short,2022-06-22T14:00:00+00:00,2022-06-22T19:45:00+00:00,120.9900,122.3100,-1.0137,1.5585,-2.5721,0.0071,-129.00,5.7500,30,eod
FCX,Long,2022-06-22T14:00:00+00:00,2022-06-22T19:45:00+00:00,31.6200,31.4400,-1.4758,1.5585,-3.0343,0.0105,495.00,5.7500,30,eod
DE,Long,2022-06-23T14:00:00+00:00,2022-06-23T19:45:00+00:00,305.6600,298.2400,-3.2319,0.5683,-3.8002,0.0060,50.00,5.7500,30,eod
FCX,Short,2022-06-23T14:00:00+00:00,2022-06-23T19:45:00+00:00,29.9400,29.5900,-1.9844,0.5683,-2.5527,0.0112,-519.00,5.7500,30,eod
UNH,Long,2022-06-23T14:00:00+00:00,2022-06-23T19:45:00+00:00,499.1200,498.7600,2.5302,0.5683,1.9619,0.0051,31.00,5.7500,30,eod
XOM,Short,2022-06-24T14:00:00+00:00,2022-06-24T15:20:00+00:00,86.7200,88.1800,-0.5529,2.3067,-2.8595,0.0073,-178.00,1.3333,30,reversal
DE,Short,2022-06-24T15:15:00+00:00,2022-06-24T19:45:00+00:00,312.3300,309.9200,4.0024,0.6645,3.3379,0.0081,-49.00,4.5000,105,eod
UNH,Long,2022-06-24T14:00:00+00:00,2022-06-24T19:45:00+00:00,494.6400,494.3600,-0.8331,2.3067,-3.1398,0.0043,31.00,5.7500,30,eod
PYPL,Long,2022-06-24T14:00:00+00:00,2022-06-24T19:45:00+00:00,78.2300,77.6300,3.7656,2.3067,1.4589,0.0106,197.00,5.7500,30,eod
SCHW,Short,2022-06-27T14:00:00+00:00,2022-06-27T17:50:00+00:00,63.9500,63.8500,-1.2499,0.0359,-1.2858,0.0051,-240.00,3.8333,30,reversal
CAT,Long,2022-06-27T14:00:00+00:00,2022-06-27T19:45:00+00:00,189.6700,188.0800,2.3171,0.0359,2.2812,0.0069,81.00,5.7500,30,eod
LLY,Short,2022-06-27T14:15:00+00:00,2022-06-27T19:45:00+00:00,330.3000,327.4300,2.4152,-0.8717,3.2869,0.0064,-46.00,5.5000,45,eod
LLY,Short,2022-06-28T14:00:00+00:00,2022-06-28T14:50:00+00:00,321.1700,323.8700,-3.7648,-1.3283,-2.4364,0.0059,-47.00,0.8333,30,reversal
XOM,Long,2022-06-28T14:00:00+00:00,2022-06-28T19:45:00+00:00,92.3300,91.4400,1.3217,-1.3283,2.6501,0.0083,166.00,5.7500,30,eod
SLB,Short,2022-06-28T14:00:00+00:00,2022-06-28T19:45:00+00:00,37.5700,36.9100,1.9096,-1.3283,3.2379,0.0104,-409.00,5.7500,30,eod
NKE,Long,2022-06-28T14:00:00+00:00,2022-06-28T19:45:00+00:00,107.4000,102.8700,-4.6880,-1.3283,-3.3597,0.0073,143.00,5.7500,30,eod
AAPL,Long,2022-06-29T14:00:00+00:00,2022-06-29T19:45:00+00:00,139.8900,139.1600,3.4671,2.2344,1.2327,0.0065,108.00,5.7500,30,eod
CAT,Long,2022-06-29T14:05:00+00:00,2022-06-29T19:45:00+00:00,183.8300,183.5100,-1.2916,1.7420,-3.0336,0.0085,82.00,5.6667,35,eod
FCX,Short,2022-06-29T14:00:00+00:00,2022-06-29T19:45:00+00:00,30.7200,30.2900,-0.7161,2.2344,-2.9505,0.0117,-492.00,5.7500,30,eod
XOM,Long,2022-06-30T14:00:00+00:00,2022-06-30T14:35:00+00:00,87.1200,85.5600,0.4731,-2.4165,2.8897,0.0071,173.00,0.5833,30,reversal
SLB,Short,2022-06-30T14:00:00+00:00,2022-06-30T15:25:00+00:00,36.6800,36.1700,1.5810,-2.4165,3.9976,0.0111,-413.00,1.4167,30,reversal
GOOGL,Short,2022-06-30T14:10:00+00:00,2022-06-30T19:45:00+00:00,107.2300,108.9000,-3.0556,-1.5472,-1.5084,0.0077,-141.00,5.5833,40,eod
COP,Short,2022-07-01T14:00:00+00:00,2022-07-01T19:45:00+00:00,90.0000,91.1700,-1.8408,1.0472,-2.8880,0.0105,-167.00,5.7500,30,eod
SLB,Long,2022-07-01T14:00:00+00:00,2022-07-01T19:45:00+00:00,34.7200,35.7700,-2.5729,1.0472,-3.6201,0.0132,433.00,5.7500,30,eod
SBUX,Long,2022-07-01T14:00:00+00:00,2022-07-01T19:45:00+00:00,78.5300,79.4400,3.1056,1.0472,2.0584,0.0067,191.00,5.7500,30,eod
MU,Long,2022-07-05T14:00:00+00:00,2022-07-05T19:45:00+00:00,54.6000,56.8400,3.0548,0.1076,2.9471,0.0082,277.00,5.7500,30,eod
SCHW,Short,2022-07-05T14:00:00+00:00,2022-07-05T19:45:00+00:00,61.4900,63.3700,-1.8287,0.1076,-1.9363,0.0065,-246.00,5.7500,30,eod
UNH,Long,2022-07-05T14:30:00+00:00,2022-07-05T19:45:00+00:00,497.4400,505.9800,-1.9395,1.1261,-3.0657,0.0098,30.00,5.2500,60,eod
LOW,Short,2022-07-06T14:00:00+00:00,2022-07-06T19:45:00+00:00,178.5000,179.6300,-3.5373,-0.6749,-2.8624,0.0064,-85.00,5.7500,30,eod
LOW,Long,2022-07-06T14:05:00+00:00,2022-07-06T19:45:00+00:00,179.5000,179.6300,-2.6448,0.3564,-3.0011,0.0065,85.00,5.6667,35,eod
UNH,Long,2022-07-06T14:00:00+00:00,2022-07-06T19:45:00+00:00,511.9400,515.6100,2.0724,-0.6749,2.7472,0.0055,29.00,5.7500,30,eod
TSLA,Long,2022-07-07T14:00:00+00:00,2022-07-07T19:45:00+00:00,239.6200,244.2400,1.2861,0.2444,1.0418,0.0141,63.00,5.7500,30,eod
META,Short,2022-07-07T14:00:00+00:00,2022-07-07T19:45:00+00:00,168.1800,172.0800,-1.7005,0.2444,-1.9449,0.0092,-90.00,5.7500,30,eod
BAC,Short,2022-07-08T14:00:00+00:00,2022-07-08T19:45:00+00:00,31.6700,31.8800,-2.3991,0.0063,-2.4054,0.0055,-481.00,5.7500,30,eod
UNH,Long,2022-07-08T14:00:00+00:00,2022-07-08T19:45:00+00:00,522.8500,520.0200,2.8962,0.0063,2.8899,0.0066,29.00,5.7500,30,eod
UNH,Short,2022-07-08T14:05:00+00:00,2022-07-08T19:45:00+00:00,525.3200,520.0200,2.9152,-0.1457,3.0610,0.0082,-29.00,5.6667,35,eod
AVGO,Short,2022-07-11T14:05:00+00:00,2022-07-11T16:30:00+00:00,48.3000,48.5200,-2.6542,-1.5209,-1.1333,0.0046,-315.00,2.4167,35,reversal
GS,Long,2022-07-11T14:00:00+00:00,2022-07-11T19:45:00+00:00,295.4700,293.0400,0.7855,-2.0023,2.7878,0.0064,51.00,5.7500,30,eod
MSFT,Short,2022-07-12T14:00:00+00:00,2022-07-12T19:45:00+00:00,258.2400,252.6300,-2.8838,-1.6788,-1.2050,0.0086,-58.00,5.7500,30,eod
MSFT,Long,2022-07-12T16:00:00+00:00,2022-07-12T19:45:00+00:00,257.0800,252.6300,-3.6427,-0.6289,-3.0138,0.0080,58.00,3.7500,150,eod
CAT,Long,2022-07-12T14:00:00+00:00,2022-07-12T19:45:00+00:00,174.3100,174.3200,1.0642,-1.6788,2.7430,0.0086,87.00,5.7500,30,eod
GE,Short,2022-07-12T14:00:00+00:00,2022-07-12T19:45:00+00:00,39.0800,39.3100,3.2979,-1.6788,4.9767,0.0057,-388.00,5.7500,30,eod
QCOM,Long,2022-07-13T14:00:00+00:00,2022-07-13T15:25:00+00:00,134.7800,134.9200,3.0200,1.2519,1.7680,0.0062,111.00,1.4167,30,reversal
BAC,Short,2022-07-13T14:00:00+00:00,2022-07-13T19:45:00+00:00,30.6500,30.8900,-1.6982,1.2519,-2.9501,0.0055,-492.00,5.7500,30,eod
T,Long,2022-07-13T14:10:00+00:00,2022-07-13T19:45:00+00:00,20.2900,20.4500,-2.2332,1.1452,-3.3784,0.0052,743.00,5.5833,40,eod
LIN,Short,2022-07-14T14:00:00+00:00,2022-07-14T19:45:00+00:00,265.7500,268.1600,-2.6564,-0.9408,-1.7155,0.0030,-56.00,5.7500,30,eod
LLY,Long,2022-07-14T14:00:00+00:00,2022-07-14T19:45:00+00:00,321.4000,327.2800,1.9236,-0.9408,2.8645,0.0072,46.00,5.7500,30,eod
LLY,Short,2022-07-14T14:15:00+00:00,2022-07-14T19:45:00+00:00,323.3700,327.2800,2.1015,-1.0906,3.1921,0.0095,-46.00,5.5000,45,eod
MU,Short,2022-07-15T14:00:00+00:00,2022-07-15T16:35:00+00:00,59.8300,60.6900,-2.0619,-0.1373,-1.9246,0.0077,-250.00,2.5833,30,reversal
BAC,Long,2022-07-15T14:00:00+00:00,2022-07-15T19:45:00+00:00,31.1500,32.1800,2.2219,-0.1373,2.3593,0.0063,480.00,5.7500,30,eod
BAC,Short,2022-07-15T14:05:00+00:00,2022-07-15T19:45:00+00:00,31.3100,32.1800,2.9332,-0.3545,3.2877,0.0065,-479.00,5.6667,35,eod
SCHW,Long,2022-07-18T14:00:00+00:00,2022-07-18T17:30:00+00:00,62.7400,61.9800,1.5029,0.3300,1.1729,0.0064,235.00,3.5000,30,reversal
JPM,Short,2022-07-18T14:00:00+00:00,2022-07-18T19:45:00+00:00,113.8400,111.3800,-2.6266,0.3300,-2.9565,0.0052,-129.00,5.7500,30,eod
JPM,Long,2022-07-18T14:05:00+00:00,2022-07-18T19:45:00+00:00,113.1900,111.3800,-3.2145,0.0750,-3.2894,0.0060,130.00,5.6667,35,eod
COIN,Short,2022-07-19T14:00:00+00:00,2022-07-19T15:30:00+00:00,59.2700,64.4200,-1.3882,0.1143,-1.5024,0.0197,-247.00,1.5000,30,reversal
LIN,Short,2022-07-19T14:20:00+00:00,2022-07-19T16:50:00+00:00,285.6700,285.0700,3.8900,0.0809,3.8091,0.0042,-51.00,2.5000,50,reversal
GOOGL,Long,2022-07-19T14:00:00+00:00,2022-07-19T18:10:00+00:00,111.5300,112.5900,1.5871,0.1143,1.4729,0.0091,131.00,4.1667,30,reversal
QCOM,Long,2022-07-20T14:00:00+00:00,2022-07-20T15:00:00+00:00,149.7400,150.8200,1.8164,0.0509,1.7656,0.0065,95.00,1.0000,30,reversal
FCX,Long,2022-07-20T14:10:00+00:00,2022-07-20T19:45:00+00:00,28.2800,28.6000,-2.6223,0.7633,-3.3857,0.0106,506.00,5.5833,40,eod
UNH,Short,2022-07-20T14:00:00+00:00,2022-07-20T19:45:00+00:00,520.7500,521.4400,-1.9334,0.0509,-1.9843,0.0062,-27.00,5.7500,30,eod
DIS,Short,2022-07-20T14:25:00+00:00,2022-07-20T19:45:00+00:00,103.3100,103.4400,4.5616,1.3871,3.1745,0.0057,-139.00,5.3333,55,eod
LIN,Long,2022-07-21T14:00:00+00:00,2022-07-21T16:40:00+00:00,284.6300,286.1600,2.4262,0.2406,2.1855,0.0030,50.00,2.6667,30,reversal
TXN,Short,2022-07-21T14:00:00+00:00,2022-07-21T19:45:00+00:00,164.6600,166.3100,-1.7896,0.2406,-2.0302,0.0035,-87.00,5.7500,30,eod
MPC,Long,2022-07-21T14:00:00+00:00,2022-07-21T19:45:00+00:00,84.5400,86.0600,-2.7962,0.2406,-3.0368,0.0088,169.00,5.7500,30,eod
T,Short,2022-07-21T15:20:00+00:00,2022-07-21T19:45:00+00:00,18.8500,18.8900,3.4551,0.4165,3.0386,0.0077,-761.00,4.4167,110,eod
NVDA,Short,2022-07-22T14:00:00+00:00,2022-07-22T16:30:00+00:00,17.4700,17.3400,-2.3364,-0.4066,-1.9299,0.0082,-822.00,2.5000,30,reversal
HD,Long,2022-07-22T14:00:00+00:00,2022-07-22T19:45:00+00:00,309.3100,305.6800,2.3299,-0.4066,2.7364,0.0048,46.00,5.7500,30,eod
HD,Short,2022-07-22T14:05:00+00:00,2022-07-22T19:45:00+00:00,309.0000,305.6800,2.5241,-0.6306,3.1547,0.0040,-46.00,5.6667,35,eod
MU,Short,2022-07-25T14:45:00+00:00,2022-07-25T19:45:00+00:00,60.0700,59.8700,-1.8178,-0.7370,-1.0808,0.0122,-240.00,5.0000,75,eod
CAT,Long,2022-07-25T14:00:00+00:00,2022-07-25T19:45:00+00:00,180.9800,181.7200,2.1362,-0.7596,2.8957,0.0083,79.00,5.7500,30,eod
GE,Short,2022-07-25T14:00:00+00:00,2022-07-25T19:45:00+00:00,42.5500,42.4700,2.7591,-0.7596,3.5187,0.0069,-339.00,5.7500,30,eod
GOOGL,Long,2022-07-26T14:00:00+00:00,2022-07-26T19:45:00+00:00,106.8800,104.7100,2.2404,0.4316,1.8088,0.0067,135.00,5.7500,30,eod
SLB,Long,2022-07-26T18:30:00+00:00,2022-07-26T19:45:00+00:00,35.1600,35.5200,-4.0701,-0.9975,-3.0727,0.0111,417.00,1.2500,300,eod
GE,Short,2022-07-26T14:00:00+00:00,2022-07-26T19:45:00+00:00,45.0400,44.4500,3.5984,0.4316,3.1668,0.0084,-321.00,5.7500,30,eod
COIN,Short,2022-07-26T14:00:00+00:00,2022-07-26T19:45:00+00:00,58.8800,53.4600,-2.2178,0.4316,-2.6494,0.0197,-245.00,5.7500,30,eod
TXN,Long,2022-07-27T14:00:00+00:00,2022-07-27T14:20:00+00:00,170.3100,169.1100,4.0742,2.3242,1.7500,0.0044,87.00,0.3333,30,reversal
GE,Long,2022-07-27T14:00:00+00:00,2022-07-27T19:45:00+00:00,43.7400,44.5500,-2.2965,2.3242,-4.6207,0.0090,340.00,5.7500,30,eod
T,Short,2022-07-27T14:00:00+00:00,2022-07-27T19:45:00+00:00,18.3700,18.4100,-0.6175,2.3242,-2.9417,0.0053,-809.00,5.7500,30,eod
T,Long,2022-07-28T14:00:00+00:00,2022-07-28T15:30:00+00:00,18.5300,18.4500,1.1215,-1.7971,2.9187,0.0053,804.00,1.5000,30,reversal
QCOM,Short,2022-07-28T14:00:00+00:00,2022-07-28T19:45:00+00:00,144.4000,146.7700,-3.1834,-1.7971,-1.3863,0.0083,-103.00,5.7500,30,eod
SLB,Long,2022-07-28T17:20:00+00:00,2022-07-28T19:45:00+00:00,35.4700,35.8400,-2.6531,0.6195,-3.2726,0.0108,416.00,2.4167,230,eod
LIN,Short,2022-07-28T14:00:00+00:00,2022-07-28T19:45:00+00:00,292.0900,296.7800,1.2921,-1.7971,3.0892,0.0027,-51.00,5.7500,30,eod
PFE,Long,2022-07-29T14:00:00+00:00,2022-07-29T15:30:00+00:00,49.5700,50.3600,-1.9927,1.9696,-3.9623,0.0060,297.00,1.5000,30,reversal
CVX,Short,2022-07-29T14:40:00+00:00,2022-07-29T19:45:00+00:00,163.2700,164.0200,4.9636,1.8286,3.1350,0.0069,-90.00,5.0833,70,eod
SCHW,Long,2022-07-29T14:00:00+00:00,2022-07-29T19:45:00+00:00,69.6900,69.3700,4.0017,1.9696,2.0321,0.0063,211.00,5.7500,30,eod
UNH,Short,2022-07-29T14:00:00+00:00,2022-07-29T19:45:00+00:00,538.4600,543.3100,-0.7867,1.9696,-2.7563,0.0046,-27.00,5.7500,30,eod
PFE,Short,2022-08-01T14:00:00+00:00,2022-08-01T17:05:00+00:00,50.6100,51.1800,-0.1679,1.9224,-2.0903,0.0059,-290.00,3.0833,30,reversal
COP,Long,2022-08-01T14:05:00+00:00,2022-08-01T18:55:00+00:00,94.3900,95.4200,-0.5236,2.4948,-3.0184,0.0075,155.00,4.8333,35,reversal
META,Long,2022-08-01T14:15:00+00:00,2022-08-01T19:45:00+00:00,159.7000,159.9600,2.9402,1.9380,1.0022,0.0077,92.00,5.5000,45,eod
SCHW,Long,2022-08-02T14:00:00+00:00,2022-08-02T19:45:00+00:00,66.7000,67.5900,1.2008,-0.5771,1.7779,0.0074,220.00,5.7500,30,eod
LOW,Short,2022-08-02T14:00:00+00:00,2022-08-02T19:45:00+00:00,190.2000,188.7500,-2.5091,-0.5771,-1.9320,0.0039,-77.00,5.7500,30,eod
LOW,Long,2022-08-02T14:15:00+00:00,2022-08-02T19:45:00+00:00,188.7600,188.7500,-3.9007,-0.2329,-3.6679,0.0045,78.00,5.5000,45,eod
COP,Short,2022-08-03T14:00:00+00:00,2022-08-03T19:45:00+00:00,93.8300,91.8900,-0.8919,1.9281,-2.8200,0.0069,-157.00,5.7500,30,eod
HD,Long,2022-08-03T14:00:00+00:00,2022-08-03T19:45:00+00:00,302.7000,307.2600,-1.7412,1.9281,-3.6693,0.0040,48.00,5.7500,30,eod
SBUX,Short,2022-08-03T18:25:00+00:00,2022-08-03T19:45:00+00:00,87.8800,87.6100,4.6542,1.5738,3.0804,0.0100,-173.00,1.3333,295,eod
COIN,Long,2022-08-03T14:10:00+00:00,2022-08-03T19:45:00+00:00,75.1600,80.9200,2.6990,1.6915,1.0075,0.0323,196.00,5.5833,40,eod
FCX,Short,2022-08-04T14:30:00+00:00,2022-08-04T19:30:00+00:00,29.3000,28.8000,2.2495,-1.0709,3.3204,0.0102,-535.00,5.0000,60,reversal
DE,Long,2022-08-04T14:00:00+00:00,2022-08-04T19:45:00+00:00,341.4100,342.7700,2.3835,0.7326,1.6509,0.0055,44.00,5.7500,30,eod
COIN,Short,2022-08-04T14:00:00+00:00,2022-08-04T19:45:00+00:00,101.2600,86.9100,-2.1308,0.7326,-2.8634,0.0313,-151.00,5.7500,30,eod
COIN,Long,2022-08-04T17:35:00+00:00,2022-08-04T19:45:00+00:00,91.5700,86.9100,-2.7795,0.2217,-3.0012,0.0561,172.00,2.1667,245,eod
NKE,Short,2022-08-05T14:00:00+00:00,2022-08-05T15:30:00+00:00,113.4700,113.1500,-0.6975,0.8939,-1.5914,0.0042,-137.00,1.5000,30,reversal
COP,Short,2022-08-05T14:00:00+00:00,2022-08-05T19:45:00+00:00,93.0400,92.9700,4.7494,0.8939,3.8555,0.0072,-167.00,5.7500,30,eod
JPM,Long,2022-08-05T14:00:00+00:00,2022-08-05T19:45:00+00:00,115.4400,115.7100,3.7143,0.8939,2.8204,0.0067,135.00,5.7500,30,eod
FCX,Short,2022-08-08T14:00:00+00:00,2022-08-08T18:05:00+00:00,31.0300,30.6900,-1.3835,1.5224,-2.9059,0.0106,-503.00,4.0833,30,reversal
NFLX,Long,2022-08-08T14:00:00+00:00,2022-08-08T19:45:00+00:00,23.7500,23.4000,3.2988,1.5224,1.7763,0.0104,657.00,5.7500,30,eod
LLY,Short,2022-08-08T15:15:00+00:00,2022-08-08T19:45:00+00:00,305.0100,302.7900,3.1133,-0.1145,3.2278,0.0084,-51.00,4.5000,105,eod
T,Long,2022-08-08T14:00:00+00:00,2022-08-08T19:45:00+00:00,18.1800,18.0500,-1.6412,1.5224,-3.1636,0.0056,858.00,5.7500,30,eod
MU,Short,2022-08-09T14:00:00+00:00,2022-08-09T19:45:00+00:00,58.6800,59.1200,-3.1700,-0.6900,-2.4800,0.0084,-265.00,5.7500,30,eod
MPC,Long,2022-08-09T14:00:00+00:00,2022-08-09T19:45:00+00:00,93.2600,93.2500,0.7794,-0.6900,1.4694,0.0084,166.00,5.7500,30,eod
LOW,Long,2022-08-09T14:00:00+00:00,2022-08-09T19:45:00+00:00,195.6800,194.4600,-4.0786,-0.6900,-3.3886,0.0052,79.00,5.7500,30,eod
SLB,Short,2022-08-10T14:00:00+00:00,2022-08-10T16:20:00+00:00,34.1500,34.9100,-1.8195,0.2966,-2.1161,0.0081,-453.00,2.3333,30,reversal
GS,Long,2022-08-10T14:00:00+00:00,2022-08-10T19:45:00+00:00,347.6000,347.7700,2.6902,0.2966,2.3936,0.0052,44.00,5.7500,30,eod
GS,Short,2022-08-10T14:10:00+00:00,2022-08-10T19:45:00+00:00,349.3500,347.7700,3.4662,-0.2857,3.7518,0.0055,-44.00,5.5833,40,eod
NKE,Long,2022-08-11T14:00:00+00:00,2022-08-11T15:05:00+00:00,116.3600,114.7100,2.5665,1.0061,1.5604,0.0053,132.00,1.0833,30,reversal
MPC,Short,2022-08-11T14:00:00+00:00,2022-08-11T15:10:00+00:00,96.0900,96.0600,-0.8567,1.0061,-1.8628,0.0068,-160.00,1.1667,30,reversal
PFE,Long,2022-08-11T14:00:00+00:00,2022-08-11T15:20:00+00:00,48.3900,48.7600,-2.4479,1.0061,-3.4540,0.0049,318.00,1.3333,30,reversal
AMD,Long,2022-08-12T14:00:00+00:00,2022-08-12T15:25:00+00:00,100.4700,100.3300,1.5909,0.1877,1.4033,0.0119,152.00,1.4167,30,reversal
BAC,Short,2022-08-12T14:00:00+00:00,2022-08-12T19:45:00+00:00,35.7500,36.2900,-1.4891,0.1877,-1.6768,0.0063,-429.00,5.7500,30,eod
TXN,Short,2022-08-15T14:00:00+00:00,2022-08-15T19:45:00+00:00,184.2400,185.5100,-1.2085,-0.0128,-1.1958,0.0047,-82.00,5.7500,30,eod
UNH,Long,2022-08-15T14:00:00+00:00,2022-08-15T19:45:00+00:00,544.4900,545.3900,2.6908,-0.0128,2.7036,0.0039,28.00,5.7500,30,eod
UNH,Short,2022-08-15T14:15:00+00:00,2022-08-15T19:45:00+00:00,544.1300,545.3900,2.6645,-0.4445,3.1090,0.0037,-28.00,5.5000,45,eod
AVGO,Short,2022-08-16T14:00:00+00:00,2022-08-16T19:45:00+00:00,54.7400,55.2900,-2.3487,-0.8460,-1.5027,0.0064,-277.00,5.7500,30,eod
DE,Long,2022-08-16T14:00:00+00:00,2022-08-16T19:45:00+00:00,366.7400,371.1500,0.8364,-0.8460,1.6824,0.0047,41.00,5.7500,30,eod
HD,Short,2022-08-16T14:00:00+00:00,2022-08-16T19:45:00+00:00,322.3000,327.6700,3.7543,-0.8460,4.6003,0.0047,-47.00,5.7500,30,eod
SLB,Short,2022-08-17T14:00:00+00:00,2022-08-17T14:15:00+00:00,34.9100,35.1400,-1.0828,0.2831,-1.3660,0.0071,-432.00,0.2500,30,reversal
TXN,Long,2022-08-17T14:10:00+00:00,2022-08-17T19:45:00+00:00,176.7000,177.4100,-3.5106,-0.4928,-3.0178,0.0060,85.00,5.5833,40,eod
LLY,Long,2022-08-17T14:00:00+00:00,2022-08-17T19:45:00+00:00,315.8100,317.3200,2.1465,0.2831,1.8633,0.0058,47.00,5.7500,30,eod
LLY,Short,2022-08-17T14:10:00+00:00,2022-08-17T19:45:00+00:00,316.9300,317.3200,2.9897,-0.4928,3.4825,0.0053,-47.00,5.5833,40,eod
AVGO,Long,2022-08-18T14:00:00+00:00,2022-08-18T19:45:00+00:00,55.1400,55.9600,2.6550,0.1632,2.4918,0.0065,273.00,5.7500,30,eod
UNH,Short,2022-08-18T14:00:00+00:00,2022-08-18T19:45:00+00:00,544.1600,545.5800,-1.8199,0.1632,-1.9831,0.0036,-27.00,5.7500,30,eod
UNH,Long,2022-08-18T14:30:00+00:00,2022-08-18T19:45:00+00:00,542.4100,545.5800,-2.7399,0.5922,-3.3321,0.0035,27.00,5.2500,60,eod
DE,Short,2022-08-19T14:00:00+00:00,2022-08-19T19:45:00+00:00,361.5500,368.7700,3.6821,-1.6660,5.3482,0.0042,-41.00,5.7500,30,eod
NKE,Short,2022-08-19T16:55:00+00:00,2022-08-19T19:45:00+00:00,113.8200,113.2000,-2.2734,-1.2375,-1.0359,0.0062,-132.00,2.8333,205,eod
UNH,Long,2022-08-19T14:00:00+00:00,2022-08-19T19:45:00+00:00,547.8100,548.3800,0.9993,-1.6660,2.6653,0.0036,27.00,5.7500,30,eod
CVX,Short,2022-08-22T14:00:00+00:00,2022-08-22T14:15:00+00:00,154.8200,155.4200,-1.2797,-0.2601,-1.0197,0.0042,-97.00,0.2500,30,reversal
DE,Short,2022-08-22T15:10:00+00:00,2022-08-22T19:45:00+00:00,371.1400,370.1100,1.7440,-1.2825,3.0265,0.0079,-40.00,4.5833,100,eod
LOW,Long,2022-08-22T14:00:00+00:00,2022-08-22T19:45:00+00:00,211.9300,210.0400,1.7511,-0.2601,2.0111,0.0063,71.00,5.7500,30,eod
DE,Short,2022-08-23T14:00:00+00:00,2022-08-23T19:45:00+00:00,380.2300,376.1900,3.7617,0.0424,3.7193,0.0056,-39.00,5.7500,30,eod
FCX,Long,2022-08-23T14:00:00+00:00,2022-08-23T19:45:00+00:00,31.4200,31.8400,2.6160,0.0424,2.5736,0.0093,478.00,5.7500,30,eod
HD,Short,2022-08-23T14:00:00+00:00,2022-08-23T19:45:00+00:00,307.5900,307.3700,-1.8150,0.0424,-1.8573,0.0054,-48.00,5.7500,30,eod
PYPL,Long,2022-08-24T14:00:00+00:00,2022-08-24T15:55:00+00:00,94.6400,95.2100,2.2909,0.8545,1.4364,0.0064,159.00,1.9167,30,reversal
MPC,Long,2022-08-24T15:20:00+00:00,2022-08-24T19:45:00+00:00,103.9000,104.8200,-0.8544,2.2113,-3.0657,0.0068,145.00,4.4167,110,eod
T,Short,2022-08-24T14:00:00+00:00,2022-08-24T19:45:00+00:00,17.8800,18.0300,-1.4485,0.8545,-2.3030,0.0038,-846.00,5.7500,30,eod
MSFT,Long,2022-08-25T14:05:00+00:00,2022-08-25T14:45:00+00:00,277.0000,277.4500,2.8540,1.7350,1.1190,0.0026,54.00,0.6667,35,reversal
TSLA,Short,2022-08-25T14:00:00+00:00,2022-08-25T19:45:00+00:00,296.8900,294.6200,-0.7272,2.1760,-2.9032,0.0071,-51.00,5.7500,30,eod
XOM,Long,2022-08-25T14:35:00+00:00,2022-08-25T19:45:00+00:00,98.5000,98.9100,-1.0652,2.3393,-3.4045,0.0058,153.00,5.1667,65,eod
JPM,Short,2022-08-26T14:05:00+00:00,2022-08-26T14:40:00+00:00,119.2600,117.4200,-1.3210,0.4745,-1.7955,0.0036,-127.00,0.5833,35,reversal
CVX,Long,2022-08-26T14:00:00+00:00,2022-08-26T19:45:00+00:00,164.0000,163.5900,-0.4235,-3.4220,2.9985,0.0029,92.00,5.7500,30,eod
COP,Short,2022-08-26T14:25:00+00:00,2022-08-26T19:45:00+00:00,112.8800,112.2400,0.4808,-2.7982,3.2790,0.0057,-135.00,5.3333,55,eod
CRM,Short,2022-08-29T14:05:00+00:00,2022-08-29T15:00:00+00:00,163.0900,163.0300,-2.3046,-0.7765,-1.5280,0.0052,-93.00,0.9167,35,reversal
XOM,Short,2022-08-29T14:00:00+00:00,2022-08-29T19:45:00+00:00,100.9400,100.5900,4.1489,-0.8984,5.0473,0.0048,-151.00,5.7500,30,eod
DE,Long,2022-08-29T14:00:00+00:00,2022-08-29T19:45:00+00:00,380.1900,382.4900,1.4632,-0.8984,2.3617,0.0054,40.00,5.7500,30,eod
LIN,Short,2022-08-30T14:00:00+00:00,2022-08-30T15:15:00+00:00,286.1900,285.5300,-3.2880,-2.2405,-1.0476,0.0037,-53.00,1.2500,30,reversal
UNH,Long,2022-08-30T14:00:00+00:00,2022-08-30T19:45:00+00:00,529.4100,522.2100,0.0505,-2.2405,2.2910,0.0037,28.00,5.7500,30,eod
LLY,Short,2022-08-30T14:00:00+00:00,2022-08-30T19:45:00+00:00,311.7200,306.8400,1.4857,-2.2405,3.7262,0.0053,-49.00,5.7500,30,eod
COP,Short,2022-08-31T14:25:00+00:00,2022-08-31T19:45:00+00:00,109.5800,110.2600,3.1104,-0.4162,3.5266,0.0067,-139.00,5.3333,55,eod
BAC,Long,2022-08-31T14:00:00+00:00,2022-08-31T19:45:00+00:00,34.2300,33.8600,2.1486,0.5610,1.5875,0.0054,447.00,5.7500,30,eod
PFE,Short,2022-08-31T14:00:00+00:00,2022-08-31T19:45:00+00:00,45.8400,45.3600,-1.8321,0.5610,-2.3932,0.0051,-333.00,5.7500,30,eod
PFE,Long,2022-08-31T14:10:00+00:00,2022-08-31T19:45:00+00:00,45.6200,45.3600,-3.1031,0.5110,-3.6141,0.0045,336.00,5.5833,40,eod
CVX,Short,2022-09-01T14:00:00+00:00,2022-09-01T14:20:00+00:00,153.7100,155.4600,-3.0491,-0.4869,-2.5622,0.0047,-98.00,0.3333,30,reversal
MPC,Long,2022-09-01T14:00:00+00:00,2022-09-01T19:45:00+00:00,96.0800,96.4300,-4.6991,-0.4869,-4.2122,0.0065,158.00,5.7500,30,eod
PFE,Long,2022-09-01T14:00:00+00:00,2022-09-01T19:45:00+00:00,45.7100,46.4400,1.6130,-0.4869,2.0999,0.0048,332.00,5.7500,30,eod
PFE,Short,2022-09-01T15:00:00+00:00,2022-09-01T19:45:00+00:00,45.8500,46.4400,2.2419,-1.0923,3.3341,0.0048,-331.00,4.7500,90,eod
SBUX,Short,2022-09-02T14:00:00+00:00,2022-09-02T15:00:00+00:00,83.5800,85.1200,-2.4788,-0.8721,-1.6067,0.0039,-180.00,1.0000,30,reversal
AVGO,Long,2022-09-02T14:00:00+00:00,2022-09-02T19:45:00+00:00,50.9300,49.9800,1.3555,-0.8721,2.2276,0.0066,296.00,5.7500,30,eod
COIN,Long,2022-09-06T14:00:00+00:00,2022-09-06T18:15:00+00:00,64.1600,64.0600,-0.5364,-2.6768,2.1405,0.0201,232.00,4.2500,30,reversal
GS,Short,2022-09-06T14:00:00+00:00,2022-09-06T19:45:00+00:00,325.0800,326.4800,-4.3948,-2.6768,-1.7180,0.0052,-45.00,5.7500,30,eod
LLY,Short,2022-09-06T14:00:00+00:00,2022-09-06T19:45:00+00:00,307.7100,306.9400,2.4448,-2.6768,5.1217,0.0057,-48.00,5.7500,30,eod
T,Short,2022-09-07T14:00:00+00:00,2022-09-07T18:05:00+00:00,16.9600,16.9000,3.3766,0.1253,3.2513,0.0044,-876.00,4.0833,30,reversal
UNH,Long,2022-09-07T14:00:00+00:00,2022-09-07T19:10:00+00:00,518.9700,522.4200,1.9659,0.1253,1.8406,0.0033,28.00,5.1667,30,reversal
MU,Short,2022-09-07T14:00:00+00:00,2022-09-07T19:45:00+00:00,54.2700,55.4500,-2.1549,0.1253,-2.2802,0.0090,-273.00,5.7500,30,eod
JPM,Long,2022-09-08T14:00:00+00:00,2022-09-08T15:25:00+00:00,117.3200,118.1200,2.5802,1.2145,1.3656,0.0072,126.00,1.4167,30,reversal
LLY,Short,2022-09-08T14:00:00+00:00,2022-09-08T16:25:00+00:00,308.9900,311.7200,-1.1477,1.2145,-2.3622,0.0049,-47.00,2.4167,30,reversal
LLY,Long,2022-09-08T14:05:00+00:00,2022-09-08T16:25:00+00:00,308.8300,311.7200,-1.2298,1.8224,-3.0522,0.0050,47.00,2.3333,35,reversal
AAPL,Long,2022-09-09T14:00:00+00:00,2022-09-09T19:45:00+00:00,156.2600,157.5100,2.2214,1.0494,1.1720,0.0037,95.00,5.7500,30,eod
XOM,Short,2022-09-09T14:00:00+00:00,2022-09-09T19:45:00+00:00,95.6700,96.5600,-0.8720,1.0494,-1.9214,0.0075,-155.00,5.7500,30,eod
SBUX,Short,2022-09-12T14:00:00+00:00,2022-09-12T19:45:00+00:00,89.4300,89.0000,-1.7259,0.9589,-2.6848,0.0055,-165.00,5.7500,30,eod
UNH,Short,2022-09-12T15:00:00+00:00,2022-09-12T19:45:00+00:00,534.6200,531.0500,3.1301,0.0521,3.0781,0.0071,-27.00,4.7500,90,eod
T,Long,2022-09-12T14:00:00+00:00,2022-09-12T19:45:00+00:00,17.2800,17.3800,2.2463,0.9589,1.2874,0.0047,858.00,5.7500,30,eod
UNH,Short,2022-09-13T14:00:00+00:00,2022-09-13T14:40:00+00:00,517.5000,519.4600,-2.8583,-1.7502,-1.1081,0.0043,-28.00,0.6667,30,reversal
LIN,Long,2022-09-13T14:00:00+00:00,2022-09-13T19:45:00+00:00,289.3100,285.6700,0.5050,-1.7502,2.2553,0.0047,51.00,5.7500,30,eod
PYPL,Short,2022-09-13T14:00:00+00:00,2022-09-13T19:45:00+00:00,96.0700,94.7000,1.3292,-1.7502,3.0794,0.0092,-155.00,5.7500,30,eod
HD,Short,2022-09-14T14:00:00+00:00,2022-09-14T14:35:00+00:00,274.4600,277.9700,-1.3679,1.0934,-2.4612,0.0060,-54.00,0.5833,30,reversal
TXN,Long,2022-09-14T14:00:00+00:00,2022-09-14T18:40:00+00:00,165.1500,164.1900,2.9233,1.0934,1.8299,0.0040,90.00,4.6667,30,reversal
LOW,Long,2022-09-14T14:00:00+00:00,2022-09-14T19:45:00+00:00,191.7500,191.4600,-1.9076,1.0934,-3.0010,0.0071,77.00,5.7500,30,eod
LLY,Short,2022-09-15T14:00:00+00:00,2022-09-15T14:35:00+00:00,306.7300,307.6500,-1.0737,0.8537,-1.9274,0.0053,-48.00,0.5833,30,reversal
ADBE,Long,2022-09-15T14:00:00+00:00,2022-09-15T19:45:00+00:00,319.5400,308.5600,-3.3233,0.8537,-4.1769,0.0075,46.00,5.7500,30,eod
FCX,Long,2022-09-15T14:00:00+00:00,2022-09-15T19:45:00+00:00,30.5300,29.7300,2.5795,0.8537,1.7258,0.0120,483.00,5.7500,30,eod
JPM,Short,2022-09-15T16:15:00+00:00,2022-09-15T19:45:00+00:00,118.1100,117.8700,1.6787,-1.3512,3.0300,0.0107,-122.00,3.5000,165,eod
PFE,Long,2022-09-16T14:00:00+00:00,2022-09-16T14:35:00+00:00,46.5000,46.1000,2.6216,-0.2826,2.9042,0.0050,310.00,0.5833,30,reversal
DE,Short,2022-09-16T14:00:00+00:00,2022-09-16T19:45:00+00:00,349.6400,354.4600,-2.3339,-0.2826,-2.0513,0.0067,-41.00,5.7500,30,eod
NFLX,Short,2022-09-19T14:00:00+00:00,2022-09-19T19:45:00+00:00,23.8900,24.2400,-2.6172,0.2201,-2.8373,0.0083,-600.00,5.7500,30,eod
CAT,Long,2022-09-19T14:00:00+00:00,2022-09-19T19:45:00+00:00,180.2900,182.0200,1.8147,0.2201,1.5946,0.0058,79.00,5.7500,30,eod
LLY,Long,2022-09-19T14:20:00+00:00,2022-09-19T19:45:00+00:00,298.3700,305.0400,-2.7484,0.3324,-3.0808,0.0060,47.00,5.4167,50,eod
MPC,Long,2022-09-20T14:00:00+00:00,2022-09-20T15:55:00+00:00,96.7900,96.5800,1.0519,-0.4201,1.4720,0.0079,148.00,1.9167,30,reversal
UNH,Short,2022-09-20T14:00:00+00:00,2022-09-20T16:45:00+00:00,516.2600,522.2700,-2.5679,-0.4201,-2.1478,0.0043,-27.00,2.7500,30,reversal
QCOM,Long,2022-09-21T14:00:00+00:00,2022-09-21T18:00:00+00:00,127.8500,124.8700,3.2119,0.8679,2.3440,0.0060,112.00,4.0000,30,reversal
FCX,Short,2022-09-21T14:00:00+00:00,2022-09-21T19:45:00+00:00,29.1300,28.1400,-1.1621,0.8679,-2.0299,0.0105,-491.00,5.7500,30,eod
GOOGL,Long,2022-09-22T14:00:00+00:00,2022-09-22T19:45:00+00:00,100.0400,101.1700,1.1082,-1.5141,2.6223,0.0048,143.00,5.7500,30,eod
SBUX,Short,2022-09-22T14:00:00+00:00,2022-09-22T19:45:00+00:00,85.3300,85.4600,-4.0455,-1.5141,-2.5314,0.0067,-168.00,5.7500,30,eod
SBUX,Long,2022-09-22T14:10:00+00:00,2022-09-22T19:45:00+00:00,85.5700,85.4600,-3.7338,-0.2591,-3.4747,0.0065,167.00,5.5833,40,eod
UNH,Short,2022-09-22T14:00:00+00:00,2022-09-22T19:45:00+00:00,512.0900,520.5700,2.2744,-1.5141,3.7885,0.0050,-28.00,5.7500,30,eod
PFE,Long,2022-09-23T14:00:00+00:00,2022-09-23T15:25:00+00:00,44.1900,43.8800,0.3265,-2.0663,2.3927,0.0049,323.00,1.4167,30,reversal
CRM,Short,2022-09-23T14:00:00+00:00,2022-09-23T19:45:00+00:00,145.4000,146.8300,-3.4626,-2.0663,-1.3963,0.0081,-98.00,5.7500,30,eod
LLY,Short,2022-09-23T14:00:00+00:00,2022-09-23T19:45:00+00:00,311.6800,311.9100,2.1397,-2.0663,4.2059,0.0078,-45.00,5.7500,30,eod
TSLA,Long,2022-09-26T14:00:00+00:00,2022-09-26T19:45:00+00:00,281.1000,277.8200,2.7928,1.2550,1.5378,0.0108,50.00,5.7500,30,eod
JPM,Short,2022-09-26T14:00:00+00:00,2022-09-26T19:45:00+00:00,107.9300,107.2000,-1.5991,1.2550,-2.8541,0.0093,-131.00,5.7500,30,eod
JPM,Long,2022-09-26T14:05:00+00:00,2022-09-26T19:45:00+00:00,107.5900,107.2000,-2.0515,1.1091,-3.1606,0.0088,132.00,5.6667,35,eod
UNH,Short,2022-09-26T16:05:00+00:00,2022-09-26T19:45:00+00:00,509.6200,510.9300,2.5037,-0.5237,3.0274,0.0076,-27.00,3.6667,155,eod
AMZN,Short,2022-09-27T14:25:00+00:00,2022-09-27T18:00:00+00:00,115.4700,114.0200,-3.0217,-1.8552,-1.1665,0.0068,-122.00,3.5833,55,reversal
XOM,Long,2022-09-27T14:00:00+00:00,2022-09-27T19:45:00+00:00,85.7700,85.8000,1.0180,-1.8320,2.8500,0.0080,164.00,5.7500,30,eod
UNH,Short,2022-09-27T14:00:00+00:00,2022-09-27T19:45:00+00:00,512.2800,509.1400,1.2826,-1.8320,3.1146,0.0059,-27.00,5.7500,30,eod
DIS,Long,2022-09-28T14:00:00+00:00,2022-09-28T18:40:00+00:00,97.1200,98.8200,2.0465,0.4209,1.6256,0.0058,146.00,4.6667,30,reversal
AAPL,Short,2022-09-28T14:00:00+00:00,2022-09-28T19:45:00+00:00,145.6400,150.2200,-0.7329,0.4209,-1.1538,0.0075,-97.00,5.7500,30,eod
MPC,Short,2022-09-28T16:40:00+00:00,2022-09-28T19:45:00+00:00,97.6700,100.4100,5.2566,2.0736,3.1830,0.0080,-145.00,3.0833,190,eod
MSFT,Short,2022-09-29T14:00:00+00:00,2022-09-29T14:35:00+00:00,235.3600,235.2100,-4.0845,-2.6372,-1.4473,0.0046,-59.00,0.5833,30,reversal
HD,Long,2022-09-29T14:00:00+00:00,2022-09-29T19:45:00+00:00,276.2900,277.5300,0.1997,-2.6372,2.8369,0.0044,50.00,5.7500,30,eod
LOW,Short,2022-09-29T14:05:00+00:00,2022-09-29T19:45:00+00:00,191.5800,190.3400,0.4246,-3.0667,3.4913,0.0053,-73.00,5.6667,35,eod
MU,Short,2022-09-30T14:00:00+00:00,2022-09-30T14:50:00+00:00,50.6200,52.0200,-2.0866,0.1095,-2.1961,0.0072,-276.00,0.8333,30,reversal
NKE,Long,2022-09-30T14:00:00+00:00,2022-09-30T19:45:00+00:00,84.2300,83.5100,2.4414,0.1095,2.3319,0.0063,166.00,5.7500,30,eod
NKE,Short,2022-09-30T14:05:00+00:00,2022-09-30T19:45:00+00:00,85.1500,83.5100,3.9790,0.0466,3.9325,0.0066,-164.00,5.6667,35,eod
T,Long,2022-09-30T15:05:00+00:00,2022-09-30T19:45:00+00:00,15.5100,15.4300,-1.6287,1.5723,-3.2010,0.0051,896.00,4.6667,95,eod
MU,Long,2022-10-03T14:00:00+00:00,2022-10-03T18:30:00+00:00,52.4400,52.0800,3.4565,1.2982,2.1583,0.0082,266.00,4.5000,30,reversal
MPC,Long,2022-10-03T14:00:00+00:00,2022-10-03T19:45:00+00:00,100.8600,102.9900,-2.3689,1.2982,-3.6671,0.0088,138.00,5.7500,30,eod
PFE,Short,2022-10-03T14:00:00+00:00,2022-10-03T19:45:00+00:00,43.8500,44.1700,-1.0754,1.2982,-2.3736,0.0049,-318.00,5.7500,30,eod
META,Short,2022-10-04T14:00:00+00:00,2022-10-04T19:45:00+00:00,141.2400,139.8000,-0.3109,1.5468,-1.8578,0.0068,-99.00,5.7500,30,eod
NFLX,Long,2022-10-04T14:00:00+00:00,2022-10-04T19:45:00+00:00,23.9100,23.9800,-1.4972,1.5468,-3.0440,0.0091,585.00,5.7500,30,eod
T,Long,2022-10-04T14:00:00+00:00,2022-10-04T19:45:00+00:00,16.1100,16.0700,4.1795,1.5468,2.6327,0.0033,869.00,5.7500,30,eod
NFLX,Short,2022-10-05T14:25:00+00:00,2022-10-05T19:45:00+00:00,23.1000,23.8400,-2.9612,-1.8703,-1.0909,0.0128,-606.00,5.3333,55,eod
LOW,Long,2022-10-05T14:00:00+00:00,2022-10-05T19:45:00+00:00,195.6300,199.6700,1.3397,-1.5119,2.8516,0.0056,71.00,5.7500,30,eod
LOW,Short,2022-10-05T14:05:00+00:00,2022-10-05T19:45:00+00:00,195.7400,199.6700,1.3164,-1.7496,3.0661,0.0061,-71.00,5.6667,35,eod
CVX,Long,2022-10-06T14:00:00+00:00,2022-10-06T19:45:00+00:00,161.0600,161.4300,1.8680,-1.1225,2.9905,0.0060,85.00,5.7500,30,eod
NKE,Short,2022-10-06T14:00:00+00:00,2022-10-06T19:45:00+00:00,90.7500,90.2300,-2.1966,-1.1225,-1.0742,0.0069,-151.00,5.7500,30,eod
LLY,Short,2022-10-06T14:00:00+00:00,2022-10-06T19:45:00+00:00,335.5500,332.7400,2.3659,-1.1225,3.4883,0.0077,-41.00,5.7500,30,eod
GE,Short,2022-10-07T14:00:00+00:00,2022-10-07T14:40:00+00:00,40.0600,40.4800,-2.7001,-1.6585,-1.0416,0.0077,-345.00,0.6667,30,reversal
UNH,Long,2022-10-07T14:00:00+00:00,2022-10-07T19:45:00+00:00,511.4900,503.7900,0.9622,-1.6585,2.6206,0.0055,27.00,5.7500,30,eod
PYPL,Short,2022-10-10T14:00:00+00:00,2022-10-10T17:05:00+00:00,84.4800,84.4700,-3.5318,-0.8991,-2.6327,0.0075,-162.00,3.0833,30,reversal
NFLX,Long,2022-10-10T14:00:00+00:00,2022-10-10T19:45:00+00:00,22.9700,23.0800,1.4135,-0.8991,2.3126,0.0113,597.00,5.7500,30,eod
PYPL,Short,2022-10-11T14:00:00+00:00,2022-10-11T15:00:00+00:00,80.0800,82.9600,-4.1371,-1.2072,-2.9299,0.0094,-171.00,1.0000,30,reversal
T,Long,2022-10-11T14:00:00+00:00,2022-10-11T15:45:00+00:00,14.8700,14.8800,1.2692,-1.2072,2.4765,0.0043,923.00,1.7500,30,reversal
MU,Short,2022-10-11T17:30:00+00:00,2022-10-11T19:45:00+00:00,53.9800,53.7000,3.7022,0.6284,3.0738,0.0158,-253.00,2.2500,240,eod
NFLX,Long,2022-10-11T14:35:00+00:00,2022-10-11T19:45:00+00:00,21.4800,21.4800,-3.6285,-0.3140,-3.3145,0.0163,634.00,5.1667,65,eod
TSLA,Short,2022-10-12T14:00:00+00:00,2022-10-12T16:45:00+00:00,213.0700,215.8600,-0.6964,0.7352,-1.4315,0.0115,-63.00,2.7500,30,reversal
UNH,Long,2022-10-12T14:00:00+00:00,2022-10-12T19:45:00+00:00,506.9400,501.6300,2.6831,0.7352,1.9480,0.0063,26.00,5.7500,30,eod
ADBE,Long,2022-10-13T14:00:00+00:00,2022-10-13T16:10:00+00:00,283.6600,291.3300,2.4993,1.3066,1.1928,0.0086,47.00,2.1667,30,reversal
UNH,Short,2022-10-13T14:00:00+00:00,2022-10-13T19:45:00+00:00,490.3800,509.5700,-1.0359,1.3066,-2.3425,0.0059,-27.00,5.7500,30,eod
UNH,Long,2022-10-13T14:05:00+00:00,2022-10-13T19:45:00+00:00,488.7400,509.5700,-1.5235,1.6307,-3.1542,0.0062,27.00,5.6667,35,eod
CRM,Long,2022-10-14T14:00:00+00:00,2022-10-14T19:45:00+00:00,146.3800,142.8700,0.2433,-1.6113,1.8546,0.0076,93.00,5.7500,30,eod
DE,Short,2022-10-14T14:00:00+00:00,2022-10-14T19:45:00+00:00,362.9300,357.8600,-3.7710,-1.6113,-2.1596,0.0055,-37.00,5.7500,30,eod
UNH,Short,2022-10-14T14:00:00+00:00,2022-10-14T19:45:00+00:00,526.1500,515.0100,1.9410,-1.6113,3.5524,0.0062,-26.00,5.7500,30,eod
NFLX,Long,2022-10-17T14:05:00+00:00,2022-10-17T19:45:00+00:00,24.2800,24.5600,1.6340,0.4017,1.2323,0.0147,567.00,5.6667,35,eod
CAT,Short,2022-10-17T14:00:00+00:00,2022-10-17T19:45:00+00:00,181.2200,180.9600,-0.9044,0.5809,-1.4853,0.0079,-76.00,5.7500,30,eod
SCHW,Long,2022-10-17T15:40:00+00:00,2022-10-17T19:45:00+00:00,66.5900,67.5200,-2.6862,0.5075,-3.1938,0.0158,207.00,4.0833,130,eod
ADBE,Short,2022-10-18T14:00:00+00:00,2022-10-18T19:45:00+00:00,295.9100,293.0000,-1.8242,-0.7203,-1.1038,0.0086,-46.00,5.7500,30,eod
PFE,Long,2022-10-18T14:00:00+00:00,2022-10-18T19:45:00+00:00,44.0900,44.0400,1.5886,-0.7203,2.3089,0.0039,315.00,5.7500,30,eod
NFLX,Long,2022-10-19T14:00:00+00:00,2022-10-19T19:45:00+00:00,27.4200,27.0700,1.6115,-0.3387,1.9502,0.0132,507.00,5.7500,30,eod
HD,Long,2022-10-19T14:00:00+00:00,2022-10-19T19:45:00+00:00,277.2800,274.8400,-4.1849,-0.3387,-3.8463,0.0036,50.00,5.7500,30,eod
LOW,Short,2022-10-19T14:00:00+00:00,2022-10-19T19:45:00+00:00,184.3300,183.7500,-2.7484,-0.3387,-2.4098,0.0061,-75.00,5.7500,30,eod
NFLX,Short,2022-10-20T14:00:00+00:00,2022-10-20T19:45:00+00:00,26.9800,26.8100,-1.1033,1.3334,-2.4366,0.0142,-512.00,5.7500,30,eod
FCX,Long,2022-10-20T14:00:00+00:00,2022-10-20T19:45:00+00:00,29.7300,29.1800,2.7618,1.3334,1.4284,0.0107,464.00,5.7500,30,eod
T,Short,2022-10-20T14:00:00+00:00,2022-10-20T19:45:00+00:00,17.0600,16.7500,4.5296,1.3334,3.1962,0.0072,-809.00,5.7500,30,eod
SLB,Short,2022-10-21T14:25:00+00:00,2022-10-21T19:45:00+00:00,48.9700,50.4300,4.0900,0.8370,3.2530,0.0082,-282.00,5.3333,55,eod
PFE,Long,2022-10-21T14:00:00+00:00,2022-10-21T19:45:00+00:00,44.9000,44.9800,4.1155,1.6207,2.4947,0.0064,307.00,5.7500,30,eod
T,Short,2022-10-21T14:00:00+00:00,2022-10-21T19:45:00+00:00,16.9600,17.1000,-0.8670,1.6207,-2.4877,0.0074,-815.00,5.7500,30,eod
T,Long,2022-10-21T16:00:00+00:00,2022-10-21T19:45:00+00:00,16.7900,17.1000,-1.5120,1.5334,-3.0455,0.0108,823.00,3.7500,150,eod
XOM,Long,2022-10-24T14:00:00+00:00,2022-10-24T15:15:00+00:00,106.8600,106.3500,1.4236,-0.5559,1.9795,0.0055,129.00,1.2500,30,reversal
SLB,Short,2022-10-24T14:00:00+00:00,2022-10-24T19:45:00+00:00,51.0100,52.0800,3.2927,-0.5559,3.8486,0.0071,-270.00,5.7500,30,eod
SBUX,Long,2022-10-24T14:40:00+00:00,2022-10-24T19:45:00+00:00,83.7700,83.9700,-3.3307,-0.2910,-3.0397,0.0094,164.00,5.0833,70,eod
PYPL,Short,2022-10-24T14:00:00+00:00,2022-10-24T19:45:00+00:00,82.0900,83.3200,-1.5993,-0.5559,-1.0434,0.0115,-168.00,5.7500,30,eod
TSLA,Long,2022-10-25T14:05:00+00:00,2022-10-25T19:45:00+00:00,218.5400,222.5400,2.1659,0.9697,1.1962,0.0112,62.00,5.6667,35,eod
GE,Long,2022-10-25T14:00:00+00:00,2022-10-25T19:45:00+00:00,44.9900,45.3500,-2.9668,1.1440,-4.1108,0.0113,302.00,5.7500,30,eod
HD,Short,2022-10-25T14:00:00+00:00,2022-10-25T19:45:00+00:00,288.3200,290.9300,-1.3744,1.1440,-2.5185,0.0042,-47.00,5.7500,30,eod
ADBE,Long,2022-10-26T14:00:00+00:00,2022-10-26T15:15:00+00:00,326.9400,328.9500,2.3545,0.5091,1.8455,0.0095,41.00,1.2500,30,reversal
HD,Short,2022-10-26T14:00:00+00:00,2022-10-26T19:40:00+00:00,288.0300,290.8800,-2.2491,0.5091,-2.7581,0.0048,-47.00,5.6667,30,reversal
NKE,Short,2022-10-27T14:00:00+00:00,2022-10-27T15:05:00+00:00,91.2900,92.3000,-2.6621,-1.4594,-1.2027,0.0079,-149.00,1.0833,30,reversal
NFLX,Long,2022-10-27T14:00:00+00:00,2022-10-27T19:45:00+00:00,29.9800,29.9600,0.6352,-1.4594,2.0946,0.0159,455.00,5.7500,30,eod
CAT,Short,2022-10-27T14:00:00+00:00,2022-10-27T19:45:00+00:00,213.3100,212.4400,3.0695,-1.4594,4.5289,0.0082,-63.00,5.7500,30,eod
AAPL,Long,2022-10-28T14:00:00+00:00,2022-10-28T19:45:00+00:00,151.8600,155.6800,1.7136,0.2472,1.4664,0.0070,89.00,5.7500,30,eod
AAPL,Short,2022-10-28T14:15:00+00:00,2022-10-28T19:45:00+00:00,153.3500,155.6800,3.4767,0.4261,3.0506,0.0063,-89.00,5.5000,45,eod
SLB,Short,2022-10-28T14:00:00+00:00,2022-10-28T19:45:00+00:00,50.5800,50.2900,-2.5654,0.2472,-2.8125,0.0077,-268.00,5.7500,30,eod
SLB,Long,2022-10-28T14:05:00+00:00,2022-10-28T19:45:00+00:00,50.1600,50.2900,-3.4358,0.3085,-3.7443,0.0081,272.00,5.6667,35,eod
COP,Long,2022-10-31T14:00:00+00:00,2022-10-31T16:05:00+00:00,128.6900,126.7800,1.9814,-0.4821,2.4635,0.0066,105.00,2.0833,30,reversal
META,Short,2022-10-31T14:00:00+00:00,2022-10-31T19:45:00+00:00,96.4600,93.6600,-1.9724,-0.4821,-1.4903,0.0093,-140.00,5.7500,30,eod
SLB,Short,2022-10-31T14:05:00+00:00,2022-10-31T19:45:00+00:00,51.8600,52.2000,2.3336,-0.9092,3.2428,0.0091,-262.00,5.6667,35,eod
HD,Short,2022-11-01T14:00:00+00:00,2022-11-01T17:40:00+00:00,296.0300,294.7400,-3.2038,-1.9106,-1.2932,0.0061,-45.00,3.6667,30,reversal
MPC,Long,2022-11-01T14:00:00+00:00,2022-11-01T19:45:00+00:00,114.6100,119.0600,0.8365,-1.9106,2.7471,0.0080,118.00,5.7500,30,eod
MPC,Short,2022-11-01T14:05:00+00:00,2022-11-01T19:45:00+00:00,115.6000,119.0600,1.8176,-2.1939,4.0115,0.0085,-118.00,5.6667,35,eod
MPC,Short,2022-11-02T14:00:00+00:00,2022-11-02T19:45:00+00:00,116.4900,115.3600,-2.1893,0.0878,-2.2771,0.0091,-116.00,5.7500,30,eod
LLY,Long,2022-11-02T14:00:00+00:00,2022-11-02T19:45:00+00:00,357.2800,356.0000,1.8179,0.0878,1.7301,0.0092,37.00,5.7500,30,eod
DIS,Short,2022-11-03T14:00:00+00:00,2022-11-03T15:35:00+00:00,98.8700,100.0000,-2.3377,-0.8350,-1.5028,0.0068,-136.00,1.5833,30,reversal
XOM,Long,2022-11-03T14:00:00+00:00,2022-11-03T19:45:00+00:00,110.0100,111.1300,2.0023,-0.8350,2.8373,0.0054,123.00,5.7500,30,eod
DE,Short,2022-11-03T15:25:00+00:00,2022-11-03T19:45:00+00:00,392.1000,395.3600,2.8734,-0.4367,3.3101,0.0085,-34.00,4.3333,115,eod
SBUX,Long,2022-11-04T14:00:00+00:00,2022-11-04T14:25:00+00:00,92.9600,92.1500,1.6781,-0.4477,2.1258,0.0060,145.00,0.4167,30,reversal
CRM,Short,2022-11-04T14:00:00+00:00,2022-11-04T19:45:00+00:00,140.3900,139.7700,-2.7968,-0.4477,-2.3491,0.0096,-96.00,5.7500,30,eod
CRM,Long,2022-11-04T14:10:00+00:00,2022-11-04T19:45:00+00:00,139.6900,139.7700,-2.8663,0.3737,-3.2400,0.0111,96.00,5.5833,40,eod
META,Long,2022-11-07T15:00:00+00:00,2022-11-07T20:45:00+00:00,95.6800,96.4800,2.2905,0.1501,2.1404,0.0089,140.00,5.7500,30,eod
SBUX,Short,2022-11-07T15:00:00+00:00,2022-11-07T20:45:00+00:00,90.8000,90.7500,-2.1821,0.1501,-2.3322,0.0067,-148.00,5.7500,30,eod
SBUX,Long,2022-11-08T15:00:00+00:00,2022-11-08T15:35:00+00:00,92.7400,92.3300,1.2960,0.0215,1.2745,0.0070,145.00,0.5833,30,reversal
HD,Short,2022-11-08T15:00:00+00:00,2022-11-08T20:45:00+00:00,287.8200,292.9700,-1.9746,0.0215,-1.9961,0.0076,-46.00,5.7500,30,eod
META,Long,2022-11-09T15:00:00+00:00,2022-11-09T20:45:00+00:00,103.4600,101.2100,2.2759,0.2414,2.0345,0.0091,129.00,5.7500,30,eod
COP,Short,2022-11-09T15:05:00+00:00,2022-11-09T20:45:00+00:00,130.3900,125.1100,-0.3889,0.7824,-1.1713,0.0083,-102.00,5.6667,35,eod
LOW,Short,2022-11-09T15:45:00+00:00,2022-11-09T20:45:00+00:00,190.7400,186.4400,2.9045,-0.0982,3.0027,0.0079,-70.00,5.0000,75,eod
T,Long,2022-11-10T15:00:00+00:00,2022-11-10T16:35:00+00:00,18.9100,18.8300,3.5442,1.7071,1.8372,0.0042,716.00,1.5833,30,reversal
CAT,Short,2022-11-10T15:00:00+00:00,2022-11-10T20:45:00+00:00,229.1500,231.9400,-0.5880,1.7071,-2.2950,0.0058,-59.00,5.7500,30,eod
SCHW,Long,2022-11-10T15:00:00+00:00,2022-11-10T20:45:00+00:00,78.9100,78.4000,-3.4512,1.7071,-5.1582,0.0043,171.00,5.7500,30,eod
HD,Short,2022-11-10T15:15:00+00:00,2022-11-10T20:45:00+00:00,312.5600,310.8200,4.5536,1.3523,3.2013,0.0091,-43.00,5.5000,45,eod
UNH,Long,2022-11-11T15:00:00+00:00,2022-11-11T20:45:00+00:00,527.5300,520.7200,-4.5658,1.2308,-5.7966,0.0052,25.00,5.7500,30,eod
LLY,Short,2022-11-11T15:00:00+00:00,2022-11-11T20:45:00+00:00,358.5300,353.4600,-1.4473,1.2308,-2.6781,0.0083,-37.00,5.7500,30,eod
COIN,Long,2022-11-11T15:00:00+00:00,2022-11-11T20:45:00+00:00,51.7600,57.5900,3.0483,1.2308,1.8175,0.0281,259.00,5.7500,30,eod
BAC,Short,2022-11-14T15:00:00+00:00,2022-11-14T15:15:00+00:00,37.8600,38.0500,-0.6420,0.5594,-1.2014,0.0029,-367.00,0.2500,30,reversal
NFLX,Long,2022-11-14T15:00:00+00:00,2022-11-14T20:45:00+00:00,29.7600,30.0600,2.5585,0.5594,1.9991,0.0107,467.00,5.7500,30,eod
LLY,Long,2022-11-14T15:00:00+00:00,2022-11-14T20:45:00+00:00,349.2900,357.5600,-2.6006,0.5594,-3.1600,0.0091,39.00,5.7500,30,eod
LOW,Short,2022-11-15T15:00:00+00:00,2022-11-15T16:30:00+00:00,207.2100,209.8400,-1.6277,0.4791,-2.1067,0.0093,-67.00,1.5000,30,reversal
TSLA,Long,2022-11-15T15:00:00+00:00,2022-11-15T20:45:00+00:00,200.1600,193.9300,1.9060,0.4791,1.4270,0.0122,70.00,5.7500,30,eod
GE,Short,2022-11-16T15:00:00+00:00,2022-11-16T15:10:00+00:00,53.2600,53.5400,-2.7383,-1.0288,-1.7096,0.0040,-259.00,0.1667,30,reversal
HD,Short,2022-11-16T15:00:00+00:00,2022-11-16T20:45:00+00:00,313.0400,315.7100,2.3339,-1.0288,3.3627,0.0090,-44.00,5.7500,30,eod
LOW,Long,2022-11-16T15:00:00+00:00,2022-11-16T20:45:00+00:00,218.1000,215.3000,1.5675,-1.0288,2.5963,0.0093,63.00,5.7500,30,eod
DE,Long,2022-11-17T15:00:00+00:00,2022-11-17T15:15:00+00:00,407.0800,403.0200,1.9838,0.6359,1.3480,0.0067,33.00,0.2500,30,reversal
JPM,Short,2022-11-17T15:00:00+00:00,2022-11-17T20:45:00+00:00,131.3800,132.4200,-1.7263,0.6359,-2.3622,0.0035,-104.00,5.7500,30,eod
BAC,Long,2022-11-17T15:00:00+00:00,2022-11-17T20:45:00+00:00,36.5900,37.1200,-3.4160,0.6359,-4.0519,0.0030,374.00,5.7500,30,eod
SLB,Short,2022-11-18T15:00:00+00:00,2022-11-18T20:45:00+00:00,52.6200,53.5500,3.2582,-1.4774,4.7356,0.0084,-259.00,5.7500,30,eod
CAT,Long,2022-11-18T15:00:00+00:00,2022-11-18T20:45:00+00:00,229.8100,231.6200,1.4446,-1.4774,2.9220,0.0035,59.00,5.7500,30,eod
GE,Short,2022-11-18T15:00:00+00:00,2022-11-18T20:45:00+00:00,53.2200,53.1700,-3.2044,-1.4774,-1.7270,0.0051,-256.00,5.7500,30,eod
BAC,Long,2022-11-21T15:00:00+00:00,2022-11-21T15:30:00+00:00,37.4400,37.2000,1.1936,-0.1329,1.3265,0.0034,363.00,0.5000,30,reversal
SLB,Short,2022-11-21T15:00:00+00:00,2022-11-21T17:30:00+00:00,50.6800,51.4000,-2.2340,-0.1329,-2.1011,0.0086,-268.00,2.5000,30,reversal
DIS,Long,2022-11-21T15:00:00+00:00,2022-11-21T20:45:00+00:00,98.2600,97.5400,-3.2653,-0.1329,-3.1324,0.0070,138.00,5.7500,30,eod
GOOGL,Short,2022-11-22T15:00:00+00:00,2022-11-22T18:00:00+00:00,94.6400,96.3800,-2.0958,-0.6231,-1.4728,0.0050,-142.00,3.0000,30,reversal
MPC,Long,2022-11-22T15:00:00+00:00,2022-11-22T20:45:00+00:00,124.2600,126.3000,2.2915,-0.6231,2.9146,0.0078,108.00,5.7500,30,eod
DIS,Long,2022-11-22T16:10:00+00:00,2022-11-22T20:45:00+00:00,95.1100,96.3600,-2.1968,0.9176,-3.1144,0.0091,140.00,4.5833,100,eod
PYPL,Short,2022-11-22T15:00:00+00:00,2022-11-22T20:45:00+00:00,78.8300,79.9800,2.4042,-0.6231,3.0273,0.0108,-170.00,5.7500,30,eod
COP,Long,2022-11-23T15:00:00+00:00,2022-11-23T20:45:00+00:00,127.3000,126.9200,-1.8351,1.8177,-3.6527,0.0067,105.00,5.7500,30,eod
DE,Long,2022-11-23T15:00:00+00:00,2022-11-23T20:45:00+00:00,445.8800,438.5200,3.7442,1.8177,1.9265,0.0078,30.00,5.7500,30,eod
SCHW,Short,2022-11-23T15:00:00+00:00,2022-11-23T20:45:00+00:00,81.8900,81.4400,-1.0798,1.8177,-2.8974,0.0045,-164.00,5.7500,30,eod
DE,Long,2022-11-25T15:45:00+00:00,2022-11-28T14:30:00+00:00,439.2500,441.4400,1.7187,0.5857,1.1330,0.0079,30.00,70.7500,75,reversal
NKE,Short,2022-11-25T15:00:00+00:00,2022-11-28T15:25:00+00:00,105.8200,105.6000,-1.4173,1.1208,-2.5381,0.0063,-126.00,72.4167,30,reversal
COP,Long,2022-11-28T15:00:00+00:00,2022-11-28T20:45:00+00:00,123.1900,123.7700,1.8946,0.4470,1.4476,0.0058,108.00,5.7500,30,eod
BAC,Short,2022-11-28T15:25:00+00:00,2022-11-28T20:45:00+00:00,37.3300,36.9000,-2.3794,-0.8822,-1.4972,0.0030,-359.00,5.3333,55,eod
BAC,Long,2022-11-28T15:00:00+00:00,2022-11-28T20:45:00+00:00,37.2300,36.9000,-3.0091,0.4470,-3.4561,0.0033,358.00,5.7500,30,eod
CAT,Short,2022-11-29T15:00:00+00:00,2022-11-29T15:15:00+00:00,232.6700,233.6700,-1.9939,-0.8567,-1.1372,0.0048,-57.00,0.2500,30,reversal
SLB,Short,2022-11-29T16:15:00+00:00,2022-11-29T20:45:00+00:00,51.0200,51.0900,0.8820,-2.1701,3.0521,0.0128,-261.00,4.5000,105,eod
PYPL,Long,2022-11-29T15:00:00+00:00,2022-11-29T20:45:00+00:00,80.0600,77.6800,1.2307,-0.8567,2.0874,0.0107,167.00,5.7500,30,eod
GOOGL,Long,2022-11-30T15:00:00+00:00,2022-11-30T20:45:00+00:00,95.7600,100.4300,0.9440,-0.4243,1.3683,0.0047,138.00,5.7500,30,eod
JPM,Long,2022-11-30T15:00:00+00:00,2022-11-30T20:45:00+00:00,133.5900,137.4500,-4.6233,-0.4243,-4.1990,0.0034,99.00,5.7500,30,eod
GS,Short,2022-11-30T15:00:00+00:00,2022-11-30T20:45:00+00:00,377.5600,384.8400,-3.4090,-0.4243,-2.9847,0.0037,-35.00,5.7500,30,eod
T,Long,2022-12-01T15:00:00+00:00,2022-12-01T17:35:00+00:00,19.3200,19.1300,1.9759,0.2860,1.6899,0.0037,699.00,2.5833,30,reversal
MU,Long,2022-12-01T15:00:00+00:00,2022-12-01T20:45:00+00:00,56.0600,55.4800,-3.0403,0.2860,-3.3264,0.0081,240.00,5.7500,30,eod
NFLX,Short,2022-12-01T15:00:00+00:00,2022-12-01T20:45:00+00:00,31.9100,31.7700,3.3937,0.2860,3.1077,0.0088,-423.00,5.7500,30,eod
JPM,Short,2022-12-01T15:00:00+00:00,2022-12-01T20:45:00+00:00,136.5300,136.3800,-2.3193,0.2860,-2.6054,0.0040,-98.00,5.7500,30,eod
PFE,Long,2022-12-02T15:00:00+00:00,2022-12-02T19:30:00+00:00,51.0500,50.8100,1.8013,-1.1048,2.9061,0.0036,262.00,4.5000,30,reversal
MPC,Short,2022-12-02T15:00:00+00:00,2022-12-02T20:45:00+00:00,118.8000,118.2300,-2.6581,-1.1048,-1.5533,0.0072,-112.00,5.7500,30,eod
MPC,Long,2022-12-02T15:10:00+00:00,2022-12-02T20:45:00+00:00,118.3400,118.2300,-2.8500,0.8761,-3.7262,0.0081,113.00,5.5833,40,eod
META,Long,2022-12-05T15:00:00+00:00,2022-12-05T20:45:00+00:00,123.3800,121.9300,1.2497,-1.0862,2.3359,0.0057,108.00,5.7500,30,eod
META,Short,2022-12-05T15:05:00+00:00,2022-12-05T20:45:00+00:00,123.7900,121.9300,1.5891,-1.8175,3.4066,0.0066,-108.00,5.6667,35,eod
BAC,Long,2022-12-05T19:15:00+00:00,2022-12-05T20:45:00+00:00,34.4200,34.2200,-4.2836,-1.2654,-3.0181,0.0090,392.00,1.5000,285,eod
GS,Short,2022-12-05T15:00:00+00:00,2022-12-05T20:45:00+00:00,373.7300,371.2800,-2.6335,-1.0862,-1.5473,0.0042,-35.00,5.7500,30,eod
CVX,Short,2022-12-06T15:00:00+00:00,2022-12-06T18:20:00+00:00,177.1900,171.9400,0.1926,-3.1177,3.3103,0.0044,-75.00,3.3333,30,reversal
BAC,Short,2022-12-06T15:10:00+00:00,2022-12-06T20:45:00+00:00,33.4300,32.9800,-4.2828,-2.8819,-1.4009,0.0080,-402.00,5.5833,40,eod
HD,Long,2022-12-06T15:00:00+00:00,2022-12-06T20:45:00+00:00,318.3500,317.9400,-0.1315,-3.1177,2.9862,0.0062,42.00,5.7500,30,eod
AAPL,Short,2022-12-07T15:00:00+00:00,2022-12-07T20:45:00+00:00,141.4500,140.6500,-2.2400,-1.1589,-1.0812,0.0054,-96.00,5.7500,30,eod
PFE,Short,2022-12-07T15:00:00+00:00,2022-12-07T20:45:00+00:00,50.6200,50.2900,2.5407,-1.1589,3.6995,0.0049,-269.00,5.7500,30,eod
T,Long,2022-12-07T15:00:00+00:00,2022-12-07T20:45:00+00:00,19.1200,19.2300,1.7252,-1.1589,2.8840,0.0030,712.00,5.7500,30,eod
QCOM,Long,2022-12-08T15:35:00+00:00,2022-12-08T20:45:00+00:00,122.1800,121.5400,3.7981,2.3010,1.4971,0.0080,111.00,5.1667,65,eod
LLY,Short,2022-12-08T15:00:00+00:00,2022-12-08T20:45:00+00:00,369.6200,370.4900,-0.6009,2.1946,-2.7955,0.0047,-37.00,5.7500,30,eod
T,Long,2022-12-08T15:00:00+00:00,2022-12-08T20:45:00+00:00,19.3700,19.0400,-1.0953,2.1946,-3.2899,0.0033,706.00,5.7500,30,eod
AVGO,Long,2022-12-09T15:00:00+00:00,2022-12-09T17:15:00+00:00,55.2100,54.8800,3.1318,1.0532,2.0786,0.0051,245.00,2.2500,30,reversal
GE,Short,2022-12-09T15:00:00+00:00,2022-12-09T20:45:00+00:00,51.4400,50.8200,-1.7690,1.0532,-2.8221,0.0053,-263.00,5.7500,30,eod
GE,Long,2022-12-09T15:05:00+00:00,2022-12-09T20:45:00+00:00,51.3500,50.8200,-2.0181,1.0390,-3.0570,0.0055,263.00,5.6667,35,eod
NFLX,Short,2022-12-12T15:00:00+00:00,2022-12-12T20:45:00+00:00,31.5400,31.4200,-1.6186,0.2350,-1.8536,0.0089,-427.00,5.7500,30,eod
XOM,Long,2022-12-12T15:00:00+00:00,2022-12-12T20:45:00+00:00,105.0300,105.9800,2.2463,0.2350,2.0113,0.0050,128.00,5.7500,30,eod
TSLA,Short,2022-12-13T15:00:00+00:00,2022-12-13T17:20:00+00:00,166.9400,158.8200,-2.3827,0.0394,-2.4221,0.0144,-81.00,2.3333,30,reversal
GOOGL,Short,2022-12-13T15:00:00+00:00,2022-12-13T20:45:00+00:00,98.9800,95.7400,3.0533,0.0394,3.0138,0.0051,-136.00,5.7500,30,eod
CVX,Long,2022-12-13T15:00:00+00:00,2022-12-13T20:45:00+00:00,174.2600,173.5300,1.6574,0.0394,1.6180,0.0047,77.00,5.7500,30,eod
COP,Short,2022-12-14T15:00:00+00:00,2022-12-14T19:10:00+00:00,113.6200,113.3800,-1.6944,0.6854,-2.3798,0.0063,-121.00,4.1667,30,reversal
COP,Long,2022-12-14T15:05:00+00:00,2022-12-14T19:10:00+00:00,113.1800,113.3800,-2.1504,1.0262,-3.1766,0.0068,122.00,4.0833,35,reversal
AVGO,Long,2022-12-14T15:00:00+00:00,2022-12-14T20:45:00+00:00,58.1600,57.4500,2.6186,0.6854,1.9332,0.0062,237.00,5.7500,30,eod
LLY,Short,2022-12-14T15:00:00+00:00,2022-12-14T20:45:00+00:00,365.0800,363.8900,3.7086,0.6854,3.0232,0.0057,-37.00,5.7500,30,eod
TSLA,Long,2022-12-15T15:00:00+00:00,2022-12-15T20:45:00+00:00,157.0800,157.8900,0.2082,-2.5038,2.7120,0.0129,87.00,5.7500,30,eod
GOOGL,Short,2022-12-15T16:45:00+00:00,2022-12-15T20:45:00+00:00,90.7700,90.7000,-3.3874,-2.0742,-1.3132,0.0069,-152.00,4.0000,135,eod
HD,Short,2022-12-15T15:15:00+00:00,2022-12-15T20:45:00+00:00,327.4200,326.2300,1.8359,-1.3810,3.2169,0.0043,-42.00,5.5000,45,eod
HD,Short,2022-12-16T15:00:00+00:00,2022-12-16T16:10:00+00:00,323.1100,323.7200,-2.8609,-0.5645,-2.2965,0.0043,-42.00,1.1667,30,reversal
META,Long,2022-12-16T15:00:00+00:00,2022-12-16T20:00:00+00:00,122.6400,119.2300,1.5602,-0.5645,2.1247,0.0068,112.00,5.0000,30,reversal
T,Short,2022-12-19T15:00:00+00:00,2022-12-19T17:30:00+00:00,18.2900,18.0300,2.1899,-1.0909,3.2807,0.0038,-748.00,2.5000,30,reversal
QCOM,Short,2022-12-19T15:05:00+00:00,2022-12-19T20:45:00+00:00,112.6700,111.9700,-2.2844,-1.1369,-1.1475,0.0073,-121.00,5.6667,35,eod
SCHW,Long,2022-12-19T15:00:00+00:00,2022-12-19T20:45:00+00:00,78.9700,78.4200,1.4496,-1.0909,2.5404,0.0049,173.00,5.7500,30,eod
LOW,Short,2022-12-20T15:00:00+00:00,2022-12-20T15:20:00+00:00,199.0000,201.3800,-0.7956,1.1520,-1.9475,0.0045,-69.00,0.3333,30,reversal
ADBE,Long,2022-12-20T15:00:00+00:00,2022-12-20T20:45:00+00:00,336.1000,338.6500,3.0093,1.1520,1.8574,0.0051,40.00,5.7500,30,eod
COP,Long,2022-12-21T15:00:00+00:00,2022-12-21T20:45:00+00:00,113.6900,116.1400,-1.9661,1.2392,-3.2052,0.0058,120.00,5.7500,30,eod
LOW,Short,2022-12-21T15:00:00+00:00,2022-12-21T20:45:00+00:00,200.9500,201.8200,-1.4635,1.2392,-2.7027,0.0043,-68.00,5.7500,30,eod
SBUX,Long,2022-12-21T15:00:00+00:00,2022-12-21T20:45:00+00:00,97.7200,98.7000,2.7322,1.2392,1.4930,0.0043,140.00,5.7500,30,eod
AMD,Short,2022-12-22T15:00:00+00:00,2022-12-22T20:45:00+00:00,63.6900,63.7100,-3.6111,-1.4171,-2.1940,0.0085,-216.00,5.7500,30,eod
GE,Long,2022-12-22T15:00:00+00:00,2022-12-22T20:45:00+00:00,51.3300,50.7200,0.5726,-1.4171,1.9897,0.0055,269.00,5.7500,30,eod
NKE,Short,2022-12-22T15:25:00+00:00,2022-12-22T20:45:00+00:00,116.3900,116.4600,1.3624,-1.6841,3.0465,0.0080,-118.00,5.3333,55,eod
CVX,Long,2022-12-23T15:00:00+00:00,2022-12-23T20:45:00+00:00,175.7700,177.2800,1.2916,-0.8892,2.1808,0.0053,78.00,5.7500,30,eod
T,Short,2022-12-23T15:00:00+00:00,2022-12-23T20:45:00+00:00,18.1400,18.2900,-2.2760,-0.8892,-1.3868,0.0036,-757.00,5.7500,30,eod
TSLA,Short,2022-12-27T15:15:00+00:00,2022-12-27T20:45:00+00:00,114.8100,110.0500,-2.4032,-0.7948,-1.6084,0.0154,-119.00,5.5000,45,eod
CAT,Long,2022-12-27T15:00:00+00:00,2022-12-27T20:45:00+00:00,241.5200,243.2600,1.0059,-1.6858,2.6917,0.0042,56.00,5.7500,30,eod
DE,Short,2022-12-27T15:00:00+00:00,2022-12-27T20:45:00+00:00,439.5000,436.5800,1.3755,-1.6858,3.0613,0.0034,-31.00,5.7500,30,eod
MU,Long,2022-12-28T15:00:00+00:00,2022-12-28T16:30:00+00:00,50.7600,49.4700,1.7117,-0.4447,2.1564,0.0062,274.00,1.5000,30,reversal
DE,Short,2022-12-28T15:00:00+00:00,2022-12-28T20:45:00+00:00,434.7100,430.4200,-1.6458,-0.4447,-1.2011,0.0035,-32.00,5.7500,30,eod
JPM,Short,2022-12-28T19:40:00+00:00,2022-12-28T20:45:00+00:00,133.3300,132.4600,1.6444,-1.3665,3.0110,0.0074,-103.00,1.0833,310,eod
META,Long,2022-12-29T15:00:00+00:00,2022-12-29T20:45:00+00:00,118.8500,120.6900,2.3332,1.1406,1.1926,0.0070,116.00,5.7500,30,eod
CAT,Short,2022-12-29T15:00:00+00:00,2022-12-29T20:45:00+00:00,239.4700,240.0600,-1.0653,1.1406,-2.2058,0.0043,-58.00,5.7500,30,eod
MU,Short,2022-12-30T15:00:00+00:00,2022-12-30T20:45:00+00:00,49.2700,49.8100,-1.9166,-0.8511,-1.0655,0.0064,-282.00,5.7500,30,eod
GE,Long,2022-12-30T15:00:00+00:00,2022-12-30T20:45:00+00:00,51.9200,52.1900,0.4116,-0.8511,1.2627,0.0052,268.00,5.7500,30,eod
SCHW,Long,2023-01-03T15:00:00+00:00,2023-01-03T17:45:00+00:00,83.3200,81.8800,0.5021,-2.4932,2.9952,0.0043,166.00,2.7500,30,reversal
AAPL,Short,2023-01-03T15:00:00+00:00,2023-01-03T20:45:00+00:00,126.5000,124.9600,-3.6824,-2.4932,-1.1892,0.0070,-109.00,5.7500,30,eod
LLY,Short,2023-01-03T15:00:00+00:00,2023-01-03T20:45:00+00:00,368.8000,364.6200,1.7428,-2.4932,4.2360,0.0055,-37.00,5.7500,30,eod
XOM,Long,2023-01-04T15:00:00+00:00,2023-01-04T20:45:00+00:00,106.1900,106.2800,1.4907,-1.2082,2.6989,0.0039,131.00,5.7500,30,eod
UNH,Short,2023-01-04T15:00:00+00:00,2023-01-04T20:45:00+00:00,510.8100,503.8000,-2.6083,-1.2082,-1.4001,0.0034,-27.00,5.7500,30,eod
UNH,Long,2023-01-04T17:35:00+00:00,2023-01-04T20:45:00+00:00,506.6400,503.8000,-2.5133,0.6568,-3.1702,0.0067,27.00,3.1667,185,eod
PYPL,Short,2023-01-04T15:00:00+00:00,2023-01-04T20:45:00+00:00,77.6200,77.4500,2.1987,-1.2082,3.4069,0.0076,-179.00,5.7500,30,eod
T,Short,2023-01-05T15:00:00+00:00,2023-01-05T15:55:00+00:00,19.0000,19.1200,-1.7568,0.1985,-1.9552,0.0036,-732.00,0.9167,30,reversal
MPC,Long,2023-01-05T15:00:00+00:00,2023-01-05T20:45:00+00:00,113.3600,115.5800,2.9408,0.1985,2.7423,0.0055,122.00,5.7500,30,eod
MPC,Short,2023-01-05T15:15:00+00:00,2023-01-05T20:45:00+00:00,114.7500,115.5800,3.1299,0.0274,3.1025,0.0091,-121.00,5.5000,45,eod
UNH,Long,2023-01-05T15:00:00+00:00,2023-01-05T20:45:00+00:00,492.3300,490.8400,-3.0162,0.1985,-3.2146,0.0038,28.00,5.7500,30,eod
MPC,Short,2023-01-06T15:00:00+00:00,2023-01-06T16:25:00+00:00,118.5000,118.0700,2.1553,-1.5350,3.6903,0.0058,-117.00,1.4167,30,reversal
AMD,Short,2023-01-06T15:00:00+00:00,2023-01-06T20:45:00+00:00,60.0900,64.0200,-3.5956,-1.5350,-2.0606,0.0114,-230.00,5.7500,30,eod
LIN,Long,2023-01-06T15:00:00+00:00,2023-01-06T20:45:00+00:00,311.2200,316.9200,1.4190,-1.5350,2.9540,0.0029,44.00,5.7500,30,eod
BAC,Long,2023-01-09T15:00:00+00:00,2023-01-09T20:45:00+00:00,34.2000,33.7500,-2.6390,1.7085,-4.3474,0.0031,399.00,5.7500,30,eod
GS,Short,2023-01-09T15:50:00+00:00,2023-01-09T20:45:00+00:00,354.6000,352.5200,4.7307,1.7020,3.0287,0.0026,-38.00,4.9167,80,eod
PFE,Short,2023-01-09T15:00:00+00:00,2023-01-09T20:45:00+00:00,49.5300,48.3800,-1.1575,1.7085,-2.8660,0.0043,-276.00,5.7500,30,eod
COIN,Long,2023-01-09T15:00:00+00:00,2023-01-09T20:45:00+00:00,37.6500,37.9400,3.7368,1.7085,2.0283,0.0199,363.00,5.7500,30,eod
BAC,Long,2023-01-10T15:05:00+00:00,2023-01-10T16:20:00+00:00,33.7400,34.1300,-3.5453,-0.3792,-3.1661,0.0034,407.00,1.2500,35,reversal
AVGO,Short,2023-01-10T15:00:00+00:00,2023-01-10T20:15:00+00:00,55.7100,57.1900,-3.3745,-0.5156,-2.8589,0.0077,-246.00,5.2500,30,reversal
DE,Long,2023-01-10T15:00:00+00:00,2023-01-10T20:45:00+00:00,433.0700,437.6200,1.9671,-0.5156,2.4827,0.0037,31.00,5.7500,30,eod
DE,Short,2023-01-11T15:00:00+00:00,2023-01-11T20:45:00+00:00,434.6600,431.8100,-2.0105,0.3195,-2.3300,0.0040,-31.00,5.7500,30,eod
DE,Long,2023-01-11T15:25:00+00:00,2023-01-11T20:45:00+00:00,432.3300,431.8100,-2.3863,1.0344,-3.4207,0.0056,31.00,5.3333,55,eod
GS,Short,2023-01-11T20:25:00+00:00,2023-01-11T20:45:00+00:00,364.4800,364.0900,4.5234,1.3495,3.1739,0.0039,-37.00,0.3333,355,eod
HD,Long,2023-01-11T15:00:00+00:00,2023-01-11T20:45:00+00:00,326.8100,328.7400,2.1014,0.3195,1.7819,0.0052,41.00,5.7500,30,eod
CAT,Long,2023-01-12T15:00:00+00:00,2023-01-12T20:45:00+00:00,254.4300,254.7300,2.1831,-0.5469,2.7300,0.0039,54.00,5.7500,30,eod
FCX,Short,2023-01-12T15:00:00+00:00,2023-01-12T20:45:00+00:00,44.8000,45.1900,-1.9815,-0.5469,-1.4345,0.0067,-306.00,5.7500,30,eod
BAC,Long,2023-01-13T15:05:00+00:00,2023-01-13T15:20:00+00:00,33.5400,33.9500,-2.6559,0.5136,-3.1695,0.0036,407.00,0.2500,35,reversal
COP,Short,2023-01-13T15:00:00+00:00,2023-01-13T16:20:00+00:00,118.9600,120.8500,-2.0960,0.3587,-2.4547,0.0059,-115.00,1.3333,30,reversal
UNH,Short,2023-01-13T15:00:00+00:00,2023-01-13T18:25:00+00:00,506.5900,494.2700,5.4358,0.3587,5.0771,0.0054,-27.00,3.4167,30,reversal
GS,Long,2023-01-13T15:00:00+00:00,2023-01-13T20:45:00+00:00,367.6500,373.5700,2.5487,0.3587,2.1900,0.0039,37.00,5.7500,30,eod
CRM,Short,2023-01-17T15:00:00+00:00,2023-01-17T20:45:00+00:00,148.2600,148.1900,-1.4604,1.2811,-2.7415,0.0047,-93.00,5.7500,30,eod
GS,Long,2023-01-17T15:00:00+00:00,2023-01-17T20:45:00+00:00,358.6900,349.9300,-3.6265,1.2811,-4.9076,0.0050,38.00,5.7500,30,eod
SCHW,Long,2023-01-17T15:00:00+00:00,2023-01-17T20:45:00+00:00,82.9100,83.6500,2.4657,1.2811,1.1847,0.0047,166.00,5.7500,30,eod
SCHW,Short,2023-01-17T15:25:00+00:00,2023-01-17T20:45:00+00:00,83.6000,83.6500,4.3341,1.1078,3.2263,0.0046,-165.00,5.3333,55,eod
LIN,Short,2023-01-18T15:00:00+00:00,2023-01-18T15:45:00+00:00,331.0000,331.3200,-1.8554,0.5968,-2.4522,0.0028,-41.00,0.7500,30,reversal
COP,Short,2023-01-18T15:50:00+00:00,2023-01-18T20:30:00+00:00,123.4200,118.9100,1.6766,-1.6353,3.3119,0.0068,-111.00,4.6667,80,reversal
GS,Long,2023-01-18T15:00:00+00:00,2023-01-18T20:45:00+00:00,353.9900,349.5700,2.1699,0.5968,1.5730,0.0056,38.00,5.7500,30,eod
SCHW,Short,2023-01-19T15:00:00+00:00,2023-01-19T19:25:00+00:00,77.1500,75.6000,3.0725,-0.7503,3.8228,0.0055,-179.00,4.4167,30,reversal
CAT,Short,2023-01-19T15:00:00+00:00,2023-01-19T20:45:00+00:00,247.7600,246.3000,-2.3894,-0.7503,-1.6391,0.0035,-55.00,5.7500,30,eod
LOW,Long,2023-01-19T15:45:00+00:00,2023-01-19T20:45:00+00:00,201.8700,202.2000,-4.3421,-1.1410,-3.2011,0.0063,68.00,5.0000,75,eod
UNH,Long,2023-01-19T15:00:00+00:00,2023-01-19T20:45:00+00:00,483.6700,485.4300,1.4654,-0.7503,2.2157,0.0061,28.00,5.7500,30,eod
SLB,Long,2023-01-20T15:00:00+00:00,2023-01-20T15:35:00+00:00,58.1600,57.1300,3.7488,1.0853,2.6635,0.0074,239.00,0.5833,30,reversal
PFE,Short,2023-01-20T15:00:00+00:00,2023-01-20T20:45:00+00:00,44.9700,45.1200,-1.8379,1.0853,-2.9232,0.0042,-310.00,5.7500,30,eod
PFE,Long,2023-01-20T15:10:00+00:00,2023-01-20T20:45:00+00:00,44.9900,45.1200,-1.9002,1.3275,-3.2278,0.0038,309.00,5.5833,40,eod
SLB,Long,2023-01-23T15:00:00+00:00,2023-01-23T20:45:00+00:00,55.8300,55.8500,-2.7439,2.0425,-4.7864,0.0089,248.00,5.7500,30,eod
CAT,Short,2023-01-23T15:00:00+00:00,2023-01-23T20:45:00+00:00,249.8300,252.0600,-0.8931,2.0425,-2.9356,0.0034,-55.00,5.7500,30,eod
PYPL,Long,2023-01-23T15:00:00+00:00,2023-01-23T20:45:00+00:00,78.9500,79.3000,3.3463,2.0425,1.3038,0.0084,175.00,5.7500,30,eod
XOM,Short,2023-01-24T15:00:00+00:00,2023-01-24T20:45:00+00:00,111.8000,113.5800,8.6415,-0.1275,8.7689,0.0085,-123.00,5.7500,30,eod
COP,Short,2023-01-24T15:00:00+00:00,2023-01-24T20:45:00+00:00,118.6800,118.8900,-1.9448,-0.1275,-1.8173,0.0063,-116.00,5.7500,30,eod
JPM,Long,2023-01-24T15:00:00+00:00,2023-01-24T20:45:00+00:00,137.9400,138.0500,1.9901,-0.1275,2.1175,0.0042,100.00,5.7500,30,eod
T,Long,2023-01-24T15:00:00+00:00,2023-01-24T20:45:00+00:00,19.3200,19.2000,-10.6270,-0.1275,-10.4995,0.0103,716.00,5.7500,30,eod
CVX,Short,2023-01-25T15:00:00+00:00,2023-01-25T15:45:00+00:00,176.5300,178.0000,-2.9833,-0.9266,-2.0567,0.0041,-77.00,0.7500,30,reversal
CAT,Long,2023-01-25T15:00:00+00:00,2023-01-25T18:50:00+00:00,255.9400,258.6100,1.3310,-0.9266,2.2575,0.0034,53.00,3.8333,30,reversal
CAT,Short,2023-01-26T15:00:00+00:00,2023-01-26T15:40:00+00:00,257.1200,259.9200,-3.5036,-0.7833,-2.7204,0.0042,-53.00,0.6667,30,reversal
CRM,Short,2023-01-26T15:00:00+00:00,2023-01-26T20:45:00+00:00,160.8600,164.9000,2.8003,-0.7833,3.5836,0.0057,-85.00,5.7500,30,eod
SBUX,Long,2023-01-26T15:00:00+00:00,2023-01-26T20:45:00+00:00,107.4900,108.6700,0.7978,-0.7833,1.5811,0.0034,127.00,5.7500,30,eod
NFLX,Short,2023-01-27T15:00:00+00:00,2023-01-27T20:45:00+00:00,36.3200,36.1900,-0.4674,1.3392,-1.8065,0.0100,-374.00,5.7500,30,eod
CVX,Long,2023-01-27T16:00:00+00:00,2023-01-27T20:45:00+00:00,179.6900,180.2100,-2.7291,0.5639,-3.2929,0.0059,75.00,4.7500,90,eod
GE,Long,2023-01-27T15:10:00+00:00,2023-01-27T20:45:00+00:00,66.4800,66.6000,2.8386,1.5287,1.3099,0.0081,204.00,5.5833,40,eod
CVX,Short,2023-01-30T15:00:00+00:00,2023-01-30T15:35:00+00:00,177.1400,177.5500,-1.1030,1.2202,-2.3232,0.0045,-76.00,0.5833,30,reversal
SCHW,Short,2023-01-30T15:30:00+00:00,2023-01-30T20:45:00+00:00,74.9100,75.8900,2.4436,-0.6241,3.0677,0.0071,-181.00,5.2500,60,eod
UNH,Long,2023-01-30T15:00:00+00:00,2023-01-30T20:45:00+00:00,494.8300,486.6400,2.3677,1.2202,1.1475,0.0058,27.00,5.7500,30,eod
PFE,Short,2023-01-31T15:00:00+00:00,2023-01-31T15:15:00+00:00,43.2000,43.8600,-2.5065,-0.7898,-1.7167,0.0041,-311.00,0.2500,30,reversal
XOM,Short,2023-01-31T15:00:00+00:00,2023-01-31T20:45:00+00:00,113.5600,116.2500,2.5956,-0.7898,3.3854,0.0105,-118.00,5.7500,30,eod
CVX,Long,2023-01-31T15:00:00+00:00,2023-01-31T20:45:00+00:00,172.5500,174.3500,1.1245,-0.7898,1.9143,0.0049,77.00,5.7500,30,eod
BAC,Short,2023-02-01T15:25:00+00:00,2023-02-01T19:45:00+00:00,35.8500,35.9800,3.5438,0.5197,3.0240,0.0037,-371.00,4.3333,55,reversal
AVGO,Long,2023-02-01T15:00:00+00:00,2023-02-01T20:45:00+00:00,59.1400,60.4400,2.7918,0.2548,2.5370,0.0050,225.00,5.7500,30,eod
COP,Long,2023-02-01T16:00:00+00:00,2023-02-01T20:45:00+00:00,117.3700,118.2300,-3.4711,-0.2869,-3.1842,0.0081,113.00,4.7500,90,eod
MPC,Short,2023-02-01T15:00:00+00:00,2023-02-01T20:45:00+00:00,126.4000,123.4700,-1.7505,0.2548,-2.0053,0.0116,-105.00,5.7500,30,eod
META,Short,2023-02-02T15:20:00+00:00,2023-02-02T20:45:00+00:00,187.6200,186.9700,4.0544,0.3281,3.7263,0.0094,-71.00,5.4167,50,eod
SLB,Short,2023-02-02T15:00:00+00:00,2023-02-02T20:45:00+00:00,53.3300,52.3700,-2.5856,-0.7842,-1.8013,0.0095,-253.00,5.7500,30,eod
DE,Long,2023-02-02T15:00:00+00:00,2023-02-02T20:45:00+00:00,410.5900,405.6100,-4.7466,-0.7842,-3.9623,0.0061,32.00,5.7500,30,eod
LOW,Long,2023-02-02T15:00:00+00:00,2023-02-02T20:45:00+00:00,218.4900,220.6500,1.5782,-0.7842,2.3625,0.0055,61.00,5.7500,30,eod
AAPL,Short,2023-02-03T15:00:00+00:00,2023-02-03T20:45:00+00:00,153.1400,154.4700,4.9139,1.4152,3.4987,0.0049,-88.00,5.7500,30,eod
ADBE,Short,2023-02-03T15:00:00+00:00,2023-02-03T20:45:00+00:00,381.8600,378.8100,-1.5524,1.4152,-2.9676,0.0062,-35.00,5.7500,30,eod
UNH,Long,2023-02-03T15:10:00+00:00,2023-02-03T20:45:00+00:00,471.2500,471.8000,-1.3230,2.1868,-3.5098,0.0075,28.00,5.5833,40,eod
COIN,Long,2023-02-03T15:00:00+00:00,2023-02-03T20:45:00+00:00,79.4700,74.0500,3.1284,1.4152,1.7132,0.0238,170.00,5.7500,30,eod
GS,Short,2023-02-06T15:00:00+00:00,2023-02-06T17:05:00+00:00,367.4900,369.9600,-1.6375,0.2778,-1.9153,0.0057,-36.00,2.0833,30,reversal
SBUX,Long,2023-02-06T15:00:00+00:00,2023-02-06T20:45:00+00:00,104.1900,104.7700,2.0762,0.2778,1.7985,0.0030,127.00,5.7500,30,eod
SBUX,Short,2023-02-06T18:20:00+00:00,2023-02-06T20:45:00+00:00,105.8800,104.7700,2.8319,-0.2561,3.0880,0.0079,-125.00,2.4167,230,eod
CVX,Long,2023-02-07T15:00:00+00:00,2023-02-07T17:55:00+00:00,171.3100,173.3400,1.5911,-0.1493,1.7404,0.0048,77.00,2.9167,30,reversal
AMZN,Short,2023-02-07T15:00:00+00:00,2023-02-07T20:45:00+00:00,98.7400,102.1700,-2.3863,-0.1493,-2.2370,0.0086,-134.00,5.7500,30,eod
LIN,Short,2023-02-07T15:00:00+00:00,2023-02-07T20:45:00+00:00,330.0800,336.0500,4.6682,-0.1493,4.8175,0.0050,-40.00,5.7500,30,eod
MSFT,Short,2023-02-08T15:10:00+00:00,2023-02-08T20:45:00+00:00,273.1800,267.4300,-2.1061,-0.2685,-1.8376,0.0046,-48.00,5.5833,40,eod
MSFT,Long,2023-02-08T15:00:00+00:00,2023-02-08T20:45:00+00:00,271.6700,267.4300,-4.1657,-0.5695,-3.5962,0.0036,48.00,5.7500,30,eod
JPM,Long,2023-02-08T15:00:00+00:00,2023-02-08T20:45:00+00:00,143.6300,142.5900,2.4231,-0.5695,2.9925,0.0029,91.00,5.7500,30,eod
BAC,Short,2023-02-08T15:00:00+00:00,2023-02-08T20:45:00+00:00,36.8200,36.4300,2.5883,-0.5695,3.1577,0.0034,-356.00,5.7500,30,eod
GOOGL,Short,2023-02-09T15:00:00+00:00,2023-02-09T20:45:00+00:00,95.9100,94.7000,-2.8455,-0.5922,-2.2533,0.0079,-138.00,5.7500,30,eod
CRM,Long,2023-02-09T15:00:00+00:00,2023-02-09T20:45:00+00:00,174.7000,173.0300,1.1208,-0.5922,1.7129,0.0085,75.00,5.7500,30,eod
DIS,Long,2023-02-09T15:20:00+00:00,2023-02-09T20:45:00+00:00,114.1900,110.2400,-3.7300,-0.5026,-3.2274,0.0056,115.00,5.4167,50,eod
DIS,Short,2023-02-10T15:05:00+00:00,2023-02-10T16:40:00+00:00,107.9800,108.8100,-2.0636,-0.8438,-1.2198,0.0060,-121.00,1.5833,35,reversal
COP,Long,2023-02-10T15:00:00+00:00,2023-02-10T20:45:00+00:00,113.5600,115.0800,1.4905,-1.4598,2.9502,0.0062,115.00,5.7500,30,eod
PFE,Short,2023-02-10T15:00:00+00:00,2023-02-10T20:45:00+00:00,43.7900,43.9500,2.3868,-1.4598,3.8466,0.0041,-299.00,5.7500,30,eod
MSFT,Long,2023-02-13T15:00:00+00:00,2023-02-13T15:20:00+00:00,272.0900,271.8500,2.8922,1.8248,1.0674,0.0039,48.00,0.3333,30,reversal
DIS,Short,2023-02-13T15:00:00+00:00,2023-02-13T20:45:00+00:00,106.9800,107.8300,-0.8435,1.8248,-2.6683,0.0055,-122.00,5.7500,30,eod
PYPL,Long,2023-02-13T15:10:00+00:00,2023-02-13T20:45:00+00:00,78.9000,79.8000,-2.2731,1.5010,-3.7741,0.0052,165.00,5.5833,40,eod
COP,Long,2023-02-14T15:25:00+00:00,2023-02-14T18:40:00+00:00,114.0600,113.8500,3.8846,2.6027,1.2820,0.0064,114.00,3.2500,55,reversal
DE,Long,2023-02-14T15:00:00+00:00,2023-02-14T20:45:00+00:00,411.3100,410.4000,-0.4362,3.4597,-3.8959,0.0061,31.00,5.7500,30,eod
PFE,Short,2023-02-14T15:00:00+00:00,2023-02-14T20:45:00+00:00,44.0200,43.9300,0.7197,3.4597,-2.7400,0.0038,-297.00,5.7500,30,eod
AMD,Short,2023-02-15T15:00:00+00:00,2023-02-15T20:45:00+00:00,83.8500,84.7100,-1.6387,-0.3503,-1.2884,0.0104,-155.00,5.7500,30,eod
LLY,Long,2023-02-15T18:20:00+00:00,2023-02-15T20:45:00+00:00,337.9000,335.8100,-2.2772,0.7525,-3.0297,0.0093,38.00,2.4167,230,eod
COIN,Long,2023-02-15T15:00:00+00:00,2023-02-15T20:45:00+00:00,63.3800,68.4800,1.3324,-0.3503,1.6827,0.0322,206.00,5.7500,30,eod
CAT,Short,2023-02-16T15:00:00+00:00,2023-02-16T20:40:00+00:00,244.6300,246.6200,-1.7815,0.1504,-1.9319,0.0058,-54.00,5.6667,30,reversal
UNH,Long,2023-02-16T15:45:00+00:00,2023-02-16T20:45:00+00:00,489.8300,489.2900,-1.3686,1.7777,-3.1464,0.0043,27.00,5.0000,75,eod
PYPL,Long,2023-02-16T15:00:00+00:00,2023-02-16T20:45:00+00:00,77.7000,77.0800,2.3579,0.1504,2.2075,0.0044,171.00,5.7500,30,eod
PYPL,Short,2023-02-16T15:15:00+00:00,2023-02-16T20:45:00+00:00,78.4000,77.0800,4.3615,0.9465,3.4150,0.0045,-170.00,5.5000,45,eod
LLY,Short,2023-02-17T15:00:00+00:00,2023-02-17T20:45:00+00:00,329.7500,327.5500,3.2919,-1.2687,4.5606,0.0067,-40.00,5.7500,30,eod
PFE,Long,2023-02-17T15:00:00+00:00,2023-02-17T20:45:00+00:00,42.9500,43.1700,1.4854,-1.2687,2.7541,0.0036,311.00,5.7500,30,eod
PYPL,Short,2023-02-17T15:00:00+00:00,2023-02-17T20:45:00+00:00,74.9500,74.2800,-3.0019,-1.2687,-1.7333,0.0055,-178.00,5.7500,30,eod
MU,Long,2023-02-21T15:00:00+00:00,2023-02-21T17:20:00+00:00,59.5500,58.3200,1.1838,-0.5751,1.7589,0.0077,225.00,2.3333,30,reversal
UNH,Short,2023-02-21T15:00:00+00:00,2023-02-21T20:45:00+00:00,494.6500,491.7800,-2.8781,-0.5751,-2.3030,0.0045,-27.00,5.7500,30,eod
SLB,Short,2023-02-22T15:40:00+00:00,2023-02-22T20:45:00+00:00,52.3900,52.2600,-2.4159,-0.9870,-1.4289,0.0087,-254.00,5.0833,70,eod
T,Long,2023-02-22T15:00:00+00:00,2023-02-22T20:45:00+00:00,19.3400,19.3300,2.0046,-0.9668,2.9714,0.0026,691.00,5.7500,30,eod
T,Short,2023-02-23T15:00:00+00:00,2023-02-23T19:30:00+00:00,19.5500,19.2900,2.7606,-0.4466,3.2071,0.0032,-683.00,4.5000,30,reversal
SBUX,Short,2023-02-23T15:00:00+00:00,2023-02-23T20:45:00+00:00,104.1400,103.6600,-2.3372,-0.4466,-1.8906,0.0025,-128.00,5.7500,30,eod
UNH,Long,2023-02-23T15:00:00+00:00,2023-02-23T20:45:00+00:00,492.1200,491.6900,2.2347,-0.4466,2.6813,0.0047,27.00,5.7500,30,eod
ADBE,Short,2023-02-24T15:00:00+00:00,2023-02-24T20:45:00+00:00,322.7600,320.0000,-2.8459,-0.8262,-2.0196,0.0052,-41.00,5.7500,30,eod
ADBE,Long,2023-02-24T15:30:00+00:00,2023-02-24T20:45:00+00:00,320.8300,320.0000,-3.9399,-0.9086,-3.0313,0.0053,41.00,5.2500,60,eod
MPC,Long,2023-02-24T15:00:00+00:00,2023-02-24T20:45:00+00:00,123.9200,124.5700,1.5197,-0.8262,2.3460,0.0061,108.00,5.7500,30,eod
LIN,Short,2023-02-24T16:30:00+00:00,2023-02-24T20:45:00+00:00,335.4200,346.7900,4.0956,-0.5177,4.6134,0.0080,-40.00,4.2500,120,eod
META,Short,2023-02-27T15:00:00+00:00,2023-02-27T20:45:00+00:00,171.5000,169.3700,-1.0453,0.7254,-1.7707,0.0069,-77.00,5.7500,30,eod
DE,Long,2023-02-27T15:00:00+00:00,2023-02-27T20:45:00+00:00,421.6000,420.7000,2.3308,0.7254,1.6054,0.0050,31.00,5.7500,30,eod
SCHW,Long,2023-02-27T20:10:00+00:00,2023-02-27T20:45:00+00:00,78.5200,77.9100,-3.4598,-0.3913,-3.0685,0.0069,169.00,0.5833,340,eod
SBUX,Long,2023-02-28T15:00:00+00:00,2023-02-28T15:10:00+00:00,102.8900,102.4400,3.0098,1.3659,1.6440,0.0025,129.00,0.1667,30,reversal
COP,Long,2023-02-28T15:00:00+00:00,2023-02-28T20:45:00+00:00,105.6800,103.7300,-1.9255,1.3659,-3.2913,0.0045,125.00,5.7500,30,eod
UNH,Short,2023-02-28T15:00:00+00:00,2023-02-28T20:45:00+00:00,478.4900,475.2500,-1.2925,1.3659,-2.6583,0.0053,-27.00,5.7500,30,eod
SCHW,Long,2023-03-01T15:00:00+00:00,2023-03-01T16:25:00+00:00,76.7200,77.4600,-3.3723,-0.1014,-3.2709,0.0048,172.00,1.4167,30,reversal
COP,Long,2023-03-01T15:00:00+00:00,2023-03-01T20:45:00+00:00,105.5400,106.3400,2.5598,-0.1014,2.6612,0.0051,125.00,5.7500,30,eod
MPC,Short,2023-03-01T15:05:00+00:00,2023-03-01T20:45:00+00:00,125.7100,129.5000,2.3745,-0.7718,3.1463,0.0059,-105.00,5.6667,35,eod
LOW,Short,2023-03-01T15:00:00+00:00,2023-03-01T20:45:00+00:00,197.6200,194.3100,-2.6746,-0.1014,-2.5732,0.0071,-66.00,5.7500,30,eod
T,Long,2023-03-02T15:00:00+00:00,2023-03-02T19:05:00+00:00,18.6900,18.7200,3.1633,0.9444,2.2188,0.0027,706.00,4.0833,30,reversal
JPM,Long,2023-03-02T15:00:00+00:00,2023-03-02T20:45:00+00:00,140.2300,141.2000,-3.0448,0.9444,-3.9892,0.0042,94.00,5.7500,30,eod
COIN,Short,2023-03-02T15:00:00+00:00,2023-03-02T20:45:00+00:00,59.6700,63.6300,-1.2428,0.9444,-2.1872,0.0300,-221.00,5.7500,30,eod
AVGO,Short,2023-03-03T15:00:00+00:00,2023-03-03T16:00:00+00:00,61.9900,62.5500,-1.1915,0.8954,-2.0869,0.0032,-208.00,1.0000,30,reversal
CRM,Long,2023-03-03T15:20:00+00:00,2023-03-03T20:45:00+00:00,187.2300,186.1500,-1.6006,1.4910,-3.0917,0.0061,68.00,5.4167,50,eod
CVX,Long,2023-03-03T15:00:00+00:00,2023-03-03T20:45:00+00:00,163.2200,164.7200,3.7124,0.8954,2.8170,0.0046,79.00,5.7500,30,eod
CVX,Short,2023-03-03T16:40:00+00:00,2023-03-03T20:45:00+00:00,164.2000,164.7200,4.2037,0.9799,3.2238,0.0055,-78.00,4.0833,130,eod
SBUX,Long,2023-03-06T15:00:00+00:00,2023-03-06T15:25:00+00:00,105.5300,105.5800,1.4765,0.0000,1.4765,0.0032,121.00,0.4167,30,reversal
CAT,Short,2023-03-06T15:00:00+00:00,2023-03-06T20:05:00+00:00,252.3900,254.0500,-2.3924,0.0000,-2.3924,0.0039,-50.00,5.0833,30,reversal
T,Long,2023-03-07T15:00:00+00:00,2023-03-07T15:35:00+00:00,18.8300,18.7500,0.2049,-2.3892,2.5941,0.0026,681.00,0.5833,30,reversal
CRM,Short,2023-03-07T15:00:00+00:00,2023-03-07T20:45:00+00:00,184.9700,183.3200,0.7570,-2.3892,3.1462,0.0058,-69.00,5.7500,30,eod
FCX,Short,2023-03-07T15:25:00+00:00,2023-03-07T20:45:00+00:00,40.8200,40.0200,-2.8476,-1.6471,-1.2005,0.0102,-314.00,5.3333,55,eod
DE,Long,2023-03-08T15:00:00+00:00,2023-03-08T16:15:00+00:00,424.4600,422.5600,1.7037,-0.9003,2.6040,0.0051,30.00,1.2500,30,reversal
MSFT,Short,2023-03-08T15:00:00+00:00,2023-03-08T20:45:00+00:00,251.5400,253.6900,-2.4826,-0.9003,-1.5822,0.0035,-51.00,5.7500,30,eod
MPC,Long,2023-03-08T16:40:00+00:00,2023-03-08T20:45:00+00:00,127.3500,127.6500,-2.5169,0.5236,-3.0405,0.0100,101.00,4.0833,130,eod
T,Short,2023-03-08T15:00:00+00:00,2023-03-08T20:45:00+00:00,18.5100,18.6200,2.8081,-0.9003,3.7084,0.0031,-698.00,5.7500,30,eod
CAT,Short,2023-03-09T15:00:00+00:00,2023-03-09T19:35:00+00:00,248.8500,243.6400,-0.8107,1.6725,-2.4833,0.0047,-51.00,4.5833,30,reversal
AVGO,Long,2023-03-09T15:00:00+00:00,2023-03-09T20:45:00+00:00,64.0900,62.4600,3.4853,1.6725,1.8128,0.0042,200.00,5.7500,30,eod
GE,Short,2023-03-09T19:25:00+00:00,2023-03-09T20:45:00+00:00,74.1800,73.0100,1.1731,-2.0472,3.2203,0.0113,-171.00,1.3333,295,eod
JPM,Long,2023-03-09T15:00:00+00:00,2023-03-09T20:45:00+00:00,135.3600,130.3000,-2.9945,1.6725,-4.6671,0.0042,94.00,5.7500,30,eod
CVX,Short,2023-03-10T15:00:00+00:00,2023-03-10T15:40:00+00:00,163.6200,161.1200,2.8525,-0.4041,3.2566,0.0049,-77.00,0.6667,30,reversal
PFE,Long,2023-03-10T15:00:00+00:00,2023-03-10T16:30:00+00:00,39.8100,39.7700,2.1511,-0.4041,2.5552,0.0040,319.00,1.5000,30,reversal
DE,Short,2023-03-10T15:00:00+00:00,2023-03-10T20:45:00+00:00,410.5400,395.5300,-2.2577,-0.4041,-1.8536,0.0062,-30.00,5.7500,30,eod
DE,Long,2023-03-10T16:25:00+00:00,2023-03-10T20:45:00+00:00,410.7500,395.5300,-1.7298,1.2918,-3.0216,0.0078,31.00,4.3333,115,eod
SCHW,Long,2023-03-13T14:00:00+00:00,2023-03-13T14:10:00+00:00,49.5900,47.4400,4.6808,2.5932,2.0876,0.0084,253.00,0.1667,30,reversal
CVX,Short,2023-03-13T14:40:00+00:00,2023-03-13T15:50:00+00:00,159.2500,159.9800,5.3441,2.1792,3.1649,0.0063,-77.00,1.1667,70,reversal
AMD,Long,2023-03-13T14:00:00+00:00,2023-03-13T19:45:00+00:00,80.4800,82.5000,-0.8712,2.5932,-3.4644,0.0069,156.00,5.7500,30,eod
QCOM,Short,2023-03-13T14:00:00+00:00,2023-03-13T19:45:00+00:00,113.8700,115.2200,-0.0905,2.5932,-2.6838,0.0048,-110.00,5.7500,30,eod
LIN,Long,2023-03-14T14:00:00+00:00,2023-03-14T16:00:00+00:00,342.5200,344.6700,2.9836,1.3064,1.6771,0.0030,36.00,2.0000,30,reversal
SCHW,Long,2023-03-14T14:00:00+00:00,2023-03-14T19:45:00+00:00,56.6600,56.8800,-3.9184,1.3064,-5.2249,0.0109,219.00,5.7500,30,eod
HD,Short,2023-03-14T14:00:00+00:00,2023-03-14T19:45:00+00:00,285.1100,284.0700,-1.4094,1.3064,-2.7159,0.0043,-43.00,5.7500,30,eod
AVGO,Short,2023-03-15T14:00:00+00:00,2023-03-15T19:45:00+00:00,62.1400,62.3000,-2.2618,-0.2597,-2.0021,0.0057,-200.00,5.7500,30,eod
SCHW,Long,2023-03-15T14:00:00+00:00,2023-03-15T19:45:00+00:00,56.9400,59.7700,2.4502,-0.2597,2.7099,0.0130,219.00,5.7500,30,eod
SCHW,Short,2023-03-15T14:05:00+00:00,2023-03-15T19:45:00+00:00,57.4400,59.7700,2.7550,-0.2880,3.0430,0.0149,-217.00,5.6667,35,eod
AMD,Long,2023-03-16T14:00:00+00:00,2023-03-16T16:50:00+00:00,92.8700,95.8800,4.0917,1.4433,2.6484,0.0099,132.00,2.8333,30,reversal
AMD,Short,2023-03-16T14:05:00+00:00,2023-03-16T16:50:00+00:00,92.7500,95.8800,4.1106,0.6635,3.4471,0.0095,-133.00,2.7500,35,reversal
GS,Short,2023-03-16T14:00:00+00:00,2023-03-16T19:45:00+00:00,307.1100,315.2700,-1.5495,1.4433,-2.9928,0.0060,-40.00,5.7500,30,eod
SCHW,Long,2023-03-16T14:00:00+00:00,2023-03-16T19:45:00+00:00,56.4500,58.2700,-2.0945,1.4433,-3.5378,0.0148,218.00,5.7500,30,eod
BAC,Short,2023-03-17T14:00:00+00:00,2023-03-17T16:25:00+00:00,28.1800,28.0300,-1.1182,1.6661,-2.7844,0.0069,-432.00,2.4167,30,reversal
BAC,Long,2023-03-17T14:05:00+00:00,2023-03-17T16:25:00+00:00,27.9000,28.0300,-2.0011,1.2305,-3.2316,0.0088,438.00,2.3333,35,reversal
PYPL,Long,2023-03-17T14:00:00+00:00,2023-03-17T16:35:00+00:00,74.7000,73.2400,2.9288,1.6661,1.2627,0.0047,163.00,2.5833,30,reversal
UNH,Long,2023-03-20T14:00:00+00:00,2023-03-20T15:30:00+00:00,478.4300,475.9800,2.9193,0.5137,2.4056,0.0039,25.00,1.5000,30,reversal
AMD,Short,2023-03-20T14:00:00+00:00,2023-03-20T19:45:00+00:00,94.0600,96.4300,-1.7539,0.5137,-2.2676,0.0112,-129.00,5.7500,30,eod
TSLA,Short,2023-03-20T14:15:00+00:00,2023-03-20T19:45:00+00:00,182.5600,183.2700,2.6563,-0.3717,3.0280,0.0113,-66.00,5.5000,45,eod
LIN,Short,2023-03-21T14:00:00+00:00,2023-03-21T19:45:00+00:00,341.1200,342.0500,-1.9459,-0.1235,-1.8224,0.0034,-35.00,5.7500,30,eod
PYPL,Long,2023-03-21T14:00:00+00:00,2023-03-21T19:45:00+00:00,75.2300,76.7900,1.8724,-0.1235,1.9958,0.0047,159.00,5.7500,30,eod
NVDA,Long,2023-03-22T14:00:00+00:00,2023-03-22T19:45:00+00:00,26.9600,26.8300,2.9415,0.4045,2.5370,0.0080,447.00,5.7500,30,eod
HD,Short,2023-03-22T14:00:00+00:00,2023-03-22T19:45:00+00:00,287.7300,285.5300,-1.5666,0.4045,-1.9711,0.0044,-41.00,5.7500,30,eod
NFLX,Long,2023-03-23T14:00:00+00:00,2023-03-23T19:45:00+00:00,31.9000,31.9100,2.8916,0.5401,2.3515,0.0096,378.00,5.7500,30,eod
SLB,Short,2023-03-23T14:00:00+00:00,2023-03-23T19:45:00+00:00,47.1100,45.5400,-1.3613,0.5401,-1.9015,0.0085,-256.00,5.7500,30,eod
HD,Long,2023-03-23T14:25:00+00:00,2023-03-23T19:45:00+00:00,282.3800,284.3500,-2.0888,1.0222,-3.1110,0.0037,42.00,5.3333,55,eod
CRM,Long,2023-03-24T14:00:00+00:00,2023-03-24T15:05:00+00:00,188.3100,186.8800,1.7771,0.1413,1.6359,0.0044,64.00,1.0833,30,reversal
JPM,Short,2023-03-24T14:00:00+00:00,2023-03-24T19:45:00+00:00,124.1600,124.8300,-1.6923,0.1413,-1.8335,0.0060,-98.00,5.7500,30,eod
PFE,Short,2023-03-27T14:00:00+00:00,2023-03-27T15:10:00+00:00,40.0500,40.3000,-1.9018,0.5226,-2.4245,0.0065,-303.00,1.1667,30,reversal
NFLX,Long,2023-03-27T14:00:00+00:00,2023-03-27T19:45:00+00:00,33.4700,32.8300,2.1459,0.5226,1.6233,0.0105,363.00,5.7500,30,eod
LLY,Short,2023-03-27T15:05:00+00:00,2023-03-27T19:45:00+00:00,334.9500,335.1800,2.0970,-0.9055,3.0025,0.0085,-36.00,4.6667,95,eod
QCOM,Short,2023-03-28T16:25:00+00:00,2023-03-28T19:45:00+00:00,120.5600,120.7300,-1.8057,-0.7735,-1.0322,0.0092,-99.00,3.3333,175,eod
XOM,Long,2023-03-28T14:00:00+00:00,2023-03-28T19:45:00+00:00,106.9200,107.0900,1.4140,-0.9737,2.3877,0.0071,112.00,5.7500,30,eod
MPC,Short,2023-03-28T14:30:00+00:00,2023-03-28T19:45:00+00:00,130.4600,131.4700,1.7280,-1.3772,3.1052,0.0065,-92.00,5.2500,60,eod
MPC,Short,2023-03-29T14:00:00+00:00,2023-03-29T14:55:00+00:00,133.6200,134.3500,-1.1141,0.5767,-1.6908,0.0086,-89.00,0.9167,30,reversal
NKE,Long,2023-03-29T14:00:00+00:00,2023-03-29T19:45:00+00:00,119.9000,120.5100,1.8148,0.5767,1.2381,0.0058,100.00,5.7500,30,eod
T,Long,2023-03-30T14:00:00+00:00,2023-03-30T14:55:00+00:00,19.1000,19.0100,1.2752,0.2037,1.0715,0.0037,627.00,0.9167,30,reversal
MU,Short,2023-03-30T14:00:00+00:00,2023-03-30T19:45:00+00:00,63.3500,62.8900,-1.8971,0.2037,-2.1009,0.0057,-189.00,5.7500,30,eod
SBUX,Long,2023-03-31T14:00:00+00:00,2023-03-31T16:50:00+00:00,103.7700,103.4700,2.3302,0.4946,1.8356,0.0036,115.00,2.8333,30,reversal
SLB,Short,2023-03-31T14:00:00+00:00,2023-03-31T19:45:00+00:00,48.7700,49.0800,-1.0130,0.4946,-1.5076,0.0070,-245.00,5.7500,30,eod
CAT,Long,2023-04-03T14:00:00+00:00,2023-04-03T14:50:00+00:00,233.5900,230.3900,2.9737,0.2102,2.7635,0.0037,51.00,0.8333,30,reversal
MPC,Short,2023-04-03T14:00:00+00:00,2023-04-03T16:50:00+00:00,133.7000,135.4400,-2.3367,0.2102,-2.5469,0.0081,-89.00,2.8333,30,reversal
TSLA,Long,2023-04-03T14:00:00+00:00,2023-04-03T19:45:00+00:00,197.7000,194.7200,-2.9006,0.2102,-3.1108,0.0083,60.00,5.7500,30,eod
UNH,Short,2023-04-03T14:00:00+00:00,2023-04-03T19:45:00+00:00,493.1700,495.6200,3.7137,0.2102,3.5035,0.0044,-24.00,5.7500,30,eod
TSLA,Short,2023-04-04T14:00:00+00:00,2023-04-04T19:45:00+00:00,195.1900,191.5300,-1.8465,0.9478,-2.7943,0.0089,-60.00,5.7500,30,eod
CAT,Long,2023-04-04T14:00:00+00:00,2023-04-04T19:45:00+00:00,225.1700,216.8100,-2.8731,0.9478,-3.8210,0.0045,52.00,5.7500,30,eod
NKE,Long,2023-04-04T14:00:00+00:00,2023-04-04T19:45:00+00:00,123.0800,123.7100,2.0144,0.9478,1.0665,0.0056,95.00,5.7500,30,eod
DE,Long,2023-04-05T16:05:00+00:00,2023-04-05T19:45:00+00:00,374.4400,373.0800,-4.7751,-1.7720,-3.0031,0.0086,31.00,3.6667,155,eod
HD,Short,2023-04-05T14:00:00+00:00,2023-04-05T19:45:00+00:00,291.7100,289.0000,-3.2300,-1.6286,-1.6014,0.0036,-40.00,5.7500,30,eod
PFE,Short,2023-04-05T14:00:00+00:00,2023-04-05T19:45:00+00:00,41.8200,41.6900,3.1202,-1.6286,4.7488,0.0045,-279.00,5.7500,30,eod
T,Long,2023-04-05T14:00:00+00:00,2023-04-05T19:45:00+00:00,19.6900,19.8900,1.1183,-1.6286,2.7469,0.0032,593.00,5.7500,30,eod
QCOM,Long,2023-04-06T14:00:00+00:00,2023-04-06T14:15:00+00:00,123.1100,123.3400,2.9373,1.5960,1.3413,0.0051,95.00,0.2500,30,reversal
NKE,Short,2023-04-06T14:00:00+00:00,2023-04-06T19:45:00+00:00,118.2600,120.2800,-1.2362,1.5960,-2.8322,0.0056,-99.00,5.7500,30,eod
SBUX,Long,2023-04-06T14:00:00+00:00,2023-04-06T19:45:00+00:00,104.2400,104.7700,-2.9718,1.5960,-4.5679,0.0027,112.00,5.7500,30,eod
QCOM,Long,2023-04-10T14:00:00+00:00,2023-04-10T18:40:00+00:00,122.9000,123.9500,1.4962,-1.4091,2.9053,0.0055,95.00,4.6667,30,reversal
MSFT,Short,2023-04-10T14:00:00+00:00,2023-04-10T19:45:00+00:00,285.1300,288.8400,-2.7412,-1.4091,-1.3321,0.0045,-40.00,5.7500,30,eod
COP,Long,2023-04-10T18:55:00+00:00,2023-04-10T19:45:00+00:00,106.0400,105.8300,-1.4217,1.7745,-3.1962,0.0090,110.00,0.8333,325,eod
CAT,Short,2023-04-10T14:00:00+00:00,2023-04-10T19:45:00+00:00,215.8300,215.3900,4.2892,-1.4091,5.6983,0.0057,-54.00,5.7500,30,eod
FCX,Long,2023-04-11T14:00:00+00:00,2023-04-11T19:45:00+00:00,41.2700,41.3000,1.3308,-1.5565,2.8873,0.0046,282.00,5.7500,30,eod
COIN,Short,2023-04-11T14:00:00+00:00,2023-04-11T19:45:00+00:00,71.5400,69.8700,2.1781,-1.5565,3.7345,0.0177,-162.00,5.7500,30,eod
PYPL,Short,2023-04-11T14:00:00+00:00,2023-04-11T19:45:00+00:00,74.7100,73.6100,-3.4500,-1.5565,-1.8935,0.0061,-155.00,5.7500,30,eod
ADBE,Short,2023-04-12T14:20:00+00:00,2023-04-12T19:45:00+00:00,372.9600,369.5900,-3.2325,-1.2494,-1.9831,0.0033,-31.00,5.4167,50,eod
DE,Long,2023-04-12T14:00:00+00:00,2023-04-12T19:45:00+00:00,387.4600,383.7200,0.6090,-2.3123,2.9213,0.0059,30.00,5.7500,30,eod
LLY,Short,2023-04-12T14:00:00+00:00,2023-04-12T19:45:00+00:00,367.1400,369.1500,1.6992,-2.3123,4.0115,0.0050,-32.00,5.7500,30,eod
QCOM,Short,2023-04-13T14:00:00+00:00,2023-04-13T19:45:00+00:00,119.3800,121.3900,-1.4782,0.6747,-2.1529,0.0059,-98.00,5.7500,30,eod
AMZN,Long,2023-04-13T14:00:00+00:00,2023-04-13T19:45:00+00:00,100.1600,102.3400,2.5606,0.6747,1.8859,0.0041,117.00,5.7500,30,eod
LOW,Long,2023-04-13T14:00:00+00:00,2023-04-13T19:45:00+00:00,196.4400,201.5800,-3.2788,0.6747,-3.9535,0.0048,59.00,5.7500,30,eod
BAC,Short,2023-04-14T14:00:00+00:00,2023-04-14T14:45:00+00:00,29.4800,29.4100,0.1331,2.8800,-2.7470,0.0051,-401.00,0.7500,30,reversal
GE,Long,2023-04-14T14:05:00+00:00,2023-04-14T19:45:00+00:00,75.6000,76.2300,1.9344,0.7851,1.1493,0.0050,156.00,5.6667,35,eod
GE,Short,2023-04-14T17:25:00+00:00,2023-04-14T19:45:00+00:00,75.7400,76.2300,2.1046,-0.9277,3.0324,0.0055,-156.00,2.3333,235,eod
UNH,Long,2023-04-14T14:00:00+00:00,2023-04-14T19:45:00+00:00,512.1900,511.8900,-3.5097,2.8800,-6.3897,0.0064,23.00,5.7500,30,eod
ADBE,Short,2023-04-17T14:05:00+00:00,2023-04-17T19:45:00+00:00,376.7700,377.5600,-2.2495,-0.9829,-1.2666,0.0039,-31.00,5.6667,35,eod
GS,Long,2023-04-17T14:00:00+00:00,2023-04-17T19:45:00+00:00,337.4500,339.1000,1.5131,-0.8593,2.3725,0.0035,35.00,5.7500,30,eod
SCHW,Short,2023-04-17T14:00:00+00:00,2023-04-17T19:45:00+00:00,51.4800,52.4600,4.1071,-0.8593,4.9664,0.0088,-229.00,5.7500,30,eod
MU,Short,2023-04-18T14:00:00+00:00,2023-04-18T14:35:00+00:00,61.9100,61.9100,-2.6785,-1.5309,-1.1476,0.0059,-189.00,0.5833,30,reversal
AAPL,Long,2023-04-18T14:00:00+00:00,2023-04-18T19:45:00+00:00,166.6600,166.2800,1.1664,-1.5309,2.6973,0.0037,70.00,5.7500,30,eod
GS,Short,2023-04-18T14:05:00+00:00,2023-04-18T19:45:00+00:00,330.8700,335.0000,2.2467,-1.2921,3.5388,0.0030,-35.00,5.6667,35,eod
COP,Short,2023-04-19T14:00:00+00:00,2023-04-19T14:25:00+00:00,103.7200,104.3700,-2.4113,0.0000,-2.4113,0.0034,-112.00,0.4167,30,reversal
NFLX,Long,2023-04-19T14:00:00+00:00,2023-04-19T15:30:00+00:00,32.3900,31.9500,2.1857,0.0000,2.1857,0.0066,360.00,1.5000,30,reversal
UNH,Long,2023-04-19T17:10:00+00:00,2023-04-19T19:45:00+00:00,487.5200,484.4000,-1.8581,1.1670,-3.0252,0.0100,23.00,2.5833,220,eod
COP,Short,2023-04-20T14:00:00+00:00,2023-04-20T19:30:00+00:00,102.9500,103.2600,-1.8968,0.8465,-2.7433,0.0038,-112.00,5.5000,30,reversal
MU,Long,2023-04-20T14:00:00+00:00,2023-04-20T19:45:00+00:00,61.4300,61.2100,2.6162,0.8465,1.7697,0.0065,188.00,5.7500,30,eod
T,Long,2023-04-20T14:00:00+00:00,2023-04-20T19:45:00+00:00,18.1100,17.5600,-3.0368,0.8465,-3.8833,0.0034,638.00,5.7500,30,eod
SLB,Short,2023-04-21T14:00:00+00:00,2023-04-21T19:45:00+00:00,50.1300,49.4600,-3.2047,-1.6627,-1.5420,0.0058,-227.00,5.7500,30,eod
SLB,Long,2023-04-21T15:05:00+00:00,2023-04-21T19:45:00+00:00,49.5000,49.4600,-3.2681,0.0285,-3.2967,0.0095,231.00,4.6667,95,eod
JPM,Long,2023-04-21T14:00:00+00:00,2023-04-21T19:45:00+00:00,139.8100,140.6400,0.9818,-1.6627,2.6446,0.0045,81.00,5.7500,30,eod
BAC,Short,2023-04-21T14:00:00+00:00,2023-04-21T19:45:00+00:00,29.7900,29.8800,1.8633,-1.6627,3.5260,0.0047,-383.00,5.7500,30,eod
SLB,Long,2023-04-24T14:00:00+00:00,2023-04-24T19:45:00+00:00,50.2000,50.3100,2.3652,-0.1118,2.4770,0.0063,228.00,5.7500,30,eod
SLB,Short,2023-04-24T14:30:00+00:00,2023-04-24T19:45:00+00:00,50.5800,50.3100,2.9015,-0.5331,3.4346,0.0078,-227.00,5.2500,60,eod
T,Short,2023-04-24T14:00:00+00:00,2023-04-24T19:45:00+00:00,17.9300,17.5400,-1.8527,-0.1118,-1.7409,0.0036,-638.00,5.7500,30,eod
T,Long,2023-04-24T14:20:00+00:00,2023-04-24T19:45:00+00:00,17.8200,17.5400,-2.8074,0.2205,-3.0279,0.0045,644.00,5.4167,50,eod
GE,Short,2023-04-25T14:05:00+00:00,2023-04-25T14:30:00+00:00,80.1500,78.5100,2.5267,-0.6127,3.1394,0.0046,-142.00,0.4167,35,reversal
SLB,Short,2023-04-25T14:00:00+00:00,2023-04-25T16:30:00+00:00,48.6500,48.6600,-1.8837,-0.3884,-1.4954,0.0071,-235.00,2.5000,30,reversal
LIN,Long,2023-04-25T14:00:00+00:00,2023-04-25T19:45:00+00:00,367.1500,366.7200,2.1178,-0.3884,2.5061,0.0027,31.00,5.7500,30,eod
META,Long,2023-04-26T14:00:00+00:00,2023-04-26T16:30:00+00:00,212.8800,210.7800,2.7953,0.7758,2.0195,0.0060,54.00,2.5000,30,reversal
GOOGL,Short,2023-04-26T14:00:00+00:00,2023-04-26T16:35:00+00:00,106.0200,103.5000,4.0609,0.7758,3.2851,0.0074,-108.00,2.5833,30,reversal
TXN,Short,2023-04-26T14:00:00+00:00,2023-04-26T19:45:00+00:00,164.8100,164.2000,-2.1629,0.7758,-2.9387,0.0048,-69.00,5.7500,30,eod
LLY,Long,2023-04-26T14:00:00+00:00,2023-04-26T19:45:00+00:00,373.0700,376.1700,-3.9084,0.7758,-4.6842,0.0041,30.00,5.7500,30,eod
NVDA,Short,2023-04-27T14:00:00+00:00,2023-04-27T19:45:00+00:00,26.6600,27.2000,-2.5904,0.3626,-2.9530,0.0086,-434.00,5.7500,30,eod
MSFT,Long,2023-04-27T14:00:00+00:00,2023-04-27T19:45:00+00:00,300.9900,304.8500,2.6724,0.3626,2.3098,0.0048,38.00,5.7500,30,eod
LLY,Long,2023-04-27T14:00:00+00:00,2023-04-27T19:45:00+00:00,385.9200,390.7200,-3.6964,0.3626,-4.0590,0.0052,29.00,5.7500,30,eod
BAC,Long,2023-04-28T14:00:00+00:00,2023-04-28T14:30:00+00:00,29.0600,29.1700,2.5155,0.3196,2.1959,0.0053,398.00,0.5000,30,reversal
QCOM,Short,2023-04-28T14:00:00+00:00,2023-04-28T19:45:00+00:00,114.0500,116.5200,-2.4932,0.3196,-2.8128,0.0063,-101.00,5.7500,30,eod
QCOM,Long,2023-04-28T14:05:00+00:00,2023-04-28T19:45:00+00:00,114.7500,116.5200,-2.0679,1.1572,-3.2251,0.0046,100.00,5.6667,35,eod
BAC,Short,2023-04-28T15:10:00+00:00,2023-04-28T19:45:00+00:00,29.3200,29.2300,3.1000,-0.0156,3.1156,0.0072,-394.00,4.5833,100,eod
FCX,Short,2023-05-01T14:00:00+00:00,2023-05-01T19:45:00+00:00,38.0200,37.5600,-2.4493,-0.2190,-2.2303,0.0044,-305.00,5.7500,30,eod
LLY,Long,2023-05-01T14:00:00+00:00,2023-05-01T19:45:00+00:00,399.1000,405.6900,2.1274,-0.2190,2.3464,0.0060,29.00,5.7500,30,eod
LLY,Short,2023-05-01T14:20:00+00:00,2023-05-01T19:45:00+00:00,400.8400,405.6900,2.6298,-0.3982,3.0280,0.0065,-29.00,5.4167,50,eod
COIN,Long,2023-05-01T16:15:00+00:00,2023-05-01T19:45:00+00:00,48.9400,50.3000,-2.9775,0.1309,-3.1084,0.0238,237.00,3.5000,165,eod
AMZN,Long,2023-05-02T14:00:00+00:00,2023-05-02T19:45:00+00:00,102.9200,103.6000,1.3857,-1.0056,2.3913,0.0072,113.00,5.7500,30,eod
CVX,Short,2023-05-02T14:00:00+00:00,2023-05-02T19:45:00+00:00,162.3400,160.2200,-3.5114,-1.0056,-2.5058,0.0036,-72.00,5.7500,30,eod
MPC,Long,2023-05-02T14:00:00+00:00,2023-05-02T19:45:00+00:00,117.9100,116.7000,-5.5972,-1.0056,-4.5916,0.0058,99.00,5.7500,30,eod
GE,Short,2023-05-02T14:00:00+00:00,2023-05-02T19:45:00+00:00,81.1200,80.7500,2.6233,-1.0056,3.6289,0.0040,-144.00,5.7500,30,eod
COIN,Long,2023-05-03T14:00:00+00:00,2023-05-03T14:50:00+00:00,51.3400,50.1800,2.3529,0.6725,1.6804,0.0109,228.00,0.8333,30,reversal
MPC,Short,2023-05-03T14:00:00+00:00,2023-05-03T19:45:00+00:00,114.5500,110.2500,-2.1418,0.6725,-2.8143,0.0067,-102.00,5.7500,30,eod
NKE,Short,2023-05-03T19:05:00+00:00,2023-05-03T19:45:00+00:00,127.6100,126.7100,2.9074,-0.1782,3.0857,0.0075,-92.00,0.6667,335,eod
SBUX,Long,2023-05-03T14:00:00+00:00,2023-05-03T19:45:00+00:00,105.4600,104.0100,-4.0010,0.6725,-4.6735,0.0042,111.00,5.7500,30,eod
CRM,Long,2023-05-04T14:00:00+00:00,2023-05-04T14:55:00+00:00,194.0500,192.1900,1.7300,-0.6369,2.3669,0.0043,60.00,0.9167,30,reversal
SBUX,Short,2023-05-04T14:20:00+00:00,2023-05-04T16:30:00+00:00,104.8800,104.1600,1.8820,-1.4131,3.2950,0.0037,-112.00,2.1667,50,reversal
GE,Short,2023-05-04T14:00:00+00:00,2023-05-04T19:45:00+00:00,79.7700,79.0600,-3.3856,-0.6369,-2.7487,0.0047,-147.00,5.7500,30,eod
DIS,Long,2023-05-04T14:00:00+00:00,2023-05-04T19:45:00+00:00,97.1400,97.3900,-4.5456,-0.6369,-3.9087,0.0042,121.00,5.7500,30,eod
AVGO,Long,2023-05-05T14:10:00+00:00,2023-05-05T14:20:00+00:00,62.3500,62.1500,3.4915,2.2401,1.2514,0.0041,188.00,0.1667,40,reversal
SLB,Short,2023-05-05T14:00:00+00:00,2023-05-05T19:45:00+00:00,46.0900,45.7400,-0.9735,1.8214,-2.7949,0.0095,-255.00,5.7500,30,eod
DE,Long,2023-05-05T14:00:00+00:00,2023-05-05T19:45:00+00:00,376.7700,381.5900,-1.6566,1.8214,-3.4780,0.0054,31.00,5.7500,30,eod
UNH,Long,2023-05-08T14:00:00+00:00,2023-05-08T18:50:00+00:00,493.5900,493.0400,1.9621,-0.5873,2.5493,0.0037,23.00,4.8333,30,reversal
ADBE,Short,2023-05-08T14:00:00+00:00,2023-05-08T19:45:00+00:00,341.9400,343.7000,-2.7792,-0.5873,-2.1919,0.0061,-34.00,5.7500,30,eod
SCHW,Long,2023-05-08T16:40:00+00:00,2023-05-08T19:45:00+00:00,47.7800,47.8300,-2.6280,0.3817,-3.0096,0.0154,245.00,3.0833,190,eod
COIN,Short,2023-05-08T14:00:00+00:00,2023-05-08T19:45:00+00:00,56.7200,58.2800,3.1754,-0.5873,3.7626,0.0109,-208.00,5.7500,30,eod
META,Long,2023-05-09T14:05:00+00:00,2023-05-09T19:45:00+00:00,233.6200,233.9500,1.2576,0.2559,1.0017,0.0065,50.00,5.6667,35,eod
PYPL,Short,2023-05-09T14:00:00+00:00,2023-05-09T19:45:00+00:00,67.4800,65.9600,-1.6913,1.1388,-2.8301,0.0077,-173.00,5.7500,30,eod
GE,Long,2023-05-10T14:05:00+00:00,2023-05-10T19:45:00+00:00,79.6200,79.3000,-2.4850,0.5828,-3.0678,0.0049,147.00,5.6667,35,eod
GS,Short,2023-05-10T14:00:00+00:00,2023-05-10T19:45:00+00:00,323.3700,323.1400,-2.4636,0.3847,-2.8484,0.0037,-36.00,5.7500,30,eod
COIN,Long,2023-05-10T14:05:00+00:00,2023-05-10T19:45:00+00:00,62.6200,62.6600,1.7074,0.5828,1.1245,0.0151,187.00,5.6667,35,eod
COIN,Short,2023-05-10T14:20:00+00:00,2023-05-10T19:45:00+00:00,63.2400,62.6600,2.8587,-0.2653,3.1240,0.0125,-186.00,5.4167,50,eod
TXN,Short,2023-05-11T14:00:00+00:00,2023-05-11T19:45:00+00:00,160.6100,161.0600,-2.2612,0.1985,-2.4597,0.0042,-73.00,5.7500,30,eod
META,Long,2023-05-11T14:00:00+00:00,2023-05-11T19:45:00+00:00,236.4400,235.8600,2.6169,0.1985,2.4184,0.0063,49.00,5.7500,30,eod
TSLA,Short,2023-05-12T19:30:00+00:00,2023-05-12T19:45:00+00:00,168.6000,167.5800,-2.4028,-1.3195,-1.0833,0.0177,-69.00,0.2500,360,eod
LIN,Long,2023-05-12T14:00:00+00:00,2023-05-12T19:45:00+00:00,368.6400,369.9000,-0.1837,-3.1572,2.9735,0.0043,31.00,5.7500,30,eod
T,Short,2023-05-12T14:00:00+00:00,2023-05-12T19:45:00+00:00,17.0800,17.0500,1.3030,-3.1572,4.4602,0.0041,-689.00,5.7500,30,eod
AMZN,Short,2023-05-15T14:00:00+00:00,2023-05-15T19:45:00+00:00,109.7700,111.0100,-2.6546,-0.9893,-1.6653,0.0082,-107.00,5.7500,30,eod
ADBE,Short,2023-05-15T14:00:00+00:00,2023-05-15T19:45:00+00:00,339.4500,345.7900,3.4497,-0.9893,4.4390,0.0056,-34.00,5.7500,30,eod
GE,Long,2023-05-15T14:00:00+00:00,2023-05-15T19:45:00+00:00,79.9800,81.1600,1.7143,-0.9893,2.7036,0.0054,147.00,5.7500,30,eod
SLB,Short,2023-05-16T14:00:00+00:00,2023-05-16T19:45:00+00:00,43.3700,43.2000,-2.0629,0.7574,-2.8203,0.0096,-270.00,5.7500,30,eod
LOW,Long,2023-05-16T14:00:00+00:00,2023-05-16T19:45:00+00:00,197.6000,199.0900,3.4226,0.7574,2.6652,0.0050,59.00,5.7500,30,eod
T,Long,2023-05-16T14:00:00+00:00,2023-05-16T19:45:00+00:00,16.7500,16.5700,-2.7150,0.7574,-3.4724,0.0039,700.00,5.7500,30,eod
NFLX,Long,2023-05-17T14:00:00+00:00,2023-05-17T19:45:00+00:00,33.4500,34.0500,1.2785,-1.6228,2.9013,0.0064,350.00,5.7500,30,eod
FCX,Short,2023-05-17T14:05:00+00:00,2023-05-17T19:45:00+00:00,35.5500,35.8600,-2.3620,-1.0214,-1.3406,0.0073,-329.00,5.6667,35,eod
LOW,Short,2023-05-17T14:00:00+00:00,2023-05-17T19:45:00+00:00,202.6300,207.0100,2.5250,-1.6228,4.1478,0.0055,-57.00,5.7500,30,eod
PFE,Long,2023-05-17T18:30:00+00:00,2023-05-17T19:45:00+00:00,36.7000,36.7300,-1.4931,1.5313,-3.0243,0.0056,318.00,1.2500,300,eod
NFLX,Long,2023-05-18T14:00:00+00:00,2023-05-18T19:45:00+00:00,36.2400,37.1300,3.5710,1.3343,2.2367,0.0077,321.00,5.7500,30,eod
SCHW,Long,2023-05-18T14:00:00+00:00,2023-05-18T19:45:00+00:00,51.1000,51.6500,-1.7957,1.3343,-3.1300,0.0086,228.00,5.7500,30,eod
UNH,Short,2023-05-18T14:00:00+00:00,2023-05-18T19:45:00+00:00,478.7700,478.3200,-1.5736,1.3343,-2.9079,0.0036,-24.00,5.7500,30,eod
UNH,Long,2023-05-19T14:00:00+00:00,2023-05-19T19:05:00+00:00,482.7500,478.6100,1.3353,-1.1547,2.4899,0.0034,24.00,5.0833,30,reversal
META,Short,2023-05-19T14:00:00+00:00,2023-05-19T19:45:00+00:00,244.7600,244.8800,-2.2631,-1.1547,-1.1085,0.0065,-48.00,5.7500,30,eod
DE,Long,2023-05-19T14:15:00+00:00,2023-05-19T19:45:00+00:00,371.0700,364.4200,-3.9394,-0.0833,-3.8560,0.0100,31.00,5.5000,45,eod
NVDA,Long,2023-05-22T14:00:00+00:00,2023-05-22T19:45:00+00:00,31.2800,31.1600,2.1692,1.0364,1.1327,0.0058,373.00,5.7500,30,eod
CAT,Short,2023-05-22T14:00:00+00:00,2023-05-22T19:45:00+00:00,213.5300,214.2900,-1.8741,1.0364,-2.9105,0.0066,-54.00,5.7500,30,eod
JPM,Long,2023-05-22T14:00:00+00:00,2023-05-22T19:45:00+00:00,139.6700,138.0000,-2.9466,1.0364,-3.9830,0.0042,83.00,5.7500,30,eod
PFE,Short,2023-05-22T15:10:00+00:00,2023-05-22T19:45:00+00:00,37.9000,38.7000,4.0116,0.3640,3.6476,0.0070,-307.00,4.5833,100,eod
AVGO,Long,2023-05-23T14:00:00+00:00,2023-05-23T16:50:00+00:00,68.3600,69.1200,-3.8587,0.1940,-4.0527,0.0050,168.00,2.8333,30,reversal
CVX,Long,2023-05-23T14:00:00+00:00,2023-05-23T19:45:00+00:00,157.4000,156.9100,3.1288,0.1940,2.9349,0.0049,73.00,5.7500,30,eod
LIN,Short,2023-05-23T14:00:00+00:00,2023-05-23T19:45:00+00:00,358.0300,355.1400,-2.1262,0.1940,-2.3201,0.0046,-32.00,5.7500,30,eod
PFE,Short,2023-05-23T14:45:00+00:00,2023-05-23T19:45:00+00:00,38.7300,39.7900,3.1158,-0.0349,3.1507,0.0046,-296.00,5.0000,75,eod
UNH,Long,2023-05-24T14:00:00+00:00,2023-05-24T19:45:00+00:00,482.0100,481.7300,0.9002,-1.5921,2.4922,0.0040,23.00,5.7500,30,eod
LLY,Short,2023-05-24T14:00:00+00:00,2023-05-24T19:45:00+00:00,425.5500,425.4300,1.8489,-1.5921,3.4410,0.0062,-26.00,5.7500,30,eod
PFE,Short,2023-05-24T14:00:00+00:00,2023-05-24T19:45:00+00:00,39.0500,38.8200,-4.5710,-1.5921,-2.9789,0.0041,-293.00,5.7500,30,eod
PFE,Long,2023-05-24T14:05:00+00:00,2023-05-24T19:45:00+00:00,38.8500,38.8200,-5.4379,-1.8262,-3.6116,0.0044,294.00,5.6667,35,eod
LIN,Short,2023-05-25T14:15:00+00:00,2023-05-25T14:50:00+00:00,358.4300,356.9100,2.0341,-0.9839,3.0179,0.0037,-31.00,0.5833,45,reversal
NVDA,Long,2023-05-25T14:00:00+00:00,2023-05-25T16:30:00+00:00,38.4100,38.3100,3.0813,0.1887,2.8926,0.0067,297.00,2.5000,30,reversal
META,Short,2023-05-25T14:00:00+00:00,2023-05-25T19:45:00+00:00,249.6800,253.2400,-1.8560,0.1887,-2.0447,0.0070,-45.00,5.7500,30,eod
T,Long,2023-05-25T14:00:00+00:00,2023-05-25T19:45:00+00:00,15.3800,15.2000,-2.8971,0.1887,-3.0858,0.0042,744.00,5.7500,30,eod
AVGO,Long,2023-05-26T16:35:00+00:00,2023-05-26T19:45:00+00:00,78.8900,81.1800,5.0452,3.7969,1.2483,0.0096,143.00,3.1667,185,eod
SLB,Long,2023-05-26T14:00:00+00:00,2023-05-26T19:45:00+00:00,45.1600,44.5300,-1.8650,3.4619,-5.3268,0.0077,251.00,5.7500,30,eod
PFE,Short,2023-05-26T14:00:00+00:00,2023-05-26T19:45:00+00:00,38.0700,37.6900,0.4903,3.4619,-2.9716,0.0038,-297.00,5.7500,30,eod
NFLX,Short,2023-05-30T14:00:00+00:00,2023-05-30T14:45:00+00:00,38.7400,39.6800,-4.0356,-2.5350,-1.5006,0.0090,-294.00,0.7500,30,reversal
AVGO,Short,2023-05-30T14:00:00+00:00,2023-05-30T16:00:00+00:00,87.4400,84.6300,4.1470,-2.5350,6.6820,0.0058,-130.00,2.0000,30,reversal
SLB,Long,2023-05-30T14:00:00+00:00,2023-05-30T19:45:00+00:00,43.7100,44.1600,0.4055,-2.5350,2.9405,0.0079,261.00,5.7500,30,eod
CAT,Short,2023-05-31T14:00:00+00:00,2023-05-31T14:20:00+00:00,206.6100,207.2600,-1.6457,0.7871,-2.4328,0.0058,-55.00,0.3333,30,reversal
JPM,Long,2023-05-31T14:00:00+00:00,2023-05-31T15:30:00+00:00,134.9900,134.9800,-2.3064,0.7871,-3.0935,0.0034,84.00,1.5000,30,reversal
META,Long,2023-05-31T14:00:00+00:00,2023-05-31T19:45:00+00:00,263.7500,264.0600,2.0974,0.7871,1.3103,0.0080,43.00,5.7500,30,eod
META,Short,2023-05-31T14:30:00+00:00,2023-05-31T19:45:00+00:00,262.7200,264.0600,1.8065,-1.2448,3.0512,0.0071,-43.00,5.2500,60,eod
GE,Long,2023-06-01T14:00:00+00:00,2023-06-01T19:45:00+00:00,82.3800,83.4300,2.9290,1.2213,1.7077,0.0057,138.00,5.7500,30,eod
JPM,Short,2023-06-01T14:00:00+00:00,2023-06-01T19:45:00+00:00,136.1500,137.5400,-1.1532,1.2213,-2.3746,0.0034,-83.00,5.7500,30,eod
GS,Long,2023-06-01T14:30:00+00:00,2023-06-01T19:45:00+00:00,316.0000,316.9000,-3.2991,0.3953,-3.6944,0.0058,36.00,5.2500,60,eod
CRM,Short,2023-06-02T14:55:00+00:00,2023-06-02T19:45:00+00:00,212.2200,212.4900,-1.6828,-0.5058,-1.1770,0.0082,-53.00,4.8333,85,eod
GS,Short,2023-06-02T14:00:00+00:00,2023-06-02T19:45:00+00:00,321.3800,322.9400,3.5314,-2.5250,6.0564,0.0039,-35.00,5.7500,30,eod
HD,Long,2023-06-02T14:00:00+00:00,2023-06-02T19:45:00+00:00,293.2500,295.8100,0.4391,-2.5250,2.9641,0.0076,38.00,5.7500,30,eod
SBUX,Long,2023-06-05T14:00:00+00:00,2023-06-05T14:55:00+00:00,100.6300,100.0600,2.2898,0.4824,1.8073,0.0041,113.00,0.9167,30,reversal
XOM,Long,2023-06-05T14:05:00+00:00,2023-06-05T19:45:00+00:00,106.0500,105.5400,-2.9430,0.2426,-3.1856,0.0031,107.00,5.6667,35,eod
SLB,Short,2023-06-05T14:00:00+00:00,2023-06-05T19:45:00+00:00,46.6300,46.4100,-2.3692,0.4824,-2.8516,0.0073,-244.00,5.7500,30,eod
LIN,Short,2023-06-05T18:30:00+00:00,2023-06-05T19:45:00+00:00,366.4600,363.8000,2.5090,-0.5583,3.0673,0.0072,-31.00,1.2500,300,eod
QCOM,Long,2023-06-06T14:00:00+00:00,2023-06-06T19:45:00+00:00,114.4500,116.0900,2.9005,0.3943,2.5062,0.0062,99.00,5.7500,30,eod
QCOM,Short,2023-06-06T15:20:00+00:00,2023-06-06T19:45:00+00:00,116.0100,116.0900,3.7279,0.7002,3.0277,0.0085,-98.00,4.4167,110,eod
SBUX,Short,2023-06-06T14:00:00+00:00,2023-06-06T19:45:00+00:00,98.0600,98.2600,-2.5398,0.3943,-2.9341,0.0045,-116.00,5.7500,30,eod
UNH,Long,2023-06-06T14:00:00+00:00,2023-06-06T19:45:00+00:00,489.6300,487.0500,-2.6278,0.3943,-3.0221,0.0058,23.00,5.7500,30,eod
MSFT,Short,2023-06-07T14:00:00+00:00,2023-06-07T19:45:00+00:00,329.4900,322.8300,-3.5816,-1.3218,-2.2598,0.0038,-34.00,5.7500,30,eod
COP,Short,2023-06-07T14:00:00+00:00,2023-06-07T19:45:00+00:00,105.0100,104.8300,3.1575,-1.3218,4.4793,0.0070,-108.00,5.7500,30,eod
NKE,Long,2023-06-07T14:00:00+00:00,2023-06-07T19:45:00+00:00,106.6000,107.4800,1.5388,-1.3218,2.8606,0.0044,106.00,5.7500,30,eod
LIN,Short,2023-06-08T14:00:00+00:00,2023-06-08T19:45:00+00:00,360.1200,362.1100,-1.4993,1.1300,-2.6293,0.0044,-31.00,5.7500,30,eod
SCHW,Long,2023-06-08T14:00:00+00:00,2023-06-08T19:45:00+00:00,54.0900,55.1100,-2.2903,1.1300,-3.4203,0.0093,212.00,5.7500,30,eod
LLY,Long,2023-06-08T14:00:00+00:00,2023-06-08T19:45:00+00:00,442.2700,445.7800,2.7132,1.1300,1.5832,0.0048,25.00,5.7500,30,eod
QCOM,Long,2023-06-09T14:00:00+00:00,2023-06-09T19:45:00+00:00,120.4400,119.0400,3.0365,1.4644,1.5721,0.0072,95.00,5.7500,30,eod
SBUX,Short,2023-06-09T14:00:00+00:00,2023-06-09T19:45:00+00:00,98.2900,97.9700,-0.7134,1.4644,-2.1778,0.0048,-117.00,5.7500,30,eod
FCX,Short,2023-06-12T14:15:00+00:00,2023-06-12T19:45:00+00:00,37.7200,37.8200,2.5136,-0.5233,3.0369,0.0051,-304.00,5.5000,45,eod
SCHW,Long,2023-06-12T15:40:00+00:00,2023-06-12T19:45:00+00:00,53.1400,53.9400,-3.0395,0.6098,-3.6493,0.0104,215.00,4.0833,130,eod
LOW,Long,2023-06-12T14:00:00+00:00,2023-06-12T19:45:00+00:00,212.0600,213.6700,2.0090,-0.2488,2.2578,0.0054,54.00,5.7500,30,eod
LLY,Short,2023-06-12T14:00:00+00:00,2023-06-12T19:45:00+00:00,439.6300,444.4600,-2.2925,-0.2488,-2.0437,0.0051,-26.00,5.7500,30,eod
AMD,Short,2023-06-13T14:35:00+00:00,2023-06-13T19:45:00+00:00,127.3500,123.9100,-2.1962,-1.0973,-1.0989,0.0142,-90.00,5.1667,65,eod
JPM,Short,2023-06-13T14:00:00+00:00,2023-06-13T19:45:00+00:00,142.2200,141.9900,3.3631,-1.5134,4.8765,0.0030,-81.00,5.7500,30,eod
PFE,Long,2023-06-13T14:00:00+00:00,2023-06-13T19:45:00+00:00,39.8600,40.2100,1.4741,-1.5134,2.9876,0.0048,289.00,5.7500,30,eod
JPM,Short,2023-06-14T14:00:00+00:00,2023-06-14T19:45:00+00:00,142.6000,141.1300,-1.8912,0.8901,-2.7812,0.0034,-81.00,5.7500,30,eod
GS,Long,2023-06-14T14:15:00+00:00,2023-06-14T19:45:00+00:00,344.1900,338.2700,-1.8096,1.2218,-3.0315,0.0052,33.00,5.5000,45,eod
NKE,Long,2023-06-14T14:00:00+00:00,2023-06-14T19:45:00+00:00,110.1200,113.0200,3.0400,0.8901,2.1499,0.0047,105.00,5.7500,30,eod
NKE,Short,2023-06-14T15:50:00+00:00,2023-06-14T19:45:00+00:00,112.5000,113.0200,4.1839,1.0510,3.1329,0.0087,-104.00,3.9167,140,eod
NKE,Short,2023-06-15T14:00:00+00:00,2023-06-15T19:45:00+00:00,110.8400,112.6200,-1.3223,1.4990,-2.8214,0.0047,-105.00,5.7500,30,eod
NKE,Long,2023-06-15T14:05:00+00:00,2023-06-15T19:45:00+00:00,110.8400,112.6200,-1.1311,1.9431,-3.0742,0.0055,105.00,5.6667,35,eod
PYPL,Long,2023-06-15T14:00:00+00:00,2023-06-15T19:45:00+00:00,64.1900,65.9400,3.3777,1.4990,1.8786,0.0060,181.00,5.7500,30,eod
TSLA,Long,2023-06-16T14:00:00+00:00,2023-06-16T19:45:00+00:00,261.2500,260.8200,0.8319,-0.6124,1.4444,0.0076,45.00,5.7500,30,eod
LLY,Short,2023-06-16T14:00:00+00:00,2023-06-16T19:45:00+00:00,451.5200,448.4600,-2.2300,-0.6124,-1.6176,0.0047,-26.00,5.7500,30,eod
AMZN,Long,2023-06-20T14:00:00+00:00,2023-06-20T19:45:00+00:00,126.2400,125.8700,1.5589,-0.6249,2.1838,0.0063,93.00,5.7500,30,eod
NKE,Short,2023-06-20T14:00:00+00:00,2023-06-20T19:45:00+00:00,110.3900,109.3000,-3.1740,-0.6249,-2.5491,0.0053,-107.00,5.7500,30,eod
LLY,Short,2023-06-20T14:20:00+00:00,2023-06-20T19:45:00+00:00,452.9500,452.2900,1.5319,-1.6565,3.1883,0.0055,-26.00,5.4167,50,eod
TSLA,Short,2023-06-21T14:00:00+00:00,2023-06-21T19:45:00+00:00,267.9100,261.5400,-3.5234,-1.5873,-1.9361,0.0073,-44.00,5.7500,30,eod
MPC,Long,2023-06-21T14:00:00+00:00,2023-06-21T19:45:00+00:00,111.0700,112.2300,1.3591,-1.5873,2.9464,0.0068,106.00,5.7500,30,eod
DE,Short,2023-06-21T14:00:00+00:00,2023-06-21T19:45:00+00:00,413.5800,417.5800,2.3550,-1.5873,3.9423,0.0064,-28.00,5.7500,30,eod
COP,Short,2023-06-22T14:00:00+00:00,2023-06-22T19:45:00+00:00,101.4800,101.4900,-1.4768,1.5066,-2.9833,0.0069,-117.00,5.7500,30,eod
LIN,Long,2023-06-22T14:00:00+00:00,2023-06-22T19:45:00+00:00,370.4900,372.9700,3.2734,1.5066,1.7669,0.0037,32.00,5.7500,30,eod
COIN,Long,2023-06-22T14:20:00+00:00,2023-06-22T19:45:00+00:00,55.9500,57.0800,-1.5067,1.5320,-3.0386,0.0255,213.00,5.4167,50,eod
GS,Long,2023-06-23T14:00:00+00:00,2023-06-23T16:50:00+00:00,316.9300,315.3100,1.7737,-1.0436,2.8173,0.0044,37.00,2.8333,30,reversal
TSLA,Short,2023-06-23T14:00:00+00:00,2023-06-23T19:45:00+00:00,254.9500,255.3500,-2.6137,-1.0436,-1.5701,0.0089,-47.00,5.7500,30,eod
LOW,Short,2023-06-23T14:00:00+00:00,2023-06-23T19:45:00+00:00,215.8000,215.3000,2.3971,-1.0436,3.4407,0.0042,-55.00,5.7500,30,eod
PFE,Long,2023-06-26T14:00:00+00:00,2023-06-26T15:45:00+00:00,36.3400,36.6600,-2.8164,1.2244,-4.0408,0.0042,329.00,1.7500,30,reversal
JPM,Short,2023-06-26T14:00:00+00:00,2023-06-26T16:10:00+00:00,138.7100,138.7900,-1.5154,1.2244,-2.7398,0.0040,-86.00,2.1667,30,reversal
AVGO,Long,2023-06-26T14:15:00+00:00,2023-06-26T19:45:00+00:00,83.5400,82.4800,2.2667,0.9279,1.3388,0.0072,143.00,5.5000,45,eod
DIS,Short,2023-06-26T16:05:00+00:00,2023-06-26T19:45:00+00:00,89.0400,88.9200,2.2305,-1.3371,3.5676,0.0051,-134.00,3.6667,155,eod
TXN,Long,2023-06-27T14:00:00+00:00,2023-06-27T19:45:00+00:00,171.6000,176.3300,1.4732,0.4280,1.0452,0.0056,69.00,5.7500,30,eod
LLY,Short,2023-06-27T14:00:00+00:00,2023-06-27T19:45:00+00:00,456.7300,464.5200,-2.2854,0.4280,-2.7134,0.0075,-26.00,5.7500,30,eod
LLY,Long,2023-06-27T14:25:00+00:00,2023-06-27T19:45:00+00:00,455.1500,464.5200,-3.1239,-0.0728,-3.0511,0.0066,26.00,5.3333,55,eod
GE,Long,2023-06-28T14:00:00+00:00,2023-06-28T14:40:00+00:00,85.1700,85.0100,1.9120,0.0681,1.8439,0.0052,142.00,0.6667,30,reversal
FCX,Long,2023-06-28T14:30:00+00:00,2023-06-28T19:45:00+00:00,38.8400,39.1600,-2.0270,1.3646,-3.3915,0.0065,312.00,5.2500,60,eod
UNH,Short,2023-06-28T14:00:00+00:00,2023-06-28T19:45:00+00:00,476.8200,474.3700,-1.6022,0.0681,-1.6703,0.0057,-25.00,5.7500,30,eod
MU,Short,2023-06-29T14:00:00+00:00,2023-06-29T19:45:00+00:00,64.0500,64.4700,-3.2082,-0.3500,-2.8581,0.0060,-190.00,5.7500,30,eod
GS,Short,2023-06-29T14:00:00+00:00,2023-06-29T19:45:00+00:00,324.1900,322.6200,3.5909,-0.3500,3.9409,0.0044,-37.00,5.7500,30,eod
DIS,Long,2023-06-29T14:00:00+00:00,2023-06-29T19:45:00+00:00,88.3000,88.9400,2.2415,-0.3500,2.5915,0.0039,137.00,5.7500,30,eod
NFLX,Long,2023-06-30T14:00:00+00:00,2023-06-30T19:45:00+00:00,43.9100,44.1100,3.0304,1.1657,1.8646,0.0054,277.00,5.7500,30,eod
GS,Short,2023-06-30T14:00:00+00:00,2023-06-30T19:45:00+00:00,323.9200,323.3100,-0.8386,1.1657,-2.0044,0.0042,-37.00,5.7500,30,eod
COIN,Long,2023-06-30T14:00:00+00:00,2023-06-30T19:45:00+00:00,70.7000,71.6200,-2.4318,1.1657,-3.5975,0.0220,172.00,5.7500,30,eod
DE,Short,2023-07-03T15:30:00+00:00,2023-07-05T13:30:00+00:00,406.3100,406.4000,2.5764,-0.4927,3.0691,0.0064,-30.00,46.0000,120,reversal
COIN,Long,2023-07-03T14:00:00+00:00,2023-07-05T13:30:00+00:00,78.0900,77.7000,1.7844,0.2116,1.5728,0.0232,156.00,47.5000,30,reversal
TXN,Short,2023-07-03T14:00:00+00:00,2023-07-05T19:45:00+00:00,179.0700,177.0300,-2.0056,0.2116,-2.2172,0.0052,-68.00,53.7500,30,eod
META,Long,2023-07-05T14:00:00+00:00,2023-07-05T19:45:00+00:00,294.3700,295.4900,3.3493,0.8615,2.4878,0.0078,41.00,5.7500,30,eod
META,Short,2023-07-05T14:15:00+00:00,2023-07-05T19:45:00+00:00,296.4000,295.4900,4.2953,1.0843,3.2109,0.0078,-41.00,5.5000,45,eod
LIN,Long,2023-07-05T14:00:00+00:00,2023-07-05T19:45:00+00:00,368.7000,367.3100,-2.4165,0.8615,-3.2780,0.0043,33.00,5.7500,30,eod
MSFT,Long,2023-07-06T14:00:00+00:00,2023-07-06T19:45:00+00:00,337.9100,340.9800,1.5576,-0.6251,2.1827,0.0045,36.00,5.7500,30,eod
FCX,Short,2023-07-06T14:00:00+00:00,2023-07-06T19:45:00+00:00,37.7500,37.8200,-3.3797,-0.6251,-2.7546,0.0055,-324.00,5.7500,30,eod
PYPL,Long,2023-07-06T14:00:00+00:00,2023-07-06T19:45:00+00:00,66.2300,66.2000,-3.7434,-0.6251,-3.1183,0.0055,185.00,5.7500,30,eod
PYPL,Long,2023-07-07T14:00:00+00:00,2023-07-07T16:15:00+00:00,67.5500,67.3800,2.2735,1.0441,1.2294,0.0063,181.00,2.2500,30,reversal
SLB,Short,2023-07-07T14:30:00+00:00,2023-07-07T19:45:00+00:00,50.7200,53.3600,2.8305,-0.6102,3.4407,0.0082,-241.00,5.2500,60,eod
LLY,Short,2023-07-07T14:00:00+00:00,2023-07-07T19:45:00+00:00,458.2100,452.9200,-1.1336,1.0441,-2.1777,0.0069,-26.00,5.7500,30,eod
LLY,Long,2023-07-07T15:35:00+00:00,2023-07-07T19:45:00+00:00,451.5900,452.9200,-2.7489,0.5024,-3.2513,0.0081,27.00,4.1667,125,eod
META,Short,2023-07-10T14:00:00+00:00,2023-07-10T19:45:00+00:00,291.4700,292.3800,-2.6408,-1.1843,-1.4565,0.0075,-41.00,5.7500,30,eod
LOW,Short,2023-07-10T14:00:00+00:00,2023-07-10T19:45:00+00:00,226.7100,228.6900,2.8300,-1.1843,4.0143,0.0037,-53.00,5.7500,30,eod
SBUX,Long,2023-07-10T14:00:00+00:00,2023-07-10T19:45:00+00:00,98.3800,99.0900,1.7661,-1.1843,2.9505,0.0039,123.00,5.7500,30,eod
UNH,Short,2023-07-11T14:00:00+00:00,2023-07-11T15:05:00+00:00,465.0900,462.5400,1.6617,-1.6526,3.3143,0.0033,-25.00,1.0833,30,reversal
QCOM,Short,2023-07-11T14:00:00+00:00,2023-07-11T19:45:00+00:00,115.0600,116.8900,-3.4913,-1.6526,-1.8387,0.0059,-104.00,5.7500,30,eod
LIN,Long,2023-07-11T15:55:00+00:00,2023-07-11T19:45:00+00:00,363.9400,366.6700,-3.0832,0.3617,-3.4449,0.0064,33.00,3.8333,145,eod
DIS,Long,2023-07-11T14:00:00+00:00,2023-07-11T19:45:00+00:00,88.8900,89.5100,1.0488,-1.6526,2.7013,0.0034,135.00,5.7500,30,eod
MSFT,Long,2023-07-12T14:00:00+00:00,2023-07-12T18:40:00+00:00,339.5600,337.6700,1.8009,0.7125,1.0884,0.0042,35.00,4.6667,30,reversal
MU,Short,2023-07-12T14:00:00+00:00,2023-07-12T19:45:00+00:00,63.6900,63.7700,-2.1876,0.7125,-2.9001,0.0060,-189.00,5.7500,30,eod
MU,Long,2023-07-12T14:20:00+00:00,2023-07-12T19:45:00+00:00,63.6000,63.7700,-2.0203,1.2555,-3.2758,0.0071,190.00,5.4167,50,eod
DIS,Short,2023-07-13T14:00:00+00:00,2023-07-13T14:30:00+00:00,89.9000,90.2900,-1.8914,0.0674,-1.9589,0.0035,-134.00,0.5000,30,reversal
COP,Long,2023-07-13T14:00:00+00:00,2023-07-13T16:10:00+00:00,111.4500,110.5500,2.5023,0.0674,2.4348,0.0057,108.00,2.1667,30,reversal
GOOGL,Short,2023-07-13T15:25:00+00:00,2023-07-13T19:45:00+00:00,124.2800,124.5100,3.2221,0.2194,3.0026,0.0075,-96.00,4.3333,115,eod
LOW,Long,2023-07-13T14:40:00+00:00,2023-07-13T19:45:00+00:00,230.0400,229.4600,-3.1131,0.2895,-3.4025,0.0041,52.00,5.0833,70,eod
AMD,Long,2023-07-14T14:00:00+00:00,2023-07-14T19:45:00+00:00,120.1700,115.7900,3.7381,1.1478,2.5902,0.0099,99.00,5.7500,30,eod
XOM,Short,2023-07-14T14:00:00+00:00,2023-07-14T19:45:00+00:00,102.5500,100.9000,-1.3135,1.1478,-2.4613,0.0061,-116.00,5.7500,30,eod
UNH,Short,2023-07-14T14:00:00+00:00,2023-07-14T19:45:00+00:00,476.7900,480.6900,5.4739,1.1478,4.3261,0.0046,-25.00,5.7500,30,eod
T,Long,2023-07-14T14:00:00+00:00,2023-07-14T19:45:00+00:00,14.4600,14.4900,-3.0352,1.1478,-4.1831,0.0045,827.00,5.7500,30,eod
SBUX,Long,2023-07-17T14:00:00+00:00,2023-07-17T19:30:00+00:00,101.4000,101.2600,2.8051,-0.0343,2.8394,0.0044,116.00,5.5000,30,reversal
SBUX,Short,2023-07-17T14:25:00+00:00,2023-07-17T19:30:00+00:00,101.3300,101.2600,3.0324,0.0101,3.0223,0.0039,-116.00,5.0833,55,reversal
NVDA,Short,2023-07-17T14:00:00+00:00,2023-07-17T19:45:00+00:00,45.5900,46.4100,-1.6709,-0.0343,-1.6366,0.0089,-259.00,5.7500,30,eod
DIS,Long,2023-07-17T15:15:00+00:00,2023-07-17T19:45:00+00:00,86.0100,85.7300,-2.8760,0.1700,-3.0461,0.0060,137.00,4.5000,105,eod
T,Long,2023-07-18T14:00:00+00:00,2023-07-18T14:45:00+00:00,13.9300,13.7700,2.6584,-0.2586,2.9170,0.0046,843.00,0.7500,30,reversal
HD,Short,2023-07-18T14:00:00+00:00,2023-07-18T16:00:00+00:00,316.6200,316.0600,3.3784,-0.2586,3.6370,0.0034,-37.00,2.0000,30,reversal
SCHW,Short,2023-07-18T14:00:00+00:00,2023-07-18T19:45:00+00:00,65.9200,65.6500,-1.8339,-0.2586,-1.5752,0.0056,-178.00,5.7500,30,eod
SCHW,Long,2023-07-18T14:05:00+00:00,2023-07-18T19:45:00+00:00,65.1900,65.6500,-3.1718,-0.0360,-3.1358,0.0067,180.00,5.6667,35,eod
SCHW,Short,2023-07-19T14:00:00+00:00,2023-07-19T14:20:00+00:00,67.3000,68.2700,-2.0895,0.4313,-2.5208,0.0060,-174.00,0.3333,30,reversal
AMZN,Long,2023-07-19T14:00:00+00:00,2023-07-19T19:45:00+00:00,134.9000,135.6600,3.1703,0.4313,2.7389,0.0049,87.00,5.7500,30,eod
AMZN,Short,2023-07-19T14:05:00+00:00,2023-07-19T19:45:00+00:00,135.0800,135.6600,3.4200,0.1429,3.2770,0.0049,-86.00,5.6667,35,eod
GE,Long,2023-07-19T14:35:00+00:00,2023-07-19T19:45:00+00:00,87.0900,87.7600,-2.4980,0.6537,-3.1517,0.0049,134.00,5.1667,65,eod
TSLA,Short,2023-07-20T14:00:00+00:00,2023-07-20T14:40:00+00:00,272.8100,270.7900,-3.4179,-1.3525,-2.0654,0.0078,-42.00,0.6667,30,reversal
GE,Long,2023-07-20T14:00:00+00:00,2023-07-20T19:45:00+00:00,88.4700,88.7000,1.5155,-1.3525,2.8680,0.0037,132.00,5.7500,30,eod
JPM,Short,2023-07-20T14:00:00+00:00,2023-07-20T19:45:00+00:00,155.8000,156.1900,2.7097,-1.3525,4.0622,0.0018,-75.00,5.7500,30,eod
FCX,Short,2023-07-21T14:00:00+00:00,2023-07-21T14:30:00+00:00,40.8000,40.9600,-3.8246,-2.6499,-1.1747,0.0069,-287.00,0.5000,30,reversal
LIN,Short,2023-07-21T14:00:00+00:00,2023-07-21T19:45:00+00:00,382.2400,384.7800,1.5553,-2.6499,4.2051,0.0044,-30.00,5.7500,30,eod
NKE,Long,2023-07-21T14:00:00+00:00,2023-07-21T19:45:00+00:00,108.0500,108.9000,0.1564,-2.6499,2.8062,0.0053,108.00,5.7500,30,eod
AMZN,Short,2023-07-24T14:00:00+00:00,2023-07-24T19:45:00+00:00,128.5900,128.8500,-3.4830,-2.3827,-1.1003,0.0063,-91.00,5.7500,30,eod
FCX,Long,2023-07-24T14:00:00+00:00,2023-07-24T19:45:00+00:00,40.9600,42.1300,0.4472,-2.3827,2.8298,0.0071,285.00,5.7500,30,eod
JPM,Short,2023-07-24T14:00:00+00:00,2023-07-24T19:45:00+00:00,156.4900,157.7500,3.8756,-2.3827,6.2583,0.0024,-74.00,5.7500,30,eod
GE,Long,2023-07-25T14:00:00+00:00,2023-07-25T14:55:00+00:00,91.5800,93.5200,-4.6549,0.7354,-5.3903,0.0044,128.00,0.9167,30,reversal
AVGO,Long,2023-07-25T14:00:00+00:00,2023-07-25T15:40:00+00:00,91.3300,91.3100,1.9404,0.7354,1.2050,0.0053,128.00,1.6667,30,reversal
NKE,Short,2023-07-25T14:00:00+00:00,2023-07-25T19:45:00+00:00,107.7800,108.3100,-1.4949,0.7354,-2.2303,0.0057,-109.00,5.7500,30,eod
LIN,Short,2023-07-26T14:00:00+00:00,2023-07-26T15:05:00+00:00,383.6300,384.4500,-1.9021,1.0164,-2.9185,0.0043,-30.00,1.0833,30,reversal
MU,Long,2023-07-26T14:00:00+00:00,2023-07-26T19:45:00+00:00,67.1300,67.4100,2.8192,1.0164,1.8028,0.0060,175.00,5.7500,30,eod
DE,Long,2023-07-26T14:00:00+00:00,2023-07-26T19:45:00+00:00,440.8100,433.6800,-3.1422,1.0164,-4.1586,0.0036,26.00,5.7500,30,eod
DE,Short,2023-07-27T14:00:00+00:00,2023-07-27T14:30:00+00:00,425.8300,427.0900,-2.1135,0.4039,-2.5173,0.0038,-27.00,0.5000,30,reversal
AMD,Long,2023-07-27T14:00:00+00:00,2023-07-27T19:45:00+00:00,113.5600,110.8400,1.9652,0.4039,1.5613,0.0129,103.00,5.7500,30,eod
GE,Short,2023-07-27T14:10:00+00:00,2023-07-27T19:45:00+00:00,93.3700,91.8600,2.7491,-0.4433,3.1924,0.0052,-125.00,5.5833,40,eod
CAT,Long,2023-07-28T14:00:00+00:00,2023-07-28T14:35:00+00:00,262.3400,260.7800,3.0214,1.7389,1.2825,0.0043,44.00,0.5833,30,reversal
NKE,Short,2023-07-28T14:00:00+00:00,2023-07-28T19:45:00+00:00,107.7800,108.4800,-1.1105,1.7389,-2.8494,0.0060,-108.00,5.7500,30,eod
UNH,Long,2023-07-28T14:00:00+00:00,2023-07-28T19:45:00+00:00,497.9400,502.6300,-2.2990,1.7389,-4.0380,0.0065,23.00,5.7500,30,eod
CVX,Long,2023-07-31T14:00:00+00:00,2023-07-31T15:05:00+00:00,163.8000,162.9100,1.6192,-0.6362,2.2554,0.0043,71.00,1.0833,30,reversal
MSFT,Short,2023-07-31T14:05:00+00:00,2023-07-31T17:05:00+00:00,334.1300,334.6500,-1.2250,0.0101,-1.2351,0.0051,-34.00,3.0000,35,reversal
DIS,Short,2023-07-31T14:00:00+00:00,2023-07-31T19:45:00+00:00,88.2500,88.4400,2.4237,-0.6362,3.0599,0.0051,-132.00,5.7500,30,eod
UNH,Short,2023-08-01T14:00:00+00:00,2023-08-01T14:15:00+00:00,505.6500,505.9000,-1.1174,0.2185,-1.3360,0.0068,-22.00,0.2500,30,reversal
MPC,Long,2023-08-01T14:00:00+00:00,2023-08-01T14:50:00+00:00,134.6400,132.8800,2.5672,0.2185,2.3487,0.0066,86.00,0.8333,30,reversal
PFE,Short,2023-08-01T14:00:00+00:00,2023-08-01T15:40:00+00:00,36.7700,35.9000,5.0617,0.2185,4.8432,0.0052,-315.00,1.6667,30,reversal
T,Long,2023-08-01T14:45:00+00:00,2023-08-01T19:45:00+00:00,14.2900,14.3100,-2.4408,0.8086,-3.2494,0.0054,811.00,5.0000,75,eod
AMD,Short,2023-08-02T14:00:00+00:00,2023-08-02T19:45:00+00:00,112.9300,110.1000,-3.0403,-0.7174,-2.3229,0.0125,-103.00,5.7500,30,eod
LIN,Long,2023-08-02T14:00:00+00:00,2023-08-02T19:45:00+00:00,386.6200,384.8400,1.6082,-0.7174,2.3256,0.0039,30.00,5.7500,30,eod
SBUX,Short,2023-08-02T14:00:00+00:00,2023-08-02T19:45:00+00:00,102.3200,102.1600,3.0798,-0.7174,3.7972,0.0054,-113.00,5.7500,30,eod
LOW,Short,2023-08-03T14:00:00+00:00,2023-08-03T14:30:00+00:00,227.3800,228.2100,-1.0985,1.8476,-2.9462,0.0038,-51.00,0.5000,30,reversal
NFLX,Long,2023-08-03T14:15:00+00:00,2023-08-03T16:25:00+00:00,43.8000,43.9900,2.4149,1.2243,1.1906,0.0073,266.00,2.1667,45,reversal
CAT,Long,2023-08-03T14:00:00+00:00,2023-08-03T19:45:00+00:00,284.5000,281.3600,-1.4704,1.8476,-3.3181,0.0070,41.00,5.7500,30,eod
PFE,Short,2023-08-04T14:00:00+00:00,2023-08-04T16:15:00+00:00,35.2600,35.0500,1.2585,-2.7600,4.0185,0.0045,-330.00,2.2500,30,reversal
TXN,Short,2023-08-04T14:15:00+00:00,2023-08-04T17:30:00+00:00,168.0200,170.5000,-3.2956,-2.1951,-1.1005,0.0042,-69.00,3.2500,45,reversal
MPC,Long,2023-08-04T14:00:00+00:00,2023-08-04T19:45:00+00:00,137.9500,138.4300,0.1479,-2.7600,2.9079,0.0064,84.00,5.7500,30,eod
PYPL,Long,2023-08-04T16:40:00+00:00,2023-08-04T19:45:00+00:00,63.4400,62.7600,-2.2941,0.7095,-3.0036,0.0070,183.00,3.0833,190,eod
QCOM,Long,2023-08-07T17:45:00+00:00,2023-08-07T19:45:00+00:00,118.0600,119.0000,-2.8004,0.2087,-3.0091,0.0107,97.00,2.0000,255,eod
AAPL,Short,2023-08-07T14:00:00+00:00,2023-08-07T19:45:00+00:00,178.8600,178.5000,-3.5309,-0.7303,-2.8005,0.0027,-64.00,5.7500,30,eod
PYPL,Long,2023-08-07T14:00:00+00:00,2023-08-07T19:45:00+00:00,63.5700,64.3000,1.4489,-0.7303,2.1792,0.0071,182.00,5.7500,30,eod
PYPL,Short,2023-08-07T15:05:00+00:00,2023-08-07T19:45:00+00:00,63.8400,64.3000,2.0890,-1.0476,3.1366,0.0070,-181.00,4.6667,95,eod
GS,Short,2023-08-08T14:00:00+00:00,2023-08-08T15:05:00+00:00,344.4100,344.5000,-2.6362,-1.2421,-1.3941,0.0060,-33.00,1.0833,30,reversal
SLB,Long,2023-08-08T14:00:00+00:00,2023-08-08T19:45:00+00:00,57.0200,58.4800,1.7003,-1.2421,2.9424,0.0066,203.00,5.7500,30,eod
LLY,Short,2023-08-08T14:00:00+00:00,2023-08-08T19:45:00+00:00,527.9400,523.3300,6.5125,-1.2421,7.7546,0.0052,-21.00,5.7500,30,eod
AAPL,Short,2023-08-09T14:00:00+00:00,2023-08-09T16:20:00+00:00,178.8400,177.9200,-2.4194,-1.1248,-1.2945,0.0033,-65.00,2.3333,30,reversal
AVGO,Long,2023-08-09T14:35:00+00:00,2023-08-09T19:45:00+00:00,85.7700,85.1600,-4.4480,-1.3920,-3.0560,0.0060,136.00,5.1667,65,eod
COP,Short,2023-08-09T14:00:00+00:00,2023-08-09T19:45:00+00:00,118.6300,116.6600,2.7369,-1.1248,3.8617,0.0054,-98.00,5.7500,30,eod
HD,Long,2023-08-09T14:00:00+00:00,2023-08-09T19:45:00+00:00,328.4200,328.6100,1.8698,-1.1248,2.9947,0.0019,35.00,5.7500,30,eod
LLY,Short,2023-08-10T14:00:00+00:00,2023-08-10T14:50:00+00:00,521.5800,524.6600,-0.9063,1.8185,-2.7247,0.0047,-22.00,0.8333,30,reversal
DIS,Long,2023-08-10T14:00:00+00:00,2023-08-10T14:50:00+00:00,88.9300,90.2000,-1.9148,1.8185,-3.7333,0.0037,131.00,0.8333,30,reversal
DIS,Long,2023-08-10T14:55:00+00:00,2023-08-10T19:45:00+00:00,90.6900,91.4600,2.1888,0.2125,1.9764,0.0057,129.00,4.8333,85,eod
DIS,Short,2023-08-10T16:30:00+00:00,2023-08-10T19:45:00+00:00,90.8100,91.4600,1.8900,-1.2252,3.1152,0.0073,-129.00,3.2500,180,eod
AMZN,Short,2023-08-11T14:00:00+00:00,2023-08-11T15:15:00+00:00,137.9100,138.2700,-0.5048,0.6157,-1.1205,0.0063,-85.00,1.2500,30,reversal
HD,Long,2023-08-11T14:00:00+00:00,2023-08-11T19:45:00+00:00,330.1800,330.9900,2.6056,0.6157,1.9899,0.0018,35.00,5.7500,30,eod
LOW,Short,2023-08-11T14:35:00+00:00,2023-08-11T19:45:00+00:00,224.7800,223.9700,4.8185,1.5523,3.2663,0.0034,-52.00,5.1667,65,eod
NVDA,Short,2023-08-14T14:20:00+00:00,2023-08-14T19:45:00+00:00,42.1000,43.6100,4.6234,1.5847,3.0387,0.0079,-278.00,5.4167,50,eod
ADBE,Long,2023-08-14T14:00:00+00:00,2023-08-14T19:45:00+00:00,514.2900,521.3900,3.6063,1.2052,2.4011,0.0041,22.00,5.7500,30,eod
BAC,Short,2023-08-14T14:00:00+00:00,2023-08-14T19:45:00+00:00,30.8300,30.8200,-1.7225,1.2052,-2.9277,0.0041,-380.00,5.7500,30,eod
HD,Long,2023-08-14T14:00:00+00:00,2023-08-14T19:45:00+00:00,329.4300,329.9500,-3.8426,1.2052,-5.0477,0.0023,35.00,5.7500,30,eod
LOW,Short,2023-08-15T14:15:00+00:00,2023-08-15T16:05:00+00:00,224.9300,223.4200,1.4097,-1.6060,3.0157,0.0028,-51.00,1.8333,45,reversal
HD,Long,2023-08-15T15:50:00+00:00,2023-08-15T19:15:00+00:00,329.0100,332.6800,-3.9749,-0.6845,-3.2904,0.0042,35.00,3.4167,140,reversal
GE,Long,2023-08-15T14:00:00+00:00,2023-08-15T19:45:00+00:00,91.0200,90.7900,0.9265,-1.3014,2.2279,0.0050,127.00,5.7500,30,eod
JPM,Short,2023-08-15T14:00:00+00:00,2023-08-15T19:45:00+00:00,151.4100,150.4200,-3.1742,-1.3014,-1.8728,0.0032,-76.00,5.7500,30,eod
HD,Long,2023-08-16T14:00:00+00:00,2023-08-16T14:45:00+00:00,336.2800,335.1200,3.0664,0.3744,2.6920,0.0027,34.00,0.7500,30,reversal
MPC,Short,2023-08-16T14:00:00+00:00,2023-08-16T19:45:00+00:00,143.4400,141.4800,-1.3678,0.3744,-1.7422,0.0063,-81.00,5.7500,30,eod
AAPL,Short,2023-08-17T14:00:00+00:00,2023-08-17T19:45:00+00:00,175.3600,173.9800,-2.9105,-0.8855,-2.0250,0.0037,-66.00,5.7500,30,eod
XOM,Long,2023-08-17T14:00:00+00:00,2023-08-17T19:45:00+00:00,109.0200,108.2500,1.9184,-0.8855,2.8040,0.0043,107.00,5.7500,30,eod
PFE,Short,2023-08-17T14:00:00+00:00,2023-08-17T19:45:00+00:00,36.2000,36.5800,2.7289,-0.8855,3.6145,0.0051,-323.00,5.7500,30,eod
MU,Long,2023-08-18T14:00:00+00:00,2023-08-18T19:45:00+00:00,63.1100,63.7500,2.4285,-0.0494,2.4779,0.0069,184.00,5.7500,30,eod
GOOGL,Short,2023-08-18T14:00:00+00:00,2023-08-18T19:45:00+00:00,126.8400,127.7300,-2.7462,-0.0494,-2.6968,0.0047,-92.00,5.7500,30,eod
DE,Long,2023-08-18T14:00:00+00:00,2023-08-18T19:45:00+00:00,398.5800,397.2100,-4.2323,-0.0494,-4.1829,0.0060,29.00,5.7500,30,eod
AVGO,Long,2023-08-21T14:00:00+00:00,2023-08-21T19:45:00+00:00,84.7400,86.5200,2.5071,1.2770,1.2301,0.0064,137.00,5.7500,30,eod
XOM,Long,2023-08-21T14:00:00+00:00,2023-08-21T19:45:00+00:00,109.4800,108.7700,-1.9961,1.2770,-3.2732,0.0047,106.00,5.7500,30,eod
GS,Short,2023-08-21T14:00:00+00:00,2023-08-21T19:45:00+00:00,322.3900,322.9300,-1.6939,1.2770,-2.9709,0.0042,-36.00,5.7500,30,eod
COIN,Short,2023-08-22T14:05:00+00:00,2023-08-22T15:45:00+00:00,74.3300,75.0300,-2.2324,-1.0610,-1.1714,0.0125,-156.00,1.6667,35,reversal
MPC,Long,2023-08-22T14:00:00+00:00,2023-08-22T19:45:00+00:00,144.1700,143.3300,1.7398,-1.0061,2.7458,0.0061,81.00,5.7500,30,eod
SCHW,Long,2023-08-22T14:00:00+00:00,2023-08-22T19:45:00+00:00,57.9300,56.4800,-4.8187,-1.0061,-3.8127,0.0054,201.00,5.7500,30,eod
T,Short,2023-08-22T14:35:00+00:00,2023-08-22T19:45:00+00:00,14.1500,14.2600,1.7324,-1.2760,3.0084,0.0045,-822.00,5.1667,65,eod
TXN,Long,2023-08-23T14:00:00+00:00,2023-08-23T19:45:00+00:00,167.8500,170.3300,2.7814,1.2014,1.5800,0.0057,68.00,5.7500,30,eod
SBUX,Short,2023-08-23T14:00:00+00:00,2023-08-23T19:45:00+00:00,95.6000,95.3400,-1.4909,1.2014,-2.6922,0.0031,-120.00,5.7500,30,eod
SBUX,Long,2023-08-23T14:05:00+00:00,2023-08-23T19:45:00+00:00,95.4200,95.3400,-1.8470,1.3573,-3.2042,0.0036,120.00,5.6667,35,eod
AVGO,Short,2023-08-24T14:00:00+00:00,2023-08-24T19:45:00+00:00,87.9400,85.3600,-3.4984,-0.5467,-2.9517,0.0088,-131.00,5.7500,30,eod
SBUX,Short,2023-08-24T14:00:00+00:00,2023-08-24T19:45:00+00:00,95.4100,94.8200,4.5087,-0.5467,5.0554,0.0039,-120.00,5.7500,30,eod
T,Long,2023-08-24T14:00:00+00:00,2023-08-24T19:45:00+00:00,14.2300,14.1800,2.4432,-0.5467,2.9899,0.0038,810.00,5.7500,30,eod
ADBE,Long,2023-08-25T14:00:00+00:00,2023-08-25T19:45:00+00:00,524.3300,524.0800,1.8198,0.5724,1.2474,0.0063,22.00,5.7500,30,eod
JPM,Short,2023-08-25T14:00:00+00:00,2023-08-25T19:45:00+00:00,147.1700,146.9600,-1.7899,0.5724,-2.3622,0.0042,-79.00,5.7500,30,eod
JPM,Long,2023-08-25T14:10:00+00:00,2023-08-25T19:45:00+00:00,147.0600,146.9600,-2.0203,1.1600,-3.1803,0.0041,79.00,5.5833,40,eod
CRM,Short,2023-08-28T14:00:00+00:00,2023-08-28T15:30:00+00:00,210.4300,211.0400,-2.3685,-0.8128,-1.5556,0.0043,-55.00,1.5000,30,reversal
DIS,Long,2023-08-28T14:00:00+00:00,2023-08-28T19:45:00+00:00,84.1400,84.1500,2.1586,-0.8128,2.9715,0.0028,138.00,5.7500,30,eod
DIS,Short,2023-08-28T14:05:00+00:00,2023-08-28T19:45:00+00:00,84.3100,84.1500,2.3820,-0.6480,3.0301,0.0034,-137.00,5.6667,35,eod
LIN,Short,2023-08-29T14:00:00+00:00,2023-08-29T16:15:00+00:00,380.0700,383.7900,-0.7012,2.0993,-2.8006,0.0035,-30.00,2.2500,30,reversal
PFE,Long,2023-08-29T14:25:00+00:00,2023-08-29T19:45:00+00:00,36.3400,36.1400,-0.8141,2.3955,-3.2095,0.0067,321.00,5.3333,55,eod
COIN,Long,2023-08-29T14:20:00+00:00,2023-08-29T19:45:00+00:00,80.2300,84.8800,4.1957,2.2183,1.9773,0.0190,144.00,5.4167,50,eod
COIN,Short,2023-08-29T14:35:00+00:00,2023-08-29T19:45:00+00:00,83.0000,84.8800,5.6415,2.1556,3.4859,0.0208,-141.00,5.1667,65,eod
TXN,Long,2023-08-30T14:00:00+00:00,2023-08-30T19:45:00+00:00,168.9100,169.1200,3.1339,0.6433,2.4906,0.0053,68.00,5.7500,30,eod
LLY,Short,2023-08-30T14:00:00+00:00,2023-08-30T19:45:00+00:00,553.7300,547.6400,-1.3635,0.6433,-2.0068,0.0045,-20.00,5.7500,30,eod
T,Long,2023-08-30T16:10:00+00:00,2023-08-30T19:45:00+00:00,14.7000,14.7200,-2.6088,0.5807,-3.1895,0.0057,791.00,3.5833,160,eod
AMZN,Long,2023-08-31T14:00:00+00:00,2023-08-31T19:45:00+00:00,138.0700,138.3600,3.0925,0.8202,2.2724,0.0055,84.00,5.7500,30,eod
UNH,Short,2023-08-31T14:00:00+00:00,2023-08-31T19:45:00+00:00,490.5300,477.9200,-1.7749,0.8202,-2.5951,0.0029,-23.00,5.7500,30,eod
UNH,Long,2023-08-31T14:05:00+00:00,2023-08-31T19:45:00+00:00,489.8400,477.9200,-2.4528,0.7228,-3.1756,0.0027,23.00,5.6667,35,eod
META,Short,2023-09-01T14:00:00+00:00,2023-09-01T19:45:00+00:00,296.9900,296.2900,-2.2642,-1.0314,-1.2327,0.0055,-38.00,5.7500,30,eod
NFLX,Long,2023-09-01T14:00:00+00:00,2023-09-01T19:45:00+00:00,44.2500,43.9500,1.3673,-1.0314,2.3987,0.0055,260.00,5.7500,30,eod
DIS,Short,2023-09-01T14:00:00+00:00,2023-09-01T19:45:00+00:00,81.5800,81.6700,3.1462,-1.0314,4.1776,0.0027,-141.00,5.7500,30,eod
LIN,Long,2023-09-05T14:00:00+00:00,2023-09-05T19:45:00+00:00,384.1000,382.7800,-3.7187,-0.3642,-3.3545,0.0030,29.00,5.7500,30,eod
LOW,Short,2023-09-05T14:00:00+00:00,2023-09-05T19:45:00+00:00,230.4300,231.0300,-2.8805,-0.3642,-2.5163,0.0033,-49.00,5.7500,30,eod
UNH,Long,2023-09-05T14:00:00+00:00,2023-09-05T19:45:00+00:00,482.8600,482.0700,2.5906,-0.3642,2.9548,0.0030,23.00,5.7500,30,eod
AAPL,Short,2023-09-06T14:00:00+00:00,2023-09-06T19:45:00+00:00,185.0900,181.9900,-3.6913,-1.2601,-2.4312,0.0040,-61.00,5.7500,30,eod
GE,Long,2023-09-06T14:00:00+00:00,2023-09-06T19:45:00+00:00,90.3900,89.8900,1.6438,-1.2601,2.9039,0.0039,126.00,5.7500,30,eod
T,Short,2023-09-06T14:00:00+00:00,2023-09-06T19:45:00+00:00,14.5000,14.6000,2.0638,-1.2601,3.3239,0.0044,-790.00,5.7500,30,eod
QCOM,Short,2023-09-07T14:00:00+00:00,2023-09-07T19:45:00+00:00,107.9600,106.3100,-2.6899,-0.4137,-2.2761,0.0044,-106.00,5.7500,30,eod
QCOM,Long,2023-09-07T14:10:00+00:00,2023-09-07T19:45:00+00:00,107.6400,106.3100,-2.8829,0.5231,-3.4060,0.0051,106.00,5.5833,40,eod
AMZN,Long,2023-09-07T14:00:00+00:00,2023-09-07T19:45:00+00:00,135.0100,137.8400,2.1470,-0.4137,2.5607,0.0052,84.00,5.7500,30,eod
PYPL,Short,2023-09-08T14:00:00+00:00,2023-09-08T17:25:00+00:00,60.5500,61.1400,-1.9084,0.4197,-2.3281,0.0051,-189.00,3.4167,30,reversal
LLY,Long,2023-09-08T14:00:00+00:00,2023-09-08T19:45:00+00:00,579.5800,586.6000,2.2418,0.4197,1.8222,0.0050,19.00,5.7500,30,eod
LLY,Short,2023-09-08T16:50:00+00:00,2023-09-08T19:45:00+00:00,586.0000,586.6000,2.8300,-0.2375,3.0675,0.0079,-19.00,2.9167,200,eod
DIS,Short,2023-09-11T14:05:00+00:00,2023-09-11T16:00:00+00:00,82.9100,81.5000,2.4813,-1.1000,3.5813,0.0041,-138.00,1.9167,35,reversal
TSLA,Long,2023-09-11T14:00:00+00:00,2023-09-11T19:45:00+00:00,265.7700,273.3800,1.3861,-1.0261,2.4122,0.0109,43.00,5.7500,30,eod
CVX,Short,2023-09-11T14:00:00+00:00,2023-09-11T19:45:00+00:00,166.0500,163.6500,-3.3530,-1.0261,-2.3269,0.0036,-69.00,5.7500,30,eod
COP,Long,2023-09-11T15:15:00+00:00,2023-09-11T19:45:00+00:00,121.4500,120.4100,-3.7255,-0.5508,-3.1747,0.0047,94.00,4.5000,105,eod
QCOM,Long,2023-09-12T14:00:00+00:00,2023-09-12T19:45:00+00:00,112.5900,111.2500,2.8817,0.6222,2.2595,0.0053,103.00,5.7500,30,eod
AAPL,Short,2023-09-12T14:00:00+00:00,2023-09-12T19:45:00+00:00,178.0200,175.7800,-2.1188,0.6222,-2.7410,0.0045,-65.00,5.7500,30,eod
UNH,Short,2023-09-12T15:10:00+00:00,2023-09-12T19:45:00+00:00,480.7900,480.4000,2.4136,-0.7726,3.1862,0.0047,-24.00,4.5833,100,eod
AMZN,Long,2023-09-13T14:00:00+00:00,2023-09-13T19:45:00+00:00,142.3400,144.3200,1.8818,-0.5086,2.3904,0.0051,81.00,5.7500,30,eod
NFLX,Short,2023-09-13T14:00:00+00:00,2023-09-13T19:45:00+00:00,43.0100,41.1100,-2.4738,-0.5086,-1.9652,0.0060,-270.00,5.7500,30,eod
SCHW,Long,2023-09-13T15:00:00+00:00,2023-09-13T19:45:00+00:00,59.6000,58.7000,-2.6291,0.6184,-3.2475,0.0064,195.00,4.7500,90,eod
T,Short,2023-09-14T14:00:00+00:00,2023-09-14T15:25:00+00:00,15.1100,15.0100,2.6543,-0.9506,3.6049,0.0040,-779.00,1.4167,30,reversal
DIS,Short,2023-09-14T14:05:00+00:00,2023-09-14T18:35:00+00:00,83.4300,84.6100,-1.8798,-0.8359,-1.0440,0.0046,-141.00,4.5000,35,reversal
JPM,Long,2023-09-14T14:00:00+00:00,2023-09-14T19:45:00+00:00,148.6000,149.4500,1.4812,-0.9506,2.4317,0.0043,79.00,5.7500,30,eod
LIN,Short,2023-09-15T14:00:00+00:00,2023-09-15T19:45:00+00:00,393.0400,387.6500,3.1525,-1.7796,4.9321,0.0038,-29.00,5.7500,30,eod
HD,Short,2023-09-15T14:35:00+00:00,2023-09-15T19:45:00+00:00,325.8600,320.7100,-2.6501,-1.5285,-1.1216,0.0026,-36.00,5.1667,65,eod
PFE,Long,2023-09-15T14:00:00+00:00,2023-09-15T19:45:00+00:00,34.3700,33.9400,1.0548,-1.7796,2.8344,0.0028,342.00,5.7500,30,eod
GOOGL,Long,2023-09-18T14:00:00+00:00,2023-09-18T16:05:00+00:00,138.7400,138.2500,1.6703,-0.1485,1.8188,0.0029,85.00,2.0833,30,reversal
HD,Short,2023-09-18T14:00:00+00:00,2023-09-18T19:45:00+00:00,319.0800,317.2400,-1.8265,-0.1485,-1.6780,0.0029,-37.00,5.7500,30,eod
PFE,Long,2023-09-18T14:00:00+00:00,2023-09-18T19:45:00+00:00,33.6100,33.6100,-3.1719,-0.1485,-3.0234,0.0031,351.00,5.7500,30,eod
FCX,Long,2023-09-19T14:10:00+00:00,2023-09-19T19:45:00+00:00,39.2700,38.8400,-4.3364,-1.2578,-3.0785,0.0066,300.00,5.5833,40,eod
LLY,Short,2023-09-19T14:00:00+00:00,2023-09-19T19:45:00+00:00,575.4900,574.2400,1.6713,-1.7269,3.3982,0.0043,-20.00,5.7500,30,eod
DIS,Short,2023-09-19T14:00:00+00:00,2023-09-19T19:45:00+00:00,82.5700,82.1300,-3.5118,-1.7269,-1.7849,0.0047,-142.00,5.7500,30,eod
T,Long,2023-09-19T14:00:00+00:00,2023-09-19T19:45:00+00:00,15.1200,15.2400,0.8080,-1.7269,2.5350,0.0041,780.00,5.7500,30,eod
GOOGL,Short,2023-09-20T14:00:00+00:00,2023-09-20T19:45:00+00:00,136.9200,134.0500,-1.9130,0.2037,-2.1168,0.0029,-86.00,5.7500,30,eod
MPC,Long,2023-09-20T14:00:00+00:00,2023-09-20T19:45:00+00:00,154.1600,153.4000,2.4502,0.2037,2.2464,0.0044,76.00,5.7500,30,eod
LIN,Long,2023-09-20T18:35:00+00:00,2023-09-20T19:45:00+00:00,381.4600,380.1600,-3.3391,-0.3097,-3.0295,0.0045,31.00,1.1667,305,eod
T,Short,2023-09-20T15:35:00+00:00,2023-09-20T19:45:00+00:00,15.6100,15.5700,2.2573,-0.9070,3.1643,0.0075,-757.00,4.1667,125,eod
UNH,Short,2023-09-21T14:00:00+00:00,2023-09-21T19:45:00+00:00,499.6200,502.0200,2.4219,-1.6843,4.1062,0.0050,-23.00,5.7500,30,eod
DIS,Long,2023-09-21T14:00:00+00:00,2023-09-21T19:45:00+00:00,82.7800,82.8200,1.2270,-1.6843,2.9112,0.0051,143.00,5.7500,30,eod
PYPL,Short,2023-09-21T14:00:00+00:00,2023-09-21T19:45:00+00:00,59.0900,58.8000,-3.1778,-1.6843,-1.4935,0.0055,-200.00,5.7500,30,eod
PYPL,Long,2023-09-21T14:35:00+00:00,2023-09-21T19:45:00+00:00,59.0900,58.8000,-3.1649,0.3298,-3.4946,0.0056,200.00,5.1667,65,eod
GOOGL,Long,2023-09-22T14:00:00+00:00,2023-09-22T19:45:00+00:00,131.0600,130.4600,1.9022,0.5396,1.3627,0.0031,89.00,5.7500,30,eod
NFLX,Short,2023-09-22T14:00:00+00:00,2023-09-22T19:45:00+00:00,38.2200,38.0400,-2.1185,0.5396,-2.6581,0.0051,-308.00,5.7500,30,eod
PFE,Long,2023-09-22T14:05:00+00:00,2023-09-22T19:45:00+00:00,32.6300,32.6700,-2.4253,0.7060,-3.1313,0.0036,361.00,5.6667,35,eod
SLB,Short,2023-09-25T14:00:00+00:00,2023-09-25T15:05:00+00:00,58.8900,59.4700,-1.1950,1.5579,-2.7529,0.0054,-199.00,1.0833,30,reversal
NVDA,Long,2023-09-25T14:15:00+00:00,2023-09-25T15:45:00+00:00,42.4600,42.2700,2.5268,1.2921,1.2347,0.0111,277.00,1.5000,45,reversal
SBUX,Long,2023-09-25T18:35:00+00:00,2023-09-25T19:45:00+00:00,92.5500,92.5900,-1.5997,1.4732,-3.0729,0.0044,126.00,1.1667,305,eod
AMZN,Short,2023-09-26T14:00:00+00:00,2023-09-26T17:40:00+00:00,127.6200,126.9700,-2.6533,-1.4982,-1.1551,0.0064,-91.00,3.6667,30,reversal
XOM,Long,2023-09-26T14:00:00+00:00,2023-09-26T19:45:00+00:00,116.2100,116.1800,1.0775,-1.4982,2.5758,0.0031,100.00,5.7500,30,eod
T,Short,2023-09-26T14:00:00+00:00,2023-09-26T19:45:00+00:00,15.0200,15.0100,3.4856,-1.4982,4.9838,0.0053,-779.00,5.7500,30,eod
COP,Long,2023-09-27T14:00:00+00:00,2023-09-27T19:45:00+00:00,122.4700,122.7900,1.5313,-0.6773,2.2086,0.0051,95.00,5.7500,30,eod
SLB,Short,2023-09-27T14:40:00+00:00,2023-09-27T19:45:00+00:00,60.6300,60.6400,2.5045,-0.7646,3.2690,0.0041,-193.00,5.0833,70,eod
SBUX,Short,2023-09-27T14:00:00+00:00,2023-09-27T19:45:00+00:00,91.7200,90.9500,-2.0954,-0.6773,-1.4182,0.0026,-127.00,5.7500,30,eod
PYPL,Long,2023-09-27T19:00:00+00:00,2023-09-27T19:45:00+00:00,57.5300,57.3200,-3.1470,0.1747,-3.3217,0.0091,204.00,0.7500,330,eod
AMD,Long,2023-09-28T14:00:00+00:00,2023-09-28T16:45:00+00:00,100.9800,103.1800,2.6604,1.6211,1.0392,0.0082,116.00,2.7500,30,reversal
SBUX,Long,2023-09-28T14:00:00+00:00,2023-09-28T19:45:00+00:00,90.6800,91.0900,-2.3586,1.6211,-3.9797,0.0026,129.00,5.7500,30,eod
DIS,Short,2023-09-28T14:00:00+00:00,2023-09-28T19:45:00+00:00,80.2500,80.0400,-1.3533,1.6211,-2.9744,0.0053,-146.00,5.7500,30,eod
ADBE,Long,2023-09-29T14:00:00+00:00,2023-09-29T19:45:00+00:00,516.9300,509.7200,3.9557,1.0976,2.8581,0.0047,22.00,5.7500,30,eod
ADBE,Short,2023-09-29T14:05:00+00:00,2023-09-29T19:45:00+00:00,517.2400,509.7200,4.2677,0.6384,3.6293,0.0045,-22.00,5.6667,35,eod
CAT,Short,2023-09-29T14:00:00+00:00,2023-09-29T19:45:00+00:00,276.7000,273.3300,-1.7777,1.0976,-2.8754,0.0049,-42.00,5.7500,30,eod
BAC,Long,2023-09-29T14:00:00+00:00,2023-09-29T19:45:00+00:00,27.6500,27.3800,-3.1031,1.0976,-4.2007,0.0030,427.00,5.7500,30,eod
XOM,Long,2023-10-02T14:00:00+00:00,2023-10-02T19:45:00+00:00,115.9500,115.3600,-3.3537,1.7197,-5.0734,0.0031,102.00,5.7500,30,eod
SCHW,Short,2023-10-02T14:00:00+00:00,2023-10-02T19:45:00+00:00,54.4800,53.4000,-1.1560,1.7197,-2.8757,0.0054,-217.00,5.7500,30,eod
PFE,Long,2023-10-02T14:00:00+00:00,2023-10-02T19:45:00+00:00,33.4500,33.8600,3.1331,1.7197,1.4134,0.0052,354.00,5.7500,30,eod
PFE,Short,2023-10-02T15:50:00+00:00,2023-10-02T19:45:00+00:00,33.5700,33.8600,3.2620,0.1895,3.0725,0.0061,-353.00,3.9167,140,eod
LLY,Short,2023-10-03T14:00:00+00:00,2023-10-03T14:30:00+00:00,526.0200,525.2500,-3.4352,-1.1218,-2.3134,0.0046,-22.00,0.5000,30,reversal
MU,Short,2023-10-03T14:00:00+00:00,2023-10-03T19:45:00+00:00,68.8800,67.6400,3.4669,-1.1218,4.5887,0.0051,-172.00,5.7500,30,eod
CVX,Long,2023-10-03T14:00:00+00:00,2023-10-03T19:45:00+00:00,166.7500,166.9700,1.1047,-1.1218,2.2265,0.0026,71.00,5.7500,30,eod
AVGO,Long,2023-10-04T14:00:00+00:00,2023-10-04T14:20:00+00:00,82.7000,81.9700,1.3993,-0.7133,2.1126,0.0050,144.00,0.3333,30,reversal
LLY,Short,2023-10-04T14:00:00+00:00,2023-10-04T14:45:00+00:00,533.5700,529.3500,2.5097,-0.7133,3.2231,0.0053,-22.00,0.7500,30,reversal
CVX,Long,2023-10-04T14:40:00+00:00,2023-10-04T19:45:00+00:00,161.8900,162.7900,-2.6334,0.7690,-3.4024,0.0034,73.00,5.0833,70,eod
PYPL,Short,2023-10-04T14:00:00+00:00,2023-10-04T19:45:00+00:00,57.5600,58.5500,-2.4472,-0.7133,-1.7339,0.0050,-207.00,5.7500,30,eod
TXN,Short,2023-10-05T14:00:00+00:00,2023-10-05T19:45:00+00:00,156.7000,155.4200,-3.5707,-2.3465,-1.2242,0.0032,-75.00,5.7500,30,eod
CVX,Short,2023-10-05T14:00:00+00:00,2023-10-05T19:45:00+00:00,163.4200,163.7300,2.0446,-2.3465,4.3912,0.0030,-72.00,5.7500,30,eod
LIN,Long,2023-10-05T17:25:00+00:00,2023-10-05T19:45:00+00:00,367.9700,370.1900,-4.2621,-1.1751,-3.0870,0.0078,32.00,2.3333,235,eod
NKE,Long,2023-10-05T14:00:00+00:00,2023-10-05T19:45:00+00:00,95.7800,95.9500,0.4968,-2.3465,2.8433,0.0044,124.00,5.7500,30,eod
GS,Long,2023-10-06T14:00:00+00:00,2023-10-06T14:15:00+00:00,309.6600,308.5400,1.3095,-0.6568,1.9662,0.0030,38.00,0.2500,30,reversal
CVX,Long,2023-10-06T14:00:00+00:00,2023-10-06T19:45:00+00:00,160.2500,162.9800,-4.8389,-0.6568,-4.1821,0.0036,74.00,5.7500,30,eod
CAT,Short,2023-10-06T14:00:00+00:00,2023-10-06T19:45:00+00:00,258.8600,266.7400,-2.5001,-0.6568,-1.8433,0.0051,-46.00,5.7500,30,eod
LLY,Long,2023-10-09T14:00:00+00:00,2023-10-09T14:20:00+00:00,578.0300,573.2700,2.4228,0.3236,2.0993,0.0070,20.00,0.3333,30,reversal
GE,Long,2023-10-09T14:00:00+00:00,2023-10-09T19:45:00+00:00,87.5700,87.9200,-2.7129,0.3236,-3.0365,0.0036,135.00,5.7500,30,eod
BAC,Short,2023-10-09T14:00:00+00:00,2023-10-09T19:45:00+00:00,25.8600,26.3000,-2.5379,0.3236,-2.8615,0.0029,-457.00,5.7500,30,eod
TSLA,Long,2023-10-10T14:00:00+00:00,2023-10-10T16:15:00+00:00,265.3900,266.2800,2.3634,1.2474,1.1160,0.0079,44.00,2.2500,30,reversal
XOM,Short,2023-10-10T14:00:00+00:00,2023-10-10T19:45:00+00:00,110.2100,110.6100,-1.5777,1.2474,-2.8252,0.0037,-106.00,5.7500,30,eod
CVX,Long,2023-10-10T14:30:00+00:00,2023-10-10T19:45:00+00:00,165.7800,166.5800,-1.4235,2.0056,-3.4291,0.0050,70.00,5.2500,60,eod
COP,Long,2023-10-11T14:00:00+00:00,2023-10-11T14:40:00+00:00,119.7400,118.6900,1.1065,-1.0794,2.1860,0.0043,98.00,0.6667,30,reversal
HD,Short,2023-10-11T14:00:00+00:00,2023-10-11T19:45:00+00:00,297.1400,297.7300,-2.9809,-1.0794,-1.9015,0.0037,-39.00,5.7500,30,eod
LLY,Short,2023-10-11T14:00:00+00:00,2023-10-11T19:45:00+00:00,602.2100,607.2500,2.8503,-1.0794,3.9297,0.0081,-19.00,5.7500,30,eod
JPM,Short,2023-10-12T14:00:00+00:00,2023-10-12T16:15:00+00:00,145.3700,146.8100,-2.3025,0.2064,-2.5089,0.0032,-80.00,2.2500,30,reversal
AVGO,Long,2023-10-12T14:00:00+00:00,2023-10-12T19:45:00+00:00,89.1600,90.5600,1.8854,0.2064,1.6790,0.0056,130.00,5.7500,30,eod
AVGO,Short,2023-10-12T14:35:00+00:00,2023-10-12T19:45:00+00:00,90.4300,90.5600,3.5550,0.4769,3.0781,0.0070,-129.00,5.1667,65,eod
DE,Long,2023-10-12T14:00:00+00:00,2023-10-12T19:45:00+00:00,381.5000,382.7000,-3.4848,0.2064,-3.6912,0.0044,30.00,5.7500,30,eod
JPM,Short,2023-10-13T14:00:00+00:00,2023-10-13T14:10:00+00:00,152.6400,150.5800,3.2502,-0.4220,3.6722,0.0038,-76.00,0.1667,30,reversal
T,Short,2023-10-13T14:00:00+00:00,2023-10-13T14:55:00+00:00,14.3400,14.3800,-2.7147,-0.4220,-2.2927,0.0056,-813.00,0.9167,30,reversal
TXN,Long,2023-10-13T14:00:00+00:00,2023-10-13T19:45:00+00:00,154.8000,152.8100,1.5497,-0.4220,1.9717,0.0036,75.00,5.7500,30,eod
MU,Long,2023-10-16T14:00:00+00:00,2023-10-16T19:45:00+00:00,69.3400,69.1900,2.0055,-0.2224,2.2279,0.0069,167.00,5.7500,30,eod
COP,Short,2023-10-16T14:00:00+00:00,2023-10-16T19:45:00+00:00,124.7900,125.3000,-2.0385,-0.2224,-1.8161,0.0040,-93.00,5.7500,30,eod
SCHW,Short,2023-10-16T14:00:00+00:00,2023-10-16T19:45:00+00:00,53.2100,53.7300,4.1196,-0.2224,4.3420,0.0077,-218.00,5.7500,30,eod
COIN,Long,2023-10-16T14:00:00+00:00,2023-10-16T19:45:00+00:00,74.0200,75.0300,-3.8477,-0.2224,-3.6253,0.0135,157.00,5.7500,30,eod
BAC,Short,2023-10-17T14:00:00+00:00,2023-10-17T15:10:00+00:00,27.0000,27.4800,-2.1560,-0.8857,-1.2703,0.0043,-430.00,1.1667,30,reversal
GS,Long,2023-10-17T14:00:00+00:00,2023-10-17T19:45:00+00:00,309.5600,309.0000,-4.6439,-0.8857,-3.7582,0.0036,37.00,5.7500,30,eod
COIN,Long,2023-10-17T14:00:00+00:00,2023-10-17T19:45:00+00:00,77.1600,77.4000,1.9589,-0.8857,2.8446,0.0148,150.00,5.7500,30,eod
BAC,Long,2023-10-18T14:00:00+00:00,2023-10-18T14:45:00+00:00,27.9400,27.5100,1.8089,-0.8722,2.6811,0.0046,413.00,0.7500,30,reversal
CAT,Short,2023-10-18T14:00:00+00:00,2023-10-18T15:15:00+00:00,260.9300,262.7700,-2.5202,-0.8722,-1.6480,0.0052,-44.00,1.2500,30,reversal
NVDA,Long,2023-10-18T14:15:00+00:00,2023-10-18T19:45:00+00:00,42.4000,41.8700,-2.8785,0.2013,-3.0798,0.0057,272.00,5.5000,45,eod
XOM,Short,2023-10-18T14:00:00+00:00,2023-10-18T19:45:00+00:00,113.1600,112.5300,2.4442,-0.8722,3.3164,0.0049,-102.00,5.7500,30,eod
AVGO,Short,2023-10-19T14:00:00+00:00,2023-10-19T16:00:00+00:00,87.0000,88.4400,-2.8045,-0.7699,-2.0346,0.0056,-131.00,2.0000,30,reversal
CAT,Long,2023-10-19T14:00:00+00:00,2023-10-19T19:35:00+00:00,258.4400,252.5500,1.4855,-0.7699,2.2553,0.0055,44.00,5.5833,30,reversal
NFLX,Short,2023-10-19T14:15:00+00:00,2023-10-19T19:45:00+00:00,40.3000,40.4200,3.0559,-0.2289,3.2847,0.0062,-282.00,5.5000,45,eod
UNH,Long,2023-10-19T14:10:00+00:00,2023-10-19T19:45:00+00:00,530.4400,531.7400,-2.9770,0.4163,-3.3932,0.0038,21.00,5.5833,40,eod
BAC,Short,2023-10-20T14:00:00+00:00,2023-10-20T15:40:00+00:00,26.4900,26.5400,-2.4537,0.5419,-2.9956,0.0047,-424.00,1.6667,30,reversal
SLB,Long,2023-10-20T14:00:00+00:00,2023-10-20T19:45:00+00:00,57.5800,58.4100,-5.1122,0.5419,-5.6541,0.0065,195.00,5.7500,30,eod
T,Long,2023-10-20T14:00:00+00:00,2023-10-20T19:45:00+00:00,15.6800,15.4100,2.9524,0.5419,2.4105,0.0053,717.00,5.7500,30,eod
T,Short,2023-10-20T14:05:00+00:00,2023-10-20T19:45:00+00:00,15.7600,15.4100,3.7233,0.1614,3.5619,0.0056,-714.00,5.6667,35,eod
NVDA,Long,2023-10-23T14:00:00+00:00,2023-10-23T19:45:00+00:00,41.8500,43.0000,2.6942,1.3614,1.3327,0.0063,271.00,5.7500,30,eod
NFLX,Short,2023-10-23T14:00:00+00:00,2023-10-23T19:45:00+00:00,40.1300,40.7100,-1.6076,1.3614,-2.9690,0.0069,-283.00,5.7500,30,eod
FCX,Long,2023-10-23T14:00:00+00:00,2023-10-23T19:45:00+00:00,33.5200,33.5200,-1.8490,1.3614,-3.2105,0.0061,339.00,5.7500,30,eod
COIN,Long,2023-10-24T14:00:00+00:00,2023-10-24T15:20:00+00:00,88.3500,85.0100,2.1268,-0.5995,2.7262,0.0181,129.00,1.3333,30,reversal
CVX,Long,2023-10-24T19:40:00+00:00,2023-10-24T19:45:00+00:00,157.7700,157.1700,-2.6821,0.3431,-3.0252,0.0058,71.00,0.0833,370,eod
GE,Short,2023-10-24T14:00:00+00:00,2023-10-24T19:45:00+00:00,89.6300,91.0100,2.5316,-0.5995,3.1311,0.0051,-127.00,5.7500,30,eod
LOW,Short,2023-10-24T14:00:00+00:00,2023-10-24T19:45:00+00:00,186.6500,186.0900,-2.0708,-0.5995,-1.4713,0.0046,-61.00,5.7500,30,eod
TXN,Short,2023-10-25T14:00:00+00:00,2023-10-25T15:40:00+00:00,140.9300,142.4200,-3.2019,-1.1531,-2.0488,0.0039,-79.00,1.6667,30,reversal
TSLA,Long,2023-10-25T14:00:00+00:00,2023-10-25T19:45:00+00:00,218.7000,212.6200,1.5726,-1.1531,2.7257,0.0101,51.00,5.7500,30,eod
META,Short,2023-10-25T14:00:00+00:00,2023-10-25T19:45:00+00:00,307.2300,299.7800,2.0206,-1.1531,3.1738,0.0052,-36.00,5.7500,30,eod
ADBE,Long,2023-10-26T14:00:00+00:00,2023-10-26T19:00:00+00:00,523.4300,518.3200,-0.2423,-3.1315,2.8892,0.0054,21.00,5.0000,30,reversal
MU,Long,2023-10-26T14:50:00+00:00,2023-10-26T19:45:00+00:00,64.5000,64.5900,-3.9576,-0.8682,-3.0894,0.0093,172.00,4.9167,80,eod
TXN,Short,2023-10-26T14:00:00+00:00,2023-10-26T19:45:00+00:00,145.8700,144.2600,3.2570,-3.1315,6.3885,0.0040,-76.00,5.7500,30,eod
GE,Short,2023-10-26T14:00:00+00:00,2023-10-26T19:45:00+00:00,86.6200,86.7400,-4.5682,-3.1315,-1.4367,0.0067,-128.00,5.7500,30,eod
AMZN,Long,2023-10-27T14:00:00+00:00,2023-10-27T19:45:00+00:00,128.5000,127.5500,3.2986,0.4746,2.8240,0.0050,86.00,5.7500,30,eod
AMZN,Short,2023-10-27T14:05:00+00:00,2023-10-27T19:45:00+00:00,128.4300,127.5500,2.8663,-0.4342,3.3005,0.0056,-86.00,5.6667,35,eod
BAC,Short,2023-10-27T14:00:00+00:00,2023-10-27T19:45:00+00:00,25.4900,25.1100,-2.4570,0.4746,-2.9316,0.0063,-436.00,5.7500,30,eod
NKE,Long,2023-10-27T14:00:00+00:00,2023-10-27T19:45:00+00:00,98.9800,97.9200,-3.0185,0.4746,-3.4931,0.0040,112.00,5.7500,30,eod
DE,Long,2023-10-30T14:00:00+00:00,2023-10-30T17:20:00+00:00,363.3200,366.5900,-2.4294,0.6317,-3.0610,0.0056,30.00,3.3333,30,reversal
QCOM,Short,2023-10-30T14:00:00+00:00,2023-10-30T19:45:00+00:00,107.6100,108.0100,-1.9353,0.6317,-2.5669,0.0057,-103.00,5.7500,30,eod
MSFT,Long,2023-10-30T14:00:00+00:00,2023-10-30T19:45:00+00:00,336.8200,337.8300,2.8269,0.6317,2.1952,0.0040,33.00,5.7500,30,eod
ADBE,Short,2023-10-30T14:15:00+00:00,2023-10-30T19:45:00+00:00,523.0000,528.9000,2.2827,-0.7299,3.0125,0.0080,-21.00,5.5000,45,eod
SBUX,Short,2023-10-31T14:00:00+00:00,2023-10-31T14:40:00+00:00,92.4500,92.9000,-2.4336,-1.2918,-1.1418,0.0025,-120.00,0.6667,30,reversal
XOM,Long,2023-10-31T14:00:00+00:00,2023-10-31T19:05:00+00:00,105.6500,105.7900,1.5483,-1.2918,2.8401,0.0055,105.00,5.0833,30,reversal
AMD,Long,2023-11-01T14:00:00+00:00,2023-11-01T19:45:00+00:00,103.0900,107.9900,2.7374,0.6201,2.1173,0.0063,107.00,5.7500,30,eod
MPC,Short,2023-11-01T14:00:00+00:00,2023-11-01T19:45:00+00:00,155.5300,155.8400,3.7159,0.6201,3.0958,0.0061,-71.00,5.7500,30,eod
SBUX,Long,2023-11-01T14:00:00+00:00,2023-11-01T19:45:00+00:00,90.6800,91.3800,-2.9317,0.6201,-3.5518,0.0028,122.00,5.7500,30,eod
DIS,Short,2023-11-01T14:00:00+00:00,2023-11-01T19:45:00+00:00,80.9900,80.8700,-1.3527,0.6201,-1.9728,0.0035,-136.00,5.7500,30,eod
META,Short,2023-11-02T14:00:00+00:00,2023-11-02T19:45:00+00:00,311.1300,310.4000,-1.8308,-0.0355,-1.7953,0.0069,-36.00,5.7500,30,eod
CVX,Long,2023-11-02T14:00:00+00:00,2023-11-02T19:45:00+00:00,146.5400,148.7700,2.2530,-0.0355,2.2885,0.0044,76.00,5.7500,30,eod
PYPL,Short,2023-11-02T15:00:00+00:00,2023-11-02T19:45:00+00:00,54.7600,55.0700,3.8789,0.7484,3.1305,0.0058,-206.00,4.7500,90,eod
AMZN,Short,2023-11-03T14:00:00+00:00,2023-11-03T19:45:00+00:00,138.2600,138.2600,-0.7566,1.3116,-2.0682,0.0048,-81.00,5.7500,30,eod
MPC,Long,2023-11-03T14:15:00+00:00,2023-11-03T19:45:00+00:00,151.5500,150.8400,-1.7324,1.3638,-3.0962,0.0087,74.00,5.5000,45,eod
SBUX,Long,2023-11-03T14:00:00+00:00,2023-11-03T19:45:00+00:00,102.5000,102.9800,3.8593,1.3116,2.5477,0.0038,110.00,5.7500,30,eod
SBUX,Short,2023-11-03T14:05:00+00:00,2023-11-03T19:45:00+00:00,102.7700,102.9800,5.2190,1.2723,3.9467,0.0033,-109.00,5.6667,35,eod
TXN,Short,2023-11-06T15:00:00+00:00,2023-11-06T20:45:00+00:00,147.4500,147.3100,-3.0952,-0.2750,-2.8203,0.0046,-76.00,5.7500,30,eod
TXN,Long,2023-11-06T15:30:00+00:00,2023-11-06T20:45:00+00:00,146.7700,147.3100,-3.2243,-0.0966,-3.1276,0.0058,76.00,5.2500,60,eod
LLY,Long,2023-11-06T15:00:00+00:00,2023-11-06T20:45:00+00:00,584.3600,593.9900,2.5585,-0.2750,2.8335,0.0080,19.00,5.7500,30,eod
LLY,Short,2023-11-06T15:10:00+00:00,2023-11-06T20:45:00+00:00,588.0900,593.9900,3.0436,-0.8049,3.8486,0.0089,-19.00,5.5833,40,eod
ADBE,Long,2023-11-07T15:55:00+00:00,2023-11-07T18:25:00+00:00,587.3200,582.3700,3.4506,2.1640,1.2866,0.0085,19.00,2.5000,85,reversal
COP,Short,2023-11-07T15:00:00+00:00,2023-11-07T20:45:00+00:00,115.1700,115.3000,-0.9974,1.7905,-2.7879,0.0045,-97.00,5.7500,30,eod
LIN,Long,2023-11-07T15:00:00+00:00,2023-11-07T20:45:00+00:00,385.5800,389.4300,-2.1370,1.7905,-3.9275,0.0045,29.00,5.7500,30,eod
LOW,Short,2023-11-08T17:40:00+00:00,2023-11-08T20:15:00+00:00,193.3200,194.7300,-1.8919,-0.8058,-1.0861,0.0053,-58.00,2.5833,190,reversal
HD,Long,2023-11-08T15:00:00+00:00,2023-11-08T20:45:00+00:00,296.7900,295.8800,1.5481,-1.3281,2.8762,0.0045,37.00,5.7500,30,eod
NKE,Short,2023-11-08T15:00:00+00:00,2023-11-08T20:45:00+00:00,110.2300,109.2600,1.9522,-1.3281,3.2803,0.0060,-102.00,5.7500,30,eod
MU,Short,2023-11-09T15:00:00+00:00,2023-11-09T20:45:00+00:00,75.6700,73.6100,3.3012,0.2207,3.0805,0.0072,-148.00,5.7500,30,eod
COP,Short,2023-11-09T15:00:00+00:00,2023-11-09T20:45:00+00:00,114.5900,114.2900,-2.2318,0.2207,-2.4526,0.0050,-98.00,5.7500,30,eod
DIS,Long,2023-11-09T15:00:00+00:00,2023-11-09T20:45:00+00:00,89.7000,90.1800,1.6992,0.2207,1.4785,0.0034,125.00,5.7500,30,eod
AMD,Long,2023-11-10T15:00:00+00:00,2023-11-10T17:55:00+00:00,116.8600,119.0900,3.3889,0.5910,2.7979,0.0070,97.00,2.9167,30,reversal
PFE,Short,2023-11-10T15:00:00+00:00,2023-11-10T20:45:00+00:00,29.3900,29.4600,-1.6795,0.5910,-2.2705,0.0060,-386.00,5.7500,30,eod
DIS,Long,2023-11-10T15:00:00+00:00,2023-11-10T20:45:00+00:00,87.6100,88.1400,-3.7089,0.5910,-4.2999,0.0044,129.00,5.7500,30,eod
LLY,Short,2023-11-13T17:30:00+00:00,2023-11-13T20:45:00+00:00,609.8300,612.0700,3.8163,0.5768,3.2394,0.0112,-18.00,3.2500,180,eod
DIS,Long,2023-11-13T15:00:00+00:00,2023-11-13T20:45:00+00:00,88.6100,89.6600,2.4785,-0.4146,2.8931,0.0048,128.00,5.7500,30,eod
COIN,Short,2023-11-13T15:05:00+00:00,2023-11-13T20:45:00+00:00,89.6600,92.2000,-1.7586,-0.3410,-1.4176,0.0155,-127.00,5.6667,35,eod
SCHW,Long,2023-11-14T15:00:00+00:00,2023-11-14T16:50:00+00:00,54.5500,55.9300,-1.9932,1.5631,-3.5562,0.0088,207.00,1.8333,30,reversal
SLB,Short,2023-11-14T15:00:00+00:00,2023-11-14T18:45:00+00:00,53.9300,54.5400,-1.0683,1.5631,-2.6314,0.0055,-210.00,3.7500,30,reversal
FCX,Long,2023-11-14T15:05:00+00:00,2023-11-14T20:45:00+00:00,35.4200,35.2300,3.2066,1.1774,2.0293,0.0050,319.00,5.6667,35,eod
FCX,Short,2023-11-14T15:55:00+00:00,2023-11-14T20:45:00+00:00,35.5700,35.2300,4.4363,0.8471,3.5892,0.0046,-318.00,4.8333,85,eod
NVDA,Short,2023-11-15T15:00:00+00:00,2023-11-15T20:45:00+00:00,49.0600,48.7500,-3.0639,-1.0787,-1.9852,0.0047,-232.00,5.7500,30,eod
DE,Short,2023-11-15T15:00:00+00:00,2023-11-15T20:45:00+00:00,379.9100,380.3600,2.1320,-1.0787,3.2107,0.0063,-30.00,5.7500,30,eod
FCX,Long,2023-11-15T15:00:00+00:00,2023-11-15T20:45:00+00:00,35.6900,35.9500,1.7556,-1.0787,2.8343,0.0058,319.00,5.7500,30,eod
TXN,Short,2023-11-16T15:00:00+00:00,2023-11-16T20:45:00+00:00,151.8800,151.9700,-1.7310,1.1359,-2.8669,0.0040,-75.00,5.7500,30,eod
AMZN,Long,2023-11-16T15:00:00+00:00,2023-11-16T20:45:00+00:00,142.6700,142.7500,2.7968,1.1359,1.6609,0.0066,80.00,5.7500,30,eod
GOOGL,Short,2023-11-16T15:15:00+00:00,2023-11-16T20:45:00+00:00,136.4900,136.8400,3.2909,-0.0145,3.3055,0.0043,-83.00,5.5000,45,eod
SLB,Long,2023-11-16T15:00:00+00:00,2023-11-16T20:45:00+00:00,52.2800,51.9600,-2.9469,1.1359,-4.0828,0.0061,218.00,5.7500,30,eod
FCX,Short,2023-11-17T15:00:00+00:00,2023-11-17T17:35:00+00:00,35.5800,36.1800,-2.4602,-0.1382,-2.3220,0.0060,-320.00,2.5833,30,reversal
MU,Long,2023-11-17T15:00:00+00:00,2023-11-17T20:45:00+00:00,77.6700,77.5600,1.8703,-0.1382,2.0085,0.0074,146.00,5.7500,30,eod
NVDA,Long,2023-11-20T15:00:00+00:00,2023-11-20T18:30:00+00:00,49.8000,49.8900,3.1570,1.0196,2.1374,0.0037,227.00,3.5000,30,reversal
SBUX,Short,2023-11-20T15:00:00+00:00,2023-11-20T20:45:00+00:00,104.4500,104.3100,-1.0688,1.0196,-2.0884,0.0053,-108.00,5.7500,30,eod
SBUX,Long,2023-11-20T15:55:00+00:00,2023-11-20T20:45:00+00:00,104.0800,104.3100,-2.1671,0.9029,-3.0700,0.0042,108.00,4.8333,85,eod
LOW,Short,2023-11-21T15:00:00+00:00,2023-11-21T15:15:00+00:00,198.4100,200.6800,-2.6913,-0.5655,-2.1259,0.0036,-57.00,0.2500,30,reversal
CRM,Long,2023-11-21T15:00:00+00:00,2023-11-21T19:05:00+00:00,225.5900,223.7500,1.4379,-0.5655,2.0033,0.0043,50.00,4.0833,30,reversal
TSLA,Short,2023-11-21T15:00:00+00:00,2023-11-21T20:45:00+00:00,242.4400,241.4900,2.7786,-0.5655,3.3441,0.0086,-46.00,5.7500,30,eod
NVDA,Short,2023-11-22T15:05:00+00:00,2023-11-22T20:45:00+00:00,47.8100,48.7800,-6.3204,-3.8176,-2.5028,0.0070,-235.00,5.6667,35,eod
NVDA,Long,2023-11-22T15:00:00+00:00,2023-11-22T20:45:00+00:00,47.9400,48.7800,-6.4459,-3.0773,-3.3685,0.0065,235.00,5.7500,30,eod
AMZN,Long,2023-11-22T15:00:00+00:00,2023-11-22T20:45:00+00:00,146.7200,146.5900,-0.2729,-3.0773,2.8045,0.0060,76.00,5.7500,30,eod
SLB,Short,2023-11-22T15:00:00+00:00,2023-11-22T20:45:00+00:00,51.7100,52.5300,1.8981,-3.0773,4.9754,0.0061,-217.00,5.7500,30,eod
NVDA,Short,2023-11-24T15:00:00+00:00,2023-11-27T14:30:00+00:00,48.2700,47.9000,-1.5121,-0.4585,-1.0536,0.0069,-230.00,71.5000,30,reversal
CVX,Long,2023-11-24T15:00:00+00:00,2023-11-27T14:35:00+00:00,145.8700,143.7700,2.0183,-0.4585,2.4768,0.0039,76.00,71.5833,30,reversal
XOM,Short,2023-11-24T15:00:00+00:00,2023-11-27T14:40:00+00:00,105.3700,103.4500,2.7213,-0.4585,3.1798,0.0042,-105.00,71.6667,30,reversal
UNH,Short,2023-11-27T15:00:00+00:00,2023-11-27T20:45:00+00:00,546.2400,543.5400,-1.5892,0.7588,-2.3480,0.0032,-20.00,5.7500,30,eod
UNH,Long,2023-11-27T15:05:00+00:00,2023-11-27T20:45:00+00:00,545.4900,543.5400,-2.1552,1.7297,-3.8849,0.0030,20.00,5.6667,35,eod
COIN,Long,2023-11-27T15:00:00+00:00,2023-11-27T20:45:00+00:00,117.5900,119.5200,1.8983,0.7588,1.1395,0.0171,94.00,5.7500,30,eod
MU,Short,2023-11-28T15:00:00+00:00,2023-11-28T20:45:00+00:00,74.5100,75.9100,-2.6258,-0.1798,-2.4460,0.0071,-149.00,5.7500,30,eod
MU,Long,2023-11-28T15:15:00+00:00,2023-11-28T20:45:00+00:00,74.0400,75.9100,-3.4270,-0.2565,-3.1705,0.0073,150.00,5.5000,45,eod
CVX,Long,2023-11-28T15:00:00+00:00,2023-11-28T20:45:00+00:00,145.3100,145.3900,1.5540,-0.1798,1.7338,0.0044,76.00,5.7500,30,eod
PYPL,Short,2023-11-29T15:00:00+00:00,2023-11-29T15:20:00+00:00,59.2600,58.9300,-2.3279,-0.7795,-1.5484,0.0064,-190.00,0.3333,30,reversal
GS,Long,2023-11-29T15:00:00+00:00,2023-11-29T20:45:00+00:00,339.8700,340.6500,1.3601,-0.7795,2.1396,0.0042,33.00,5.7500,30,eod
SCHW,Short,2023-11-29T15:00:00+00:00,2023-11-29T20:45:00+00:00,58.5500,59.7100,3.5786,-0.7795,4.3580,0.0060,-192.00,5.7500,30,eod
CRM,Short,2023-11-30T15:05:00+00:00,2023-11-30T19:10:00+00:00,246.3400,248.8700,-4.1357,-2.5889,-1.5468,0.0050,-45.00,4.0833,35,reversal
LIN,Short,2023-11-30T15:00:00+00:00,2023-11-30T20:45:00+00:00,415.1600,415.3300,2.9967,-3.1421,6.1388,0.0034,-27.00,5.7500,30,eod
NKE,Long,2023-11-30T15:00:00+00:00,2023-11-30T20:45:00+00:00,109.3800,109.9100,-0.5435,-3.1421,2.5987,0.0044,102.00,5.7500,30,eod
CVX,Long,2023-12-01T15:00:00+00:00,2023-12-01T18:00:00+00:00,145.6500,145.7700,2.9691,1.1412,1.8280,0.0045,76.00,3.0000,30,reversal
MSFT,Short,2023-12-01T15:00:00+00:00,2023-12-01T20:45:00+00:00,375.0600,374.2900,-0.9266,1.1412,-2.0678,0.0042,-29.00,5.7500,30,eod
MSFT,Long,2023-12-01T16:10:00+00:00,2023-12-01T20:45:00+00:00,373.0700,374.2900,-1.5787,1.4422,-3.0209,0.0058,29.00,4.5833,100,eod
CRM,Short,2023-12-01T15:20:00+00:00,2023-12-01T20:45:00+00:00,256.8500,260.0700,3.2269,0.1819,3.0450,0.0049,-43.00,5.4167,50,eod
LLY,Short,2023-12-04T15:00:00+00:00,2023-12-04T15:25:00+00:00,575.4800,576.7100,-2.7275,-0.3796,-2.3479,0.0063,-19.00,0.4167,30,reversal
HD,Long,2023-12-04T15:00:00+00:00,2023-12-04T20:45:00+00:00,324.2000,324.0600,2.2971,-0.3796,2.6768,0.0033,34.00,5.7500,30,eod
LOW,Short,2023-12-04T15:00:00+00:00,2023-12-04T20:45:00+00:00,207.7500,207.6500,2.9377,-0.3796,3.3173,0.0045,-53.00,5.7500,30,eod
AMZN,Long,2023-12-05T15:10:00+00:00,2023-12-05T20:45:00+00:00,147.4100,146.9000,3.7962,2.4787,1.3176,0.0075,75.00,5.5833,40,eod
COP,Short,2023-12-05T15:00:00+00:00,2023-12-05T20:45:00+00:00,114.5100,113.5600,-0.0870,2.9069,-2.9939,0.0050,-97.00,5.7500,30,eod
BAC,Long,2023-12-05T15:00:00+00:00,2023-12-05T20:45:00+00:00,30.5700,30.5500,-1.8031,2.9069,-4.7100,0.0031,364.00,5.7500,30,eod
SBUX,Short,2023-12-06T15:00:00+00:00,2023-12-06T16:25:00+00:00,95.4800,96.4700,-3.5405,-0.9885,-2.5520,0.0038,-116.00,1.4167,30,reversal
DE,Long,2023-12-06T15:00:00+00:00,2023-12-06T20:45:00+00:00,369.0300,365.5300,1.8312,-0.9885,2.8197,0.0050,30.00,5.7500,30,eod
JPM,Long,2023-12-06T16:00:00+00:00,2023-12-06T20:45:00+00:00,157.1700,156.1700,-3.6618,-0.5710,-3.0908,0.0034,70.00,4.7500,90,eod
T,Short,2023-12-06T15:00:00+00:00,2023-12-06T20:45:00+00:00,17.2200,16.9800,4.8059,-0.9885,5.7944,0.0038,-646.00,5.7500,30,eod
DIS,Long,2023-12-07T15:00:00+00:00,2023-12-07T19:25:00+00:00,92.5700,92.5800,1.9048,-0.9267,2.8315,0.0039,119.00,4.4167,30,reversal
DIS,Short,2023-12-07T15:05:00+00:00,2023-12-07T19:25:00+00:00,92.6900,92.5800,2.0876,-1.0485,3.1361,0.0042,-119.00,4.3333,35,reversal
GE,Short,2023-12-07T15:00:00+00:00,2023-12-07T20:45:00+00:00,94.9600,95.0100,-2.4375,-0.9267,-1.5109,0.0030,-116.00,5.7500,30,eod
GE,Long,2023-12-07T16:55:00+00:00,2023-12-07T20:45:00+00:00,94.6300,95.0100,-2.1252,0.9671,-3.0923,0.0051,117.00,3.8333,145,eod
PYPL,Long,2023-12-08T15:00:00+00:00,2023-12-08T17:45:00+00:00,59.3900,59.0400,3.4699,1.5631,1.9069,0.0071,186.00,2.7500,30,reversal
NFLX,Short,2023-12-08T15:00:00+00:00,2023-12-08T20:45:00+00:00,45.3400,45.3000,-0.6412,1.5631,-2.2042,0.0027,-244.00,5.7500,30,eod
UNH,Long,2023-12-08T15:00:00+00:00,2023-12-08T20:45:00+00:00,546.4100,551.3100,-2.1588,1.5631,-3.7219,0.0034,20.00,5.7500,30,eod
AMD,Long,2023-12-11T15:00:00+00:00,2023-12-11T20:45:00+00:00,132.4600,134.4200,3.4935,0.8878,2.6057,0.0071,83.00,5.7500,30,eod
AMD,Short,2023-12-11T15:10:00+00:00,2023-12-11T20:45:00+00:00,133.7200,134.4200,4.3858,1.1431,3.2427,0.0079,-83.00,5.5833,40,eod
GE,Short,2023-12-11T15:00:00+00:00,2023-12-11T20:45:00+00:00,95.7900,95.8400,-1.6680,0.8878,-2.5558,0.0027,-115.00,5.7500,30,eod
LLY,Long,2023-12-11T15:00:00+00:00,2023-12-11T20:45:00+00:00,583.1000,584.1100,-3.3574,0.8878,-4.2452,0.0058,19.00,5.7500,30,eod
AVGO,Long,2023-12-12T15:00:00+00:00,2023-12-12T20:45:00+00:00,105.6100,107.3700,2.1743,1.0078,1.1665,0.0081,105.00,5.7500,30,eod
NFLX,Short,2023-12-12T15:00:00+00:00,2023-12-12T20:45:00+00:00,46.0700,46.2900,-1.2774,1.0078,-2.2852,0.0034,-240.00,5.7500,30,eod
PYPL,Long,2023-12-12T15:00:00+00:00,2023-12-12T20:45:00+00:00,58.2100,58.8000,-2.0484,1.0078,-3.0562,0.0078,190.00,5.7500,30,eod
NFLX,Short,2023-12-13T15:15:00+00:00,2023-12-13T20:45:00+00:00,47.0600,48.1000,3.1920,-0.1185,3.3106,0.0044,-237.00,5.5000,45,eod
SLB,Short,2023-12-13T15:00:00+00:00,2023-12-13T20:45:00+00:00,48.6700,49.1800,-1.9629,-0.4806,-1.4822,0.0083,-229.00,5.7500,30,eod
LLY,Long,2023-12-13T15:00:00+00:00,2023-12-13T20:45:00+00:00,590.5000,596.4000,1.8485,-0.4806,2.3292,0.0066,18.00,5.7500,30,eod
SLB,Long,2023-12-14T15:00:00+00:00,2023-12-14T20:45:00+00:00,51.1400,52.4900,2.3182,-0.6387,2.9570,0.0090,216.00,5.7500,30,eod
GS,Short,2023-12-14T15:00:00+00:00,2023-12-14T20:45:00+00:00,380.2500,382.9700,5.7103,-0.6387,6.3490,0.0044,-29.00,5.7500,30,eod
LLY,Short,2023-12-14T15:00:00+00:00,2023-12-14T20:45:00+00:00,581.8000,572.3200,-2.1142,-0.6387,-1.4755,0.0071,-19.00,5.7500,30,eod
AVGO,Long,2023-12-15T15:00:00+00:00,2023-12-15T20:45:00+00:00,114.5900,113.0300,2.5148,0.7305,1.7843,0.0108,97.00,5.7500,30,eod
COP,Short,2023-12-15T15:00:00+00:00,2023-12-15T20:45:00+00:00,114.5300,114.9300,-1.9389,0.7305,-2.6694,0.0047,-97.00,5.7500,30,eod
COP,Long,2023-12-15T15:20:00+00:00,2023-12-15T20:45:00+00:00,113.6700,114.9300,-2.5003,0.7950,-3.2953,0.0066,98.00,5.4167,50,eod
NFLX,Long,2023-12-18T15:00:00+00:00,2023-12-18T16:55:00+00:00,48.8100,48.3500,2.7896,0.6058,2.1837,0.0043,229.00,1.9167,30,reversal
T,Short,2023-12-18T15:00:00+00:00,2023-12-18T20:45:00+00:00,16.5200,16.4500,-2.2755,0.6058,-2.8813,0.0055,-677.00,5.7500,30,eod
T,Long,2023-12-18T16:55:00+00:00,2023-12-18T20:45:00+00:00,16.5100,16.4500,-2.5142,0.5169,-3.0311,0.0052,675.00,3.8333,145,eod
AMZN,Short,2023-12-19T15:00:00+00:00,2023-12-19T20:45:00+00:00,153.0000,153.3700,-1.3350,-0.0965,-1.2385,0.0065,-72.00,5.7500,30,eod
GS,Long,2023-12-19T15:00:00+00:00,2023-12-19T20:45:00+00:00,380.8600,383.1500,2.3679,-0.0965,2.4644,0.0049,29.00,5.7500,30,eod
TSLA,Long,2023-12-20T15:00:00+00:00,2023-12-20T15:35:00+00:00,259.4200,257.7900,1.9403,0.6840,1.2563,0.0081,42.00,0.5833,30,reversal
LIN,Short,2023-12-20T15:00:00+00:00,2023-12-20T20:00:00+00:00,407.6400,407.8900,-1.7694,0.6840,-2.4534,0.0047,-27.00,5.0000,30,reversal
PFE,Long,2023-12-20T15:25:00+00:00,2023-12-20T20:00:00+00:00,27.7500,27.7500,-2.0225,0.9883,-3.0108,0.0063,400.00,4.5833,55,reversal
AAPL,Short,2023-12-21T15:00:00+00:00,2023-12-21T20:45:00+00:00,195.4700,194.6400,-2.7418,-1.0006,-1.7412,0.0027,-56.00,5.7500,30,eod
GE,Long,2023-12-21T15:00:00+00:00,2023-12-21T20:45:00+00:00,99.7800,100.9600,0.9023,-1.0006,1.9028,0.0040,111.00,5.7500,30,eod
SCHW,Long,2023-12-22T15:00:00+00:00,2023-12-22T15:15:00+00:00,69.0500,68.5100,2.0872,0.5735,1.5137,0.0041,161.00,0.2500,30,reversal
NKE,Short,2023-12-22T15:00:00+00:00,2023-12-22T16:00:00+00:00,109.3400,110.1400,-1.3732,0.5735,-1.9468,0.0038,-101.00,1.0000,30,reversal
NKE,Long,2023-12-22T15:20:00+00:00,2023-12-22T16:00:00+00:00,108.6700,110.1400,-2.9926,0.2103,-3.2029,0.0038,102.00,0.6667,50,reversal
COIN,Short,2023-12-22T16:55:00+00:00,2023-12-22T20:45:00+00:00,177.0700,174.9900,2.8318,-0.1745,3.0063,0.0145,-63.00,3.8333,145,eod
MU,Long,2023-12-26T15:00:00+00:00,2023-12-26T17:55:00+00:00,87.6800,87.0400,1.7878,0.1928,1.5950,0.0057,127.00,2.9167,30,reversal
NKE,Short,2023-12-26T15:00:00+00:00,2023-12-26T18:00:00+00:00,107.6600,108.4000,-1.5884,0.1928,-1.7812,0.0037,-104.00,3.0000,30,reversal
GOOGL,Short,2023-12-27T15:00:00+00:00,2023-12-27T20:45:00+00:00,140.7000,140.1400,-1.7660,0.0349,-1.8009,0.0036,-79.00,5.7500,30,eod
COIN,Long,2023-12-27T15:00:00+00:00,2023-12-27T20:45:00+00:00,185.7800,185.8400,3.0128,0.0349,2.9779,0.0144,60.00,5.7500,30,eod
COIN,Short,2023-12-27T15:10:00+00:00,2023-12-27T20:45:00+00:00,184.0300,185.8400,2.2017,-1.3100,3.5117,0.0152,-60.00,5.5833,40,eod
GOOGL,Short,2023-12-28T15:00:00+00:00,2023-12-28T16:20:00+00:00,139.8200,140.3400,-1.5695,-0.3617,-1.2078,0.0040,-79.00,1.3333,30,reversal
TSLA,Long,2023-12-28T19:00:00+00:00,2023-12-28T20:45:00+00:00,255.9800,253.8400,-3.2226,-0.1120,-3.1106,0.0092,43.00,1.7500,270,eod
T,Long,2023-12-28T15:00:00+00:00,2023-12-28T20:45:00+00:00,16.8200,16.7500,2.4577,-0.3617,2.8194,0.0046,658.00,5.7500,30,eod
T,Short,2023-12-28T15:05:00+00:00,2023-12-28T20:45:00+00:00,16.8200,16.7500,2.6149,-0.4316,3.0465,0.0044,-658.00,5.6667,35,eod
CVX,Long,2023-12-29T15:00:00+00:00,2023-12-29T15:30:00+00:00,150.1000,149.2900,1.8868,-0.1093,1.9961,0.0020,73.00,0.5000,30,reversal
AAPL,Short,2023-12-29T15:00:00+00:00,2023-12-29T16:15:00+00:00,193.4000,192.3400,-1.7478,-0.1093,-1.6385,0.0019,-57.00,1.2500,30,reversal
LIN,Short,2023-12-29T15:40:00+00:00,2023-12-29T20:45:00+00:00,411.3400,410.9800,1.6913,-1.4077,3.0989,0.0037,-26.00,5.0833,70,eod
COIN,Short,2024-01-02T15:00:00+00:00,2024-01-02T15:05:00+00:00,165.7200,169.4700,-3.0562,-1.7316,-1.3246,0.0145,-66.00,0.0833,30,reversal
SBUX,Long,2024-01-02T17:10:00+00:00,2024-01-02T20:45:00+00:00,94.1900,93.8400,-4.0562,-0.9402,-3.1160,0.0044,115.00,3.5833,160,eod
UNH,Long,2024-01-02T15:00:00+00:00,2024-01-02T20:45:00+00:00,532.4700,538.7800,1.2339,-1.7316,2.9655,0.0039,20.00,5.7500,30,eod
PFE,Short,2024-01-02T15:00:00+00:00,2024-01-02T20:45:00+00:00,29.5700,29.7800,3.4359,-1.7316,5.1675,0.0050,-372.00,5.7500,30,eod
JPM,Long,2024-01-03T15:00:00+00:00,2024-01-03T16:40:00+00:00,170.6000,171.4200,-2.8274,1.0339,-3.8613,0.0023,64.00,1.6667,30,reversal
AAPL,Short,2024-01-03T15:00:00+00:00,2024-01-03T20:45:00+00:00,184.8200,184.2500,-1.8424,1.0339,-2.8762,0.0024,-59.00,5.7500,30,eod
MPC,Long,2024-01-03T15:00:00+00:00,2024-01-03T20:45:00+00:00,155.7000,158.3400,3.2060,1.0339,2.1721,0.0058,70.00,5.7500,30,eod
MPC,Short,2024-01-03T15:05:00+00:00,2024-01-03T20:45:00+00:00,156.4200,158.3400,3.4881,-0.0846,3.5726,0.0067,-70.00,5.6667,35,eod
COP,Long,2024-01-04T15:05:00+00:00,2024-01-04T20:45:00+00:00,119.4500,116.5100,-2.5437,1.2164,-3.7601,0.0042,91.00,5.6667,35,eod
JPM,Long,2024-01-04T15:00:00+00:00,2024-01-04T20:45:00+00:00,172.7200,171.6500,2.9294,0.6425,2.2869,0.0027,63.00,5.7500,30,eod
DIS,Short,2024-01-04T15:00:00+00:00,2024-01-04T20:45:00+00:00,90.6500,90.8100,-2.3119,0.6425,-2.9543,0.0029,-120.00,5.7500,30,eod
PYPL,Short,2024-01-04T15:00:00+00:00,2024-01-04T20:45:00+00:00,58.2300,58.5700,3.9501,0.6425,3.3076,0.0030,-187.00,5.7500,30,eod
LOW,Long,2024-01-05T15:00:00+00:00,2024-01-05T15:35:00+00:00,214.0100,213.5100,3.6522,2.1629,1.4893,0.0022,50.00,0.5833,30,reversal
NFLX,Short,2024-01-05T15:00:00+00:00,2024-01-05T17:35:00+00:00,47.6100,47.5000,-0.7149,2.1629,-2.8778,0.0053,-226.00,2.5833,30,reversal
UNH,Long,2024-01-05T15:00:00+00:00,2024-01-05T20:45:00+00:00,538.5000,538.2400,-2.5350,2.1629,-4.6979,0.0037,19.00,5.7500,30,eod
T,Short,2024-01-05T19:50:00+00:00,2024-01-05T20:45:00+00:00,17.4300,17.4500,1.9166,-1.1187,3.0353,0.0064,-616.00,0.9167,320,eod
NVDA,Long,2024-01-08T15:00:00+00:00,2024-01-08T19:35:00+00:00,51.1400,51.6800,5.5821,3.2581,2.3240,0.0043,210.00,4.5833,30,reversal
NVDA,Short,2024-01-08T15:05:00+00:00,2024-01-08T19:35:00+00:00,51.3000,51.6800,5.7912,2.6882,3.1031,0.0047,-209.00,4.5000,35,reversal
TSLA,Short,2024-01-08T15:00:00+00:00,2024-01-08T20:45:00+00:00,238.0300,240.4500,0.3133,3.2581,-2.9448,0.0075,-45.00,5.7500,30,eod
JPM,Long,2024-01-08T15:00:00+00:00,2024-01-08T20:45:00+00:00,169.6900,171.5300,-3.9452,3.2581,-7.2033,0.0033,63.00,5.7500,30,eod
GE,Long,2024-01-09T15:00:00+00:00,2024-01-09T16:40:00+00:00,102.1900,102.3000,1.8148,-0.6940,2.5088,0.0041,104.00,1.6667,30,reversal
CVX,Short,2024-01-09T15:05:00+00:00,2024-01-09T20:45:00+00:00,147.5300,145.7700,-1.7992,0.2799,-2.0792,0.0028,-72.00,5.6667,35,eod
CVX,Long,2024-01-09T15:20:00+00:00,2024-01-09T20:45:00+00:00,147.1500,145.7700,-2.3794,0.9637,-3.3430,0.0032,72.00,5.4167,50,eod
QCOM,Short,2024-01-10T15:00:00+00:00,2024-01-10T20:45:00+00:00,138.0900,138.9200,-2.7861,-1.4127,-1.3734,0.0034,-77.00,5.7500,30,eod
META,Short,2024-01-10T15:00:00+00:00,2024-01-10T20:45:00+00:00,366.5300,369.8400,2.0822,-1.4127,3.4949,0.0060,-29.00,5.7500,30,eod
MSFT,Long,2024-01-10T15:00:00+00:00,2024-01-10T20:45:00+00:00,379.4700,381.8400,0.8783,-1.4127,2.2909,0.0031,28.00,5.7500,30,eod
NFLX,Long,2024-01-10T15:55:00+00:00,2024-01-10T20:45:00+00:00,47.5100,47.8400,-2.3397,0.7773,-3.1171,0.0077,224.00,4.8333,85,eod
QCOM,Short,2024-01-11T15:15:00+00:00,2024-01-11T16:15:00+00:00,137.4600,136.5300,-4.0966,-2.9137,-1.1829,0.0034,-77.00,1.0000,45,reversal
DE,Short,2024-01-11T15:00:00+00:00,2024-01-11T19:05:00+00:00,394.7400,391.6200,0.7009,-3.2394,3.9404,0.0040,-27.00,4.0833,30,reversal
TXN,Long,2024-01-11T15:00:00+00:00,2024-01-11T20:00:00+00:00,166.5500,165.9000,-0.3798,-3.2394,2.8596,0.0043,64.00,5.0000,30,reversal
T,Long,2024-01-11T20:25:00+00:00,2024-01-11T20:45:00+00:00,16.2000,16.2100,-4.3675,-0.8294,-3.5381,0.0069,659.00,0.3333,355,eod
JPM,Long,2024-01-12T15:00:00+00:00,2024-01-12T20:45:00+00:00,171.9800,169.3100,-4.5606,-0.8000,-3.7606,0.0050,62.00,5.7500,30,eod
GS,Short,2024-01-12T15:00:00+00:00,2024-01-12T20:45:00+00:00,379.5000,378.3400,-3.5276,-0.8000,-2.7276,0.0043,-28.00,5.7500,30,eod
PFE,Long,2024-01-12T15:00:00+00:00,2024-01-12T20:45:00+00:00,28.8800,28.7400,1.1847,-0.8000,1.9848,0.0077,369.00,5.7500,30,eod
LIN,Long,2024-01-16T15:00:00+00:00,2024-01-16T15:25:00+00:00,409.2600,409.0500,2.1836,-0.7848,2.9684,0.0028,25.00,0.4167,30,reversal
TSLA,Short,2024-01-16T15:00:00+00:00,2024-01-16T20:45:00+00:00,219.1600,219.5200,3.5704,-0.7848,4.3552,0.0091,-48.00,5.7500,30,eod
COP,Short,2024-01-16T15:00:00+00:00,2024-01-16T20:45:00+00:00,109.7100,108.6700,-2.9120,-0.7848,-2.1273,0.0050,-96.00,5.7500,30,eod
COP,Long,2024-01-16T15:10:00+00:00,2024-01-16T20:45:00+00:00,109.2900,108.6700,-2.9501,0.3553,-3.3054,0.0062,96.00,5.5833,40,eod
XOM,Long,2024-01-17T15:00:00+00:00,2024-01-17T16:05:00+00:00,97.8400,97.2200,1.7938,-0.8979,2.6917,0.0047,108.00,1.0833,30,reversal
SCHW,Short,2024-01-17T15:00:00+00:00,2024-01-17T20:45:00+00:00,61.5800,63.5500,5.6946,-0.8979,6.5925,0.0043,-171.00,5.7500,30,eod
NKE,Short,2024-01-17T15:00:00+00:00,2024-01-17T20:45:00+00:00,100.5400,100.7600,-2.6583,-0.8979,-1.7604,0.0028,-105.00,5.7500,30,eod
DIS,Long,2024-01-17T15:00:00+00:00,2024-01-17T20:45:00+00:00,91.4800,90.3900,-5.0724,-0.8979,-4.1746,0.0045,115.00,5.7500,30,eod
SCHW,Long,2024-01-18T15:00:00+00:00,2024-01-18T16:20:00+00:00,62.5800,62.2700,1.4784,-1.0289,2.5073,0.0045,166.00,1.3333,30,reversal
NKE,Short,2024-01-18T15:00:00+00:00,2024-01-18T18:30:00+00:00,100.3800,100.3400,-2.7296,-1.0289,-1.7006,0.0030,-103.00,3.5000,30,reversal
UNH,Short,2024-01-18T18:10:00+00:00,2024-01-18T20:45:00+00:00,509.9500,516.1000,2.2576,-1.0666,3.3241,0.0070,-20.00,2.5833,220,eod
DIS,Long,2024-01-19T15:00:00+00:00,2024-01-19T15:30:00+00:00,93.2000,92.1400,2.8783,0.6903,2.1880,0.0053,110.00,0.5000,30,reversal
PYPL,Short,2024-01-19T15:30:00+00:00,2024-01-19T19:00:00+00:00,64.7900,65.3900,3.3430,0.1797,3.1633,0.0100,-158.00,3.5000,60,reversal
SLB,Long,2024-01-19T15:25:00+00:00,2024-01-19T20:45:00+00:00,49.0300,49.5300,-2.4946,0.6834,-3.1780,0.0066,209.00,5.3333,55,eod
UNH,Short,2024-01-19T15:00:00+00:00,2024-01-19T20:45:00+00:00,512.4700,502.9000,-2.1259,0.6903,-2.8162,0.0039,-20.00,5.7500,30,eod
TSLA,Long,2024-01-22T15:00:00+00:00,2024-01-22T15:45:00+00:00,216.6900,209.3300,1.2869,-1.5038,2.7908,0.0094,47.00,0.7500,30,reversal
MU,Short,2024-01-22T15:05:00+00:00,2024-01-22T16:05:00+00:00,88.5700,88.5900,-2.3295,-0.9921,-1.3374,0.0064,-116.00,1.0000,35,reversal
LOW,Short,2024-01-22T15:00:00+00:00,2024-01-22T20:45:00+00:00,219.9200,219.7400,3.5964,-1.5038,5.1003,0.0043,-46.00,5.7500,30,eod
LLY,Long,2024-01-23T15:00:00+00:00,2024-01-23T16:30:00+00:00,615.4500,624.2400,-2.3624,0.9518,-3.3142,0.0050,16.00,1.5000,30,reversal
GE,Long,2024-01-23T15:00:00+00:00,2024-01-23T20:45:00+00:00,103.2900,103.9900,2.9527,0.9518,2.0009,0.0054,98.00,5.7500,30,eod
GE,Short,2024-01-23T15:10:00+00:00,2024-01-23T20:45:00+00:00,104.2300,103.9900,4.3429,1.2553,3.0876,0.0058,-98.00,5.5833,40,eod
DIS,Short,2024-01-23T15:00:00+00:00,2024-01-23T20:45:00+00:00,93.7100,93.7700,-1.8787,0.9518,-2.8305,0.0060,-108.00,5.7500,30,eod
NFLX,Long,2024-01-24T15:00:00+00:00,2024-01-24T16:25:00+00:00,55.8600,55.0100,2.3787,-0.1723,2.5510,0.0088,184.00,1.4167,30,reversal
GE,Short,2024-01-24T15:00:00+00:00,2024-01-24T20:00:00+00:00,101.6000,103.2500,-2.6622,-0.1723,-2.4899,0.0058,-101.00,5.0000,30,reversal
AVGO,Short,2024-01-24T18:35:00+00:00,2024-01-24T20:45:00+00:00,127.5700,125.4700,3.8204,0.7486,3.0718,0.0089,-79.00,2.1667,245,eod
T,Long,2024-01-24T15:10:00+00:00,2024-01-24T20:45:00+00:00,16.7100,16.7400,-2.4264,0.6462,-3.0726,0.0051,612.00,5.5833,40,eod
MPC,Long,2024-01-25T15:00:00+00:00,2024-01-25T15:30:00+00:00,157.2600,156.0900,1.6588,-0.7358,2.3946,0.0047,64.00,0.5000,30,reversal
QCOM,Short,2024-01-25T15:00:00+00:00,2024-01-25T20:45:00+00:00,155.2900,154.5400,-2.2434,-0.7358,-1.5076,0.0056,-65.00,5.7500,30,eod
CAT,Short,2024-01-25T15:00:00+00:00,2024-01-25T20:45:00+00:00,299.5000,299.6200,2.5460,-0.7358,3.2818,0.0058,-34.00,5.7500,30,eod
COP,Long,2024-01-26T17:10:00+00:00,2024-01-26T18:45:00+00:00,110.5600,111.6600,-2.2525,0.8088,-3.0613,0.0059,92.00,1.5833,160,reversal
NFLX,Short,2024-01-26T17:40:00+00:00,2024-01-26T20:45:00+00:00,57.7500,56.8800,2.8492,-0.2396,3.0888,0.0099,-176.00,3.0833,190,eod
SBUX,Short,2024-01-26T15:05:00+00:00,2024-01-26T20:45:00+00:00,92.5700,92.8100,-1.8968,-0.8057,-1.0911,0.0040,-110.00,5.6667,35,eod
UNH,Long,2024-01-26T15:00:00+00:00,2024-01-26T20:45:00+00:00,496.6300,502.4500,2.1953,-0.7893,2.9845,0.0056,20.00,5.7500,30,eod
SBUX,Short,2024-01-29T15:00:00+00:00,2024-01-29T17:35:00+00:00,92.3400,93.1900,-2.0996,-0.4989,-1.6007,0.0033,-111.00,2.5833,30,reversal
MSFT,Long,2024-01-29T15:00:00+00:00,2024-01-29T20:25:00+00:00,407.2000,409.2600,1.8339,-0.4989,2.3328,0.0032,25.00,5.4167,30,reversal
COIN,Short,2024-01-29T15:55:00+00:00,2024-01-29T20:35:00+00:00,135.2300,132.2000,3.2069,-0.3918,3.5987,0.0207,-75.00,4.6667,85,reversal
GS,Short,2024-01-30T15:00:00+00:00,2024-01-30T17:30:00+00:00,382.6400,383.3700,-2.6584,-0.6323,-2.0261,0.0038,-27.00,2.5000,30,reversal
MPC,Short,2024-01-30T15:40:00+00:00,2024-01-30T20:45:00+00:00,163.7500,169.9300,2.7033,-0.5975,3.3009,0.0066,-63.00,5.0833,70,eod
BAC,Long,2024-01-30T15:00:00+00:00,2024-01-30T20:45:00+00:00,34.3600,34.8000,1.2512,-0.6323,1.8835,0.0056,300.00,5.7500,30,eod
PFE,Long,2024-01-30T15:00:00+00:00,2024-01-30T20:45:00+00:00,27.1200,27.1000,-3.9360,-0.6323,-3.3037,0.0084,381.00,5.7500,30,eod
LLY,Short,2024-01-31T15:00:00+00:00,2024-01-31T15:25:00+00:00,661.4400,650.0000,2.4396,-0.9398,3.3794,0.0041,-15.00,0.4167,30,reversal
MSFT,Long,2024-01-31T15:00:00+00:00,2024-01-31T20:45:00+00:00,405.1700,398.6100,-4.8941,-0.9398,-3.9543,0.0043,25.00,5.7500,30,eod
MPC,Short,2024-01-31T15:00:00+00:00,2024-01-31T20:45:00+00:00,168.3100,165.9200,-3.0555,-0.9398,-2.1158,0.0053,-60.00,5.7500,30,eod
T,Long,2024-01-31T15:00:00+00:00,2024-01-31T20:45:00+00:00,17.6600,17.7000,1.4811,-0.9398,2.4208,0.0042,579.00,5.7500,30,eod
AMZN,Long,2024-02-01T15:00:00+00:00,2024-02-01T17:10:00+00:00,158.6500,157.6600,2.1071,-0.4188,2.5259,0.0045,64.00,2.1667,30,reversal
BAC,Short,2024-02-01T15:00:00+00:00,2024-02-01T20:45:00+00:00,33.5400,33.5200,-2.9287,-0.4188,-2.5099,0.0066,-306.00,5.7500,30,eod
BAC,Long,2024-02-01T15:05:00+00:00,2024-02-01T20:45:00+00:00,33.6100,33.5200,-2.5613,0.6272,-3.1885,0.0067,305.00,5.6667,35,eod
LLY,Short,2024-02-01T16:20:00+00:00,2024-02-01T20:45:00+00:00,652.8500,657.7500,2.3140,-0.7193,3.0333,0.0036,-15.00,4.4167,110,eod
META,Long,2024-02-02T15:00:00+00:00,2024-02-02T20:45:00+00:00,474.5500,474.4200,3.8719,2.0371,1.8348,0.0086,21.00,5.7500,30,eod
MPC,Long,2024-02-02T15:00:00+00:00,2024-02-02T20:45:00+00:00,164.6800,166.7800,-3.0560,2.0371,-5.0931,0.0062,61.00,5.7500,30,eod
T,Short,2024-02-02T15:00:00+00:00,2024-02-02T20:45:00+00:00,17.8000,17.8700,-0.9534,2.0371,-2.9905,0.0047,-572.00,5.7500,30,eod
FCX,Short,2024-02-05T15:00:00+00:00,2024-02-05T15:25:00+00:00,38.1200,38.4100,-3.5146,-2.0184,-1.4962,0.0066,-267.00,0.4167,30,reversal
CAT,Long,2024-02-05T15:00:00+00:00,2024-02-05T20:45:00+00:00,319.2900,321.1200,-5.3386,-2.0184,-3.3202,0.0070,31.00,5.7500,30,eod
GE,Long,2024-02-05T15:00:00+00:00,2024-02-05T20:45:00+00:00,109.6200,109.6700,0.9796,-2.0184,2.9980,0.0053,93.00,5.7500,30,eod
LLY,Short,2024-02-05T15:00:00+00:00,2024-02-05T20:45:00+00:00,707.5800,706.9500,4.6674,-2.0184,6.6858,0.0056,-14.00,5.7500,30,eod
COP,Long,2024-02-06T15:00:00+00:00,2024-02-06T20:45:00+00:00,110.9400,111.3600,0.6961,-2.1476,2.8437,0.0048,91.00,5.7500,30,eod
NKE,Short,2024-02-06T15:00:00+00:00,2024-02-06T20:45:00+00:00,101.5600,102.4000,3.6884,-2.1476,5.8360,0.0043,-100.00,5.7500,30,eod
LLY,Short,2024-02-06T15:25:00+00:00,2024-02-06T20:45:00+00:00,704.7200,701.8200,-4.3596,-2.2965,-2.0631,0.0056,-14.00,5.3333,55,eod
LLY,Long,2024-02-06T16:20:00+00:00,2024-02-06T20:45:00+00:00,696.1100,701.8200,-4.9708,-1.3560,-3.6148,0.0073,14.00,4.4167,110,eod
MU,Long,2024-02-07T15:00:00+00:00,2024-02-07T18:35:00+00:00,84.3700,84.0900,2.0966,-0.4606,2.5573,0.0071,121.00,3.5833,30,reversal
CVX,Short,2024-02-07T15:00:00+00:00,2024-02-07T20:45:00+00:00,152.5500,151.8400,-2.8878,-0.4606,-2.4271,0.0028,-67.00,5.7500,30,eod
CVX,Long,2024-02-07T15:05:00+00:00,2024-02-07T20:45:00+00:00,152.1300,151.8400,-3.8773,0.2462,-4.1236,0.0028,67.00,5.6667,35,eod
LLY,Short,2024-02-07T15:00:00+00:00,2024-02-07T20:45:00+00:00,734.1000,727.5400,4.8812,-0.4606,5.3418,0.0076,-13.00,5.7500,30,eod
DIS,Long,2024-02-08T15:00:00+00:00,2024-02-08T20:45:00+00:00,108.9200,110.2100,2.3781,0.6204,1.7578,0.0067,93.00,5.7500,30,eod
DIS,Short,2024-02-08T16:15:00+00:00,2024-02-08T20:45:00+00:00,110.6600,110.2100,3.9985,0.8046,3.1939,0.0080,-92.00,4.5000,105,eod
PYPL,Short,2024-02-08T15:00:00+00:00,2024-02-08T20:45:00+00:00,57.4400,55.7800,-2.2371,0.6204,-2.8575,0.0065,-178.00,5.7500,30,eod
PYPL,Long,2024-02-08T15:05:00+00:00,2024-02-08T20:45:00+00:00,56.9800,55.7800,-3.5037,0.5101,-4.0138,0.0064,179.00,5.6667,35,eod
T,Long,2024-02-09T15:00:00+00:00,2024-02-09T15:30:00+00:00,16.8700,16.7800,2.6067,0.8392,1.7675,0.0053,606.00,0.5000,30,reversal
CVX,Long,2024-02-09T15:15:00+00:00,2024-02-09T20:45:00+00:00,153.1500,151.1000,-2.7571,1.2073,-3.9644,0.0042,66.00,5.5000,45,eod
DE,Short,2024-02-09T15:00:00+00:00,2024-02-09T20:45:00+00:00,382.2200,382.0600,-1.3673,0.8392,-2.2065,0.0042,-26.00,5.7500,30,eod
QCOM,Long,2024-02-12T15:00:00+00:00,2024-02-12T20:45:00+00:00,152.7700,153.1200,2.2943,-0.3653,2.6596,0.0058,66.00,5.7500,30,eod
ADBE,Short,2024-02-12T15:00:00+00:00,2024-02-12T20:45:00+00:00,615.4000,613.1500,-2.0923,-0.3653,-1.7270,0.0058,-16.00,5.7500,30,eod
GS,Short,2024-02-12T15:00:00+00:00,2024-02-12T20:45:00+00:00,389.5900,392.1700,3.2400,-0.3653,3.6053,0.0039,-26.00,5.7500,30,eod
AMZN,Long,2024-02-13T15:00:00+00:00,2024-02-13T16:50:00+00:00,169.2800,169.5800,2.6546,0.6311,2.0235,0.0051,59.00,1.8333,30,reversal
GS,Long,2024-02-13T15:00:00+00:00,2024-02-13T20:45:00+00:00,380.2100,377.9100,-3.1128,0.6311,-3.7438,0.0048,26.00,5.7500,30,eod
SCHW,Short,2024-02-13T15:00:00+00:00,2024-02-13T20:45:00+00:00,62.9500,62.3800,-2.1531,0.6311,-2.7842,0.0060,-161.00,5.7500,30,eod
AVGO,Short,2024-02-14T15:00:00+00:00,2024-02-14T20:45:00+00:00,125.0400,126.0300,-1.9391,-0.0575,-1.8816,0.0070,-81.00,5.7500,30,eod
GE,Short,2024-02-14T16:00:00+00:00,2024-02-14T20:45:00+00:00,115.6100,116.7500,2.1061,-0.8990,3.0051,0.0049,-87.00,4.7500,90,eod
COIN,Long,2024-02-14T15:00:00+00:00,2024-02-14T20:45:00+00:00,157.5300,159.7600,2.6359,-0.0575,2.6933,0.0161,64.00,5.7500,30,eod
DE,Short,2024-02-15T15:05:00+00:00,2024-02-15T15:15:00+00:00,366.6300,370.0500,-2.2394,-0.9402,-1.2992,0.0048,-27.00,0.1667,35,reversal
UNH,Long,2024-02-15T15:00:00+00:00,2024-02-15T17:30:00+00:00,521.4600,518.5400,1.0905,-1.7562,2.8467,0.0045,19.00,2.5000,30,reversal
CVX,Short,2024-02-15T15:00:00+00:00,2024-02-15T20:45:00+00:00,151.7500,154.2400,2.8461,-1.7562,4.6023,0.0037,-66.00,5.7500,30,eod
DE,Long,2024-02-15T17:30:00+00:00,2024-02-15T20:45:00+00:00,363.0900,363.6600,-3.2296,-0.0616,-3.1680,0.0063,27.00,3.2500,180,eod
FCX,Long,2024-02-16T15:00:00+00:00,2024-02-16T16:25:00+00:00,39.2300,39.1600,-0.4659,-3.3937,2.9278,0.0087,255.00,1.4167,30,reversal
ADBE,Short,2024-02-16T15:00:00+00:00,2024-02-16T20:45:00+00:00,569.1300,549.8400,-4.4347,-3.3937,-1.0410,0.0070,-17.00,5.7500,30,eod
ADBE,Long,2024-02-16T15:15:00+00:00,2024-02-16T20:45:00+00:00,566.0400,549.8400,-5.5429,-2.3558,-3.1871,0.0065,17.00,5.5000,45,eod
T,Short,2024-02-16T15:00:00+00:00,2024-02-16T20:45:00+00:00,17.0100,16.9800,1.8131,-3.3937,5.2068,0.0059,-588.00,5.7500,30,eod
TSLA,Short,2024-02-20T15:25:00+00:00,2024-02-20T20:45:00+00:00,191.4200,193.4700,-3.9632,-2.2244,-1.7388,0.0088,-51.00,5.3333,55,eod
CVX,Long,2024-02-20T15:00:00+00:00,2024-02-20T20:45:00+00:00,155.1100,154.0600,0.3205,-2.6555,2.9760,0.0038,64.00,5.7500,30,eod
PFE,Short,2024-02-20T15:00:00+00:00,2024-02-20T20:45:00+00:00,27.9800,27.5700,1.2538,-2.6555,3.9093,0.0072,-354.00,5.7500,30,eod
LIN,Short,2024-02-21T15:00:00+00:00,2024-02-21T15:20:00+00:00,435.6000,436.9400,-0.8919,0.3822,-1.2741,0.0033,-22.00,0.3333,30,reversal
HD,Long,2024-02-21T15:00:00+00:00,2024-02-21T20:45:00+00:00,362.6300,362.9200,2.9414,0.3822,2.5592,0.0033,27.00,5.7500,30,eod
HD,Short,2024-02-21T15:05:00+00:00,2024-02-21T20:45:00+00:00,363.5100,362.9200,3.9970,0.0256,3.9714,0.0030,-27.00,5.6667,35,eod
NVDA,Long,2024-02-22T15:00:00+00:00,2024-02-22T17:45:00+00:00,77.1300,77.3500,2.3174,0.7326,1.5848,0.0098,128.00,2.7500,30,reversal
TXN,Short,2024-02-22T15:00:00+00:00,2024-02-22T20:45:00+00:00,163.7600,165.5600,-1.8373,0.7326,-2.5699,0.0035,-60.00,5.7500,30,eod
TXN,Long,2024-02-22T15:05:00+00:00,2024-02-22T20:45:00+00:00,163.9200,165.5600,-1.9111,1.2994,-3.2105,0.0029,60.00,5.6667,35,eod
DIS,Short,2024-02-23T15:00:00+00:00,2024-02-23T15:10:00+00:00,106.0400,106.8400,-2.3683,-0.7786,-1.5896,0.0055,-93.00,0.1667,30,reversal
BAC,Long,2024-02-23T15:00:00+00:00,2024-02-23T20:45:00+00:00,34.0000,33.9400,1.5831,-0.7786,2.3617,0.0069,291.00,5.7500,30,eod
UNH,Short,2024-02-23T15:00:00+00:00,2024-02-23T20:45:00+00:00,529.5200,527.8300,2.4185,-0.7786,3.1972,0.0036,-18.00,5.7500,30,eod
GOOGL,Long,2024-02-26T17:20:00+00:00,2024-02-26T20:45:00+00:00,138.4400,137.6000,-2.7532,0.4626,-3.2158,0.0056,71.00,3.4167,170,eod
XOM,Long,2024-02-26T15:00:00+00:00,2024-02-26T20:45:00+00:00,104.8000,104.6300,2.2856,-0.4062,2.6917,0.0051,94.00,5.7500,30,eod
MPC,Short,2024-02-26T15:00:00+00:00,2024-02-26T20:45:00+00:00,173.5600,173.2000,3.2324,-0.4062,3.6385,0.0058,-57.00,5.7500,30,eod
T,Short,2024-02-26T15:05:00+00:00,2024-02-26T20:45:00+00:00,16.6700,16.6300,-1.3412,-0.2024,-1.1388,0.0062,-592.00,5.6667,35,eod
CVX,Short,2024-02-27T15:00:00+00:00,2024-02-27T17:55:00+00:00,150.7400,151.4700,-2.4476,-0.2813,-2.1663,0.0047,-65.00,2.9167,30,reversal
CVX,Long,2024-02-27T15:15:00+00:00,2024-02-27T17:55:00+00:00,150.1800,151.4700,-2.7921,0.2660,-3.0582,0.0054,65.00,2.6667,45,reversal
HD,Long,2024-02-27T15:00:00+00:00,2024-02-27T20:45:00+00:00,375.0200,375.3800,2.5762,-0.2813,2.8575,0.0039,26.00,5.7500,30,eod
LOW,Short,2024-02-27T15:00:00+00:00,2024-02-27T20:45:00+00:00,237.6900,235.5800,6.0539,-0.2813,6.3352,0.0044,-41.00,5.7500,30,eod
UNH,Short,2024-02-28T15:00:00+00:00,2024-02-28T20:20:00+00:00,489.4400,495.5300,-3.1540,-0.6496,-2.5044,0.0039,-20.00,5.3333,30,reversal
UNH,Long,2024-02-28T15:05:00+00:00,2024-02-28T20:20:00+00:00,486.5500,495.5300,-4.4795,-0.3640,-4.1155,0.0040,20.00,5.2500,35,reversal
LIN,Short,2024-02-28T15:00:00+00:00,2024-02-28T20:45:00+00:00,448.7300,451.5200,2.3850,-0.6496,3.0346,0.0032,-22.00,5.7500,30,eod
DIS,Long,2024-02-28T15:00:00+00:00,2024-02-28T20:45:00+00:00,110.1100,110.8700,2.0363,-0.6496,2.6859,0.0063,90.00,5.7500,30,eod
AMD,Short,2024-02-29T15:55:00+00:00,2024-02-29T20:45:00+00:00,187.9900,192.5400,2.0159,-0.9944,3.0102,0.0164,-53.00,4.8333,85,eod
AMZN,Long,2024-02-29T15:00:00+00:00,2024-02-29T20:45:00+00:00,175.1500,175.2100,1.7809,0.0862,1.6947,0.0045,57.00,5.7500,30,eod
LIN,Short,2024-02-29T15:00:00+00:00,2024-02-29T20:45:00+00:00,446.5000,449.6900,-2.8339,0.0862,-2.9201,0.0039,-22.00,5.7500,30,eod
UNH,Long,2024-02-29T19:10:00+00:00,2024-02-29T20:45:00+00:00,491.8900,493.7000,-3.3465,-0.2472,-3.0992,0.0049,20.00,1.5833,280,eod
LLY,Long,2024-03-01T15:00:00+00:00,2024-03-01T16:10:00+00:00,778.1300,775.0400,1.7608,-0.1767,1.9375,0.0069,12.00,1.1667,30,reversal
PYPL,Short,2024-03-01T15:20:00+00:00,2024-03-01T16:20:00+00:00,61.4700,60.9400,4.0431,0.6846,3.3585,0.0039,-160.00,1.0000,50,reversal
AAPL,Short,2024-03-01T15:00:00+00:00,2024-03-01T20:45:00+00:00,179.0800,179.6600,-1.8400,-0.1767,-1.6633,0.0038,-55.00,5.7500,30,eod
UNH,Long,2024-03-01T15:00:00+00:00,2024-03-01T20:45:00+00:00,478.3700,489.3400,-3.9168,-0.1767,-3.7402,0.0047,20.00,5.7500,30,eod
MSFT,Long,2024-03-04T15:00:00+00:00,2024-03-04T20:45:00+00:00,417.0800,414.8600,2.2618,-0.3226,2.5844,0.0047,23.00,5.7500,30,eod
LIN,Short,2024-03-04T15:20:00+00:00,2024-03-04T20:45:00+00:00,455.4700,456.0800,2.9068,-0.1459,3.0528,0.0038,-21.00,5.4167,50,eod
PYPL,Short,2024-03-04T15:00:00+00:00,2024-03-04T20:45:00+00:00,59.2400,60.0700,-2.6767,-0.3226,-2.3541,0.0070,-167.00,5.7500,30,eod
PYPL,Long,2024-03-04T15:10:00+00:00,2024-03-04T20:45:00+00:00,59.1000,60.0700,-4.0293,-0.1612,-3.8682,0.0052,168.00,5.5833,40,eod
MSFT,Short,2024-03-05T15:00:00+00:00,2024-03-05T20:45:00+00:00,406.4600,402.2900,-1.6880,-0.1347,-1.5534,0.0050,-24.00,5.7500,30,eod
MPC,Long,2024-03-05T15:00:00+00:00,2024-03-05T20:45:00+00:00,177.4200,174.8200,2.8116,-0.1347,2.9462,0.0066,56.00,5.7500,30,eod
JPM,Short,2024-03-05T15:05:00+00:00,2024-03-05T20:45:00+00:00,188.7400,188.0400,2.2692,-1.6148,3.8840,0.0041,-52.00,5.6667,35,eod
QCOM,Long,2024-03-06T15:00:00+00:00,2024-03-06T20:45:00+00:00,166.3700,168.0000,0.6600,-2.2510,2.9110,0.0067,59.00,5.7500,30,eod
GOOGL,Short,2024-03-06T15:00:00+00:00,2024-03-06T20:45:00+00:00,131.2300,131.4900,-3.2658,-2.2510,-1.0149,0.0036,-75.00,5.7500,30,eod
PFE,Short,2024-03-06T15:00:00+00:00,2024-03-06T20:45:00+00:00,27.0900,27.1800,1.4908,-2.2510,3.7417,0.0050,-367.00,5.7500,30,eod
DIS,Long,2024-03-06T16:10:00+00:00,2024-03-06T20:45:00+00:00,110.7000,109.9800,-3.0378,0.0139,-3.0517,0.0070,90.00,4.5833,100,eod
DE,Long,2024-03-07T15:00:00+00:00,2024-03-07T16:25:00+00:00,375.1100,373.8800,2.6450,0.0091,2.6359,0.0047,26.00,1.4167,30,reversal
JPM,Long,2024-03-07T16:20:00+00:00,2024-03-07T20:45:00+00:00,188.5800,187.8200,-1.6737,1.5693,-3.2430,0.0042,52.00,4.4167,110,eod
PFE,Short,2024-03-07T15:00:00+00:00,2024-03-07T20:45:00+00:00,26.9500,26.8400,-1.5375,0.0091,-1.5466,0.0055,-368.00,5.7500,30,eod
GE,Short,2024-03-08T15:00:00+00:00,2024-03-08T15:30:00+00:00,139.2700,136.6800,4.5055,1.1603,3.3451,0.0047,-71.00,0.5000,30,reversal
LLY,Short,2024-03-08T15:00:00+00:00,2024-03-08T15:40:00+00:00,764.1600,773.5100,-0.8862,1.1603,-2.0465,0.0058,-12.00,0.6667,30,reversal
AVGO,Long,2024-03-08T15:00:00+00:00,2024-03-08T20:45:00+00:00,135.6700,131.6900,-3.4343,1.1603,-4.5946,0.0074,73.00,5.7500,30,eod
GOOGL,Long,2024-03-08T15:00:00+00:00,2024-03-08T20:45:00+00:00,137.0300,135.5200,2.8574,1.1603,1.6971,0.0042,72.00,5.7500,30,eod
GOOGL,Long,2024-03-11T14:00:00+00:00,2024-03-11T14:55:00+00:00,138.1800,138.2100,2.5391,-0.1367,2.6758,0.0041,70.00,0.9167,30,reversal
CAT,Short,2024-03-11T14:00:00+00:00,2024-03-11T19:45:00+00:00,333.1900,334.7400,-3.1032,-0.1367,-2.9665,0.0041,-29.00,5.7500,30,eod
GE,Long,2024-03-11T14:00:00+00:00,2024-03-11T19:45:00+00:00,130.4700,132.7400,-3.6408,-0.1367,-3.5041,0.0060,75.00,5.7500,30,eod
META,Long,2024-03-12T14:00:00+00:00,2024-03-12T16:00:00+00:00,493.5000,495.3100,3.0474,0.8238,2.2236,0.0050,19.00,2.0000,30,reversal
GE,Short,2024-03-12T14:00:00+00:00,2024-03-12T19:45:00+00:00,131.6700,133.6500,-1.4503,0.8238,-2.2741,0.0064,-74.00,5.7500,30,eod
PFE,Long,2024-03-12T14:00:00+00:00,2024-03-12T19:45:00+00:00,27.8600,27.9500,-2.3562,0.8238,-3.1800,0.0053,352.00,5.7500,30,eod
GS,Long,2024-03-13T14:00:00+00:00,2024-03-13T19:45:00+00:00,390.3100,392.0700,0.6938,-2.2397,2.9335,0.0071,25.00,5.7500,30,eod
HD,Short,2024-03-13T14:00:00+00:00,2024-03-13T19:45:00+00:00,378.6900,379.9100,1.5605,-2.2397,3.8002,0.0031,-25.00,5.7500,30,eod
SBUX,Short,2024-03-13T14:05:00+00:00,2024-03-13T19:45:00+00:00,91.8300,91.7700,-2.5252,-1.3628,-1.1624,0.0031,-106.00,5.6667,35,eod
SBUX,Long,2024-03-13T14:25:00+00:00,2024-03-13T19:45:00+00:00,91.1000,91.7700,-4.5324,-0.9200,-3.6124,0.0035,107.00,5.3333,55,eod
TXN,Long,2024-03-14T14:00:00+00:00,2024-03-14T14:35:00+00:00,172.1100,172.1800,-0.8741,-3.7451,2.8710,0.0036,57.00,0.5833,30,reversal
QCOM,Short,2024-03-14T14:10:00+00:00,2024-03-14T16:10:00+00:00,167.6300,167.8500,-2.8259,-1.3967,-1.4291,0.0044,-58.00,2.0000,40,reversal
MSFT,Short,2024-03-14T14:00:00+00:00,2024-03-14T19:45:00+00:00,422.5900,424.0200,0.9093,-3.7451,4.6544,0.0047,-23.00,5.7500,30,eod
AMD,Long,2024-03-15T14:00:00+00:00,2024-03-15T19:45:00+00:00,187.6600,192.3900,0.6314,-2.1516,2.7830,0.0099,52.00,5.7500,30,eod
AMZN,Short,2024-03-15T14:00:00+00:00,2024-03-15T19:45:00+00:00,175.2400,175.0300,-3.4964,-2.1516,-1.3449,0.0036,-55.00,5.7500,30,eod
GE,Short,2024-03-15T14:00:00+00:00,2024-03-15T19:45:00+00:00,133.8600,135.1300,1.8843,-2.1516,4.0359,0.0073,-73.00,5.7500,30,eod
UNH,Long,2024-03-18T14:00:00+00:00,2024-03-18T14:25:00+00:00,490.9000,489.0500,1.4742,-0.3979,1.8721,0.0037,20.00,0.4167,30,reversal
NFLX,Short,2024-03-18T15:30:00+00:00,2024-03-18T19:45:00+00:00,62.3000,62.1100,2.8674,-0.2943,3.1617,0.0066,-157.00,4.2500,120,eod
HD,Short,2024-03-18T14:00:00+00:00,2024-03-18T19:45:00+00:00,373.6800,372.3800,-2.3508,-0.3979,-1.9528,0.0040,-26.00,5.7500,30,eod
HD,Long,2024-03-18T14:10:00+00:00,2024-03-18T19:45:00+00:00,373.1600,372.3800,-2.8410,0.4637,-3.3047,0.0038,26.00,5.5833,40,eod
NVDA,Short,2024-03-19T14:00:00+00:00,2024-03-19T15:25:00+00:00,85.8900,86.9100,-2.3923,-0.5043,-1.8880,0.0066,-114.00,1.4167,30,reversal
SBUX,Long,2024-03-19T14:00:00+00:00,2024-03-19T16:35:00+00:00,91.6500,91.4200,2.4112,-0.5043,2.9155,0.0031,107.00,2.5833,30,reversal
SBUX,Short,2024-03-19T14:15:00+00:00,2024-03-19T16:35:00+00:00,91.7000,91.4200,2.0981,-1.0005,3.0986,0.0039,-107.00,2.3333,45,reversal
PYPL,Long,2024-03-19T18:10:00+00:00,2024-03-19T19:45:00+00:00,62.8600,63.1300,-1.6277,1.3856,-3.0133,0.0098,155.00,1.5833,280,eod
ADBE,Short,2024-03-20T14:20:00+00:00,2024-03-20T17:15:00+00:00,513.6400,517.0900,-1.6308,-0.3125,-1.3183,0.0065,-19.00,2.9167,50,reversal
T,Long,2024-03-20T14:00:00+00:00,2024-03-20T17:25:00+00:00,17.2700,17.1300,1.8115,-1.1137,2.9252,0.0029,566.00,3.4167,30,reversal
T,Short,2024-03-20T14:05:00+00:00,2024-03-20T17:25:00+00:00,17.2900,17.1300,2.6074,-0.8122,3.4196,0.0025,-566.00,3.3333,35,reversal
TXN,Short,2024-03-21T14:05:00+00:00,2024-03-21T14:30:00+00:00,172.8000,174.0800,-1.7887,0.1113,-1.8999,0.0034,-56.00,0.4167,35,reversal
AVGO,Short,2024-03-21T14:00:00+00:00,2024-03-21T19:45:00+00:00,134.9900,135.4600,3.0510,-0.3720,3.4230,0.0083,-72.00,5.7500,30,eod
AAPL,Long,2024-03-21T15:20:00+00:00,2024-03-21T19:45:00+00:00,172.7700,171.0600,-3.0707,0.0481,-3.1189,0.0073,55.00,4.4167,110,eod
XOM,Long,2024-03-21T14:00:00+00:00,2024-03-21T19:45:00+00:00,113.8200,113.7400,2.2826,-0.3720,2.6546,0.0037,85.00,5.7500,30,eod
NKE,Long,2024-03-22T14:00:00+00:00,2024-03-22T15:45:00+00:00,92.0900,93.3700,-2.6934,0.8829,-3.5763,0.0041,105.00,1.7500,30,reversal
GOOGL,Long,2024-03-22T14:00:00+00:00,2024-03-22T17:15:00+00:00,151.2900,150.7400,2.0236,0.8829,1.1407,0.0054,64.00,3.2500,30,reversal
SCHW,Short,2024-03-22T14:00:00+00:00,2024-03-22T19:45:00+00:00,71.7800,71.9200,-1.7620,0.8829,-2.6449,0.0050,-135.00,5.7500,30,eod
LLY,Long,2024-03-25T14:00:00+00:00,2024-03-25T15:15:00+00:00,777.2800,773.4000,2.3597,-0.0644,2.4241,0.0049,12.00,1.2500,30,reversal
MU,Short,2024-03-25T14:00:00+00:00,2024-03-25T19:45:00+00:00,116.7100,117.8200,3.4591,-0.0644,3.5234,0.0063,-83.00,5.7500,30,eod
NKE,Long,2024-03-25T14:00:00+00:00,2024-03-25T19:45:00+00:00,93.2700,93.6300,-4.1939,-0.0644,-4.1295,0.0050,104.00,5.7500,30,eod
DIS,Short,2024-03-25T14:00:00+00:00,2024-03-25T19:45:00+00:00,118.4800,119.1900,-1.3315,-0.0644,-1.2671,0.0050,-82.00,5.7500,30,eod
MU,Long,2024-03-26T14:00:00+00:00,2024-03-26T14:40:00+00:00,121.7900,119.4700,1.9053,0.4490,1.4562,0.0068,79.00,0.6667,30,reversal
COP,Long,2024-03-26T14:00:00+00:00,2024-03-26T19:45:00+00:00,125.3900,125.6900,-2.9162,0.4490,-3.3652,0.0035,76.00,5.7500,30,eod
MPC,Short,2024-03-26T14:00:00+00:00,2024-03-26T19:45:00+00:00,198.2800,197.2900,-1.8909,0.4490,-2.3399,0.0066,-48.00,5.7500,30,eod
UNH,Short,2024-03-26T14:40:00+00:00,2024-03-26T19:45:00+00:00,490.1800,492.2000,2.3922,-0.9641,3.3563,0.0033,-19.00,5.0833,70,eod
CRM,Short,2024-03-27T14:00:00+00:00,2024-03-27T19:45:00+00:00,300.8000,301.1800,-4.3907,-2.7792,-1.6115,0.0059,-31.00,5.7500,30,eod
CRM,Long,2024-03-27T16:20:00+00:00,2024-03-27T19:45:00+00:00,299.0900,301.1800,-4.2796,-1.1235,-3.1561,0.0074,32.00,3.4167,170,eod
SLB,Long,2024-03-27T14:00:00+00:00,2024-03-27T19:45:00+00:00,54.4300,54.6600,0.1186,-2.7792,2.8978,0.0031,176.00,5.7500,30,eod
T,Short,2024-03-27T14:00:00+00:00,2024-03-27T19:45:00+00:00,17.5400,17.5300,3.6650,-2.7792,6.4442,0.0030,-546.00,5.7500,30,eod
TXN,Long,2024-03-28T14:00:00+00:00,2024-03-28T14:35:00+00:00,175.7600,174.4200,2.5747,1.1660,1.4087,0.0033,54.00,0.5833,30,reversal
SLB,Long,2024-03-28T14:00:00+00:00,2024-03-28T19:45:00+00:00,55.0100,54.8300,-2.9044,1.1660,-4.0703,0.0033,175.00,5.7500,30,eod
GS,Short,2024-03-28T14:00:00+00:00,2024-03-28T19:45:00+00:00,415.3000,417.8200,-1.5580,1.1660,-2.7240,0.0049,-23.00,5.7500,30,eod
MU,Long,2024-04-01T14:00:00+00:00,2024-04-01T19:45:00+00:00,125.2200,123.9700,2.4777,0.0206,2.4571,0.0084,76.00,5.7500,30,eod
MU,Short,2024-04-01T14:15:00+00:00,2024-04-01T19:45:00+00:00,125.6800,123.9700,2.8000,-0.6267,3.4267,0.0088,-76.00,5.5000,45,eod
HD,Short,2024-04-01T14:00:00+00:00,2024-04-01T19:45:00+00:00,377.0700,368.1000,-2.6036,0.0206,-2.6242,0.0047,-25.00,5.7500,30,eod
HD,Long,2024-04-01T14:05:00+00:00,2024-04-01T19:45:00+00:00,376.5600,368.1000,-2.5835,0.7135,-3.2970,0.0052,25.00,5.6667,35,eod
GE,Long,2024-04-02T14:00:00+00:00,2024-04-02T14:40:00+00:00,139.1400,141.4500,-3.3371,0.1256,-3.4628,0.0058,68.00,0.6667,30,reversal
XOM,Long,2024-04-02T14:00:00+00:00,2024-04-02T19:45:00+00:00,119.3600,119.0000,2.9833,0.1256,2.8577,0.0036,79.00,5.7500,30,eod
XOM,Short,2024-04-02T14:05:00+00:00,2024-04-02T19:45:00+00:00,119.0700,119.0000,2.5298,-0.6880,3.2178,0.0032,-80.00,5.6667,35,eod
SBUX,Short,2024-04-02T14:00:00+00:00,2024-04-02T19:45:00+00:00,90.5200,89.4700,-1.2911,0.1256,-1.4167,0.0040,-105.00,5.7500,30,eod
CAT,Long,2024-04-03T14:05:00+00:00,2024-04-03T14:20:00+00:00,371.0200,370.3600,3.3601,1.5029,1.8572,0.0034,25.00,0.2500,35,reversal
CAT,Short,2024-04-03T14:00:00+00:00,2024-04-03T14:20:00+00:00,372.1600,370.3600,5.0267,1.8702,3.1565,0.0029,-25.00,0.3333,30,reversal
FCX,Short,2024-04-03T14:00:00+00:00,2024-04-03T19:45:00+00:00,49.1600,49.7100,-0.5275,1.8702,-2.3977,0.0035,-195.00,5.7500,30,eod
PFE,Long,2024-04-03T14:00:00+00:00,2024-04-03T19:45:00+00:00,27.3200,27.3000,-3.8985,1.8702,-5.7687,0.0033,351.00,5.7500,30,eod
MU,Short,2024-04-04T14:00:00+00:00,2024-04-04T18:15:00+00:00,127.5800,126.8900,-1.9402,-0.8024,-1.1378,0.0098,-74.00,4.2500,30,reversal
CRM,Long,2024-04-04T14:00:00+00:00,2024-04-04T19:30:00+00:00,298.5000,294.9100,-5.1112,-0.8024,-4.3088,0.0080,32.00,5.5000,30,reversal
CVX,Long,2024-04-04T14:00:00+00:00,2024-04-04T19:45:00+00:00,160.9000,160.3200,1.7607,-0.8024,2.5631,0.0025,59.00,5.7500,30,eod
GE,Short,2024-04-04T14:00:00+00:00,2024-04-04T19:45:00+00:00,149.2000,147.1700,2.5033,-0.8024,3.3057,0.0073,-64.00,5.7500,30,eod
META,Short,2024-04-05T14:35:00+00:00,2024-04-05T16:10:00+00:00,525.3400,529.5900,5.5428,2.0109,3.5319,0.0036,-18.00,1.5833,65,reversal
LIN,Long,2024-04-05T14:00:00+00:00,2024-04-05T19:45:00+00:00,460.9100,465.1400,3.4118,2.1945,1.2173,0.0028,20.00,5.7500,30,eod
NKE,Short,2024-04-05T14:00:00+00:00,2024-04-05T19:45:00+00:00,89.5400,88.9500,-0.6865,2.1945,-2.8810,0.0049,-106.00,5.7500,30,eod
T,Long,2024-04-05T14:00:00+00:00,2024-04-05T19:45:00+00:00,17.3400,17.4900,-2.9797,2.1945,-5.1743,0.0038,550.00,5.7500,30,eod
TXN,Long,2024-04-08T14:00:00+00:00,2024-04-08T19:45:00+00:00,168.7300,169.3400,1.6192,0.2406,1.3786,0.0037,56.00,5.7500,30,eod
CVX,Short,2024-04-08T14:00:00+00:00,2024-04-08T19:45:00+00:00,160.9000,161.1400,-2.7181,0.2406,-2.9587,0.0033,-59.00,5.7500,30,eod
CAT,Long,2024-04-08T14:00:00+00:00,2024-04-08T19:45:00+00:00,376.4500,373.8200,-3.3275,0.2406,-3.5681,0.0036,25.00,5.7500,30,eod
BAC,Short,2024-04-09T14:00:00+00:00,2024-04-09T15:40:00+00:00,37.3800,37.4500,-2.3975,0.0614,-2.4589,0.0041,-255.00,1.6667,30,reversal
PFE,Long,2024-04-09T14:00:00+00:00,2024-04-09T16:15:00+00:00,27.1700,26.7500,2.5605,0.0614,2.4991,0.0039,351.00,2.2500,30,reversal
PFE,Short,2024-04-09T14:05:00+00:00,2024-04-09T16:15:00+00:00,27.2600,26.7500,3.5808,-0.3557,3.9365,0.0037,-350.00,2.1667,35,reversal
JPM,Long,2024-04-09T14:00:00+00:00,2024-04-09T19:45:00+00:00,196.3800,196.6400,-3.1790,0.0614,-3.2404,0.0033,48.00,5.7500,30,eod
NVDA,Long,2024-04-10T14:00:00+00:00,2024-04-10T19:45:00+00:00,86.3200,87.1200,2.3674,0.0895,2.2779,0.0102,111.00,5.7500,30,eod
FCX,Short,2024-04-10T14:00:00+00:00,2024-04-10T19:45:00+00:00,51.0300,50.9100,3.8428,0.0895,3.7533,0.0052,-188.00,5.7500,30,eod
UNH,Short,2024-04-10T14:00:00+00:00,2024-04-10T19:45:00+00:00,453.4800,451.2500,-2.0610,0.0895,-2.1505,0.0031,-21.00,5.7500,30,eod
UNH,Long,2024-04-10T14:15:00+00:00,2024-04-10T19:45:00+00:00,452.9000,451.2500,-1.9982,1.0443,-3.0426,0.0038,21.00,5.5000,45,eod
QCOM,Long,2024-04-11T14:00:00+00:00,2024-04-11T16:05:00+00:00,172.4500,172.0100,1.3681,-0.6874,2.0555,0.0044,55.00,2.0833,30,reversal
CVX,Long,2024-04-11T14:45:00+00:00,2024-04-11T19:45:00+00:00,159.8700,161.5300,-3.4745,-0.2376,-3.2368,0.0052,60.00,5.0000,75,eod
LOW,Short,2024-04-11T14:00:00+00:00,2024-04-11T19:45:00+00:00,235.9800,235.9300,-2.6462,-0.6874,-1.9587,0.0044,-40.00,5.7500,30,eod
DE,Short,2024-04-12T14:00:00+00:00,2024-04-12T15:00:00+00:00,406.1700,408.0300,-2.2905,-0.1347,-2.1558,0.0046,-23.00,1.0000,30,reversal
AAPL,Long,2024-04-12T14:00:00+00:00,2024-04-12T19:45:00+00:00,177.3900,176.5900,2.1693,-0.1347,2.3040,0.0048,54.00,5.7500,30,eod
JPM,Long,2024-04-12T14:00:00+00:00,2024-04-12T19:45:00+00:00,185.7500,183.1700,-3.3409,-0.1347,-3.2062,0.0040,51.00,5.7500,30,eod
BAC,Short,2024-04-15T14:00:00+00:00,2024-04-15T18:25:00+00:00,36.4700,35.8600,-1.5512,0.8787,-2.4299,0.0040,-262.00,4.4167,30,reversal
AAPL,Short,2024-04-15T15:00:00+00:00,2024-04-15T19:45:00+00:00,175.7700,173.5200,1.9982,-1.1047,3.1029,0.0044,-54.00,4.7500,90,eod
SCHW,Long,2024-04-15T14:00:00+00:00,2024-04-15T19:45:00+00:00,73.4100,71.3500,3.0545,0.8787,2.1758,0.0059,130.00,5.7500,30,eod
NKE,Short,2024-04-16T14:00:00+00:00,2024-04-16T14:25:00+00:00,91.8500,92.7900,-2.2003,0.4514,-2.6517,0.0035,-103.00,0.4167,30,reversal
UNH,Long,2024-04-16T14:00:00+00:00,2024-04-16T14:45:00+00:00,472.9400,466.9000,2.0083,0.4514,1.5569,0.0035,20.00,0.7500,30,reversal
BAC,Long,2024-04-16T14:00:00+00:00,2024-04-16T19:45:00+00:00,34.5400,34.7700,-5.6750,0.4514,-6.1264,0.0063,276.00,5.7500,30,eod
SCHW,Short,2024-04-16T17:00:00+00:00,2024-04-16T19:45:00+00:00,72.2700,72.9900,3.2712,0.1394,3.1318,0.0050,-131.00,2.7500,210,eod
UNH,Short,2024-04-17T14:05:00+00:00,2024-04-17T15:50:00+00:00,480.6300,479.3100,-2.9553,-1.7990,-1.1564,0.0039,-19.00,1.7500,35,reversal
GE,Long,2024-04-17T14:00:00+00:00,2024-04-17T19:45:00+00:00,157.7600,156.0400,0.6277,-2.3343,2.9620,0.0080,59.00,5.7500,30,eod
LIN,Short,2024-04-17T14:00:00+00:00,2024-04-17T19:45:00+00:00,447.8100,446.4400,1.4038,-2.3343,3.7381,0.0038,-21.00,5.7500,30,eod
MU,Long,2024-04-18T14:00:00+00:00,2024-04-18T14:45:00+00:00,116.3900,116.3200,1.1594,-1.1625,2.3219,0.0098,81.00,0.7500,30,reversal
UNH,Short,2024-04-18T14:00:00+00:00,2024-04-18T15:25:00+00:00,497.4700,495.0800,3.0370,-1.1625,4.1995,0.0046,-18.00,1.4167,30,reversal
AAPL,Short,2024-04-18T14:05:00+00:00,2024-04-18T19:45:00+00:00,167.6900,167.1700,-1.5699,0.2702,-1.8401,0.0036,-56.00,5.6667,35,eod
LLY,Short,2024-04-19T14:40:00+00:00,2024-04-19T16:05:00+00:00,731.0000,729.8800,-2.5928,-1.2217,-1.3711,0.0081,-12.00,1.4167,70,reversal
UNH,Long,2024-04-19T14:00:00+00:00,2024-04-19T19:45:00+00:00,503.1200,501.8300,1.9126,-0.9348,2.8474,0.0046,18.00,5.7500,30,eod
UNH,Short,2024-04-19T14:05:00+00:00,2024-04-19T19:45:00+00:00,504.2000,501.8300,2.2082,-1.0914,3.2997,0.0050,-18.00,5.6667,35,eod
CRM,Short,2024-04-22T14:00:00+00:00,2024-04-22T19:45:00+00:00,275.3700,274.1400,-1.6738,0.7409,-2.4147,0.0054,-34.00,5.7500,30,eod
DE,Long,2024-04-22T14:00:00+00:00,2024-04-22T19:45:00+00:00,398.6800,400.6500,3.0824,0.7409,2.3415,0.0051,23.00,5.7500,30,eod
DE,Short,2024-04-22T14:20:00+00:00,2024-04-22T19:45:00+00:00,397.2100,400.6500,2.1926,-1.1619,3.3546,0.0055,-23.00,5.4167,50,eod
T,Long,2024-04-22T14:00:00+00:00,2024-04-22T19:45:00+00:00,16.4200,16.3200,-2.9360,0.7409,-3.6769,0.0053,575.00,5.7500,30,eod
AMZN,Short,2024-04-23T14:00:00+00:00,2024-04-23T18:40:00+00:00,176.9500,179.9200,-0.5084,1.9169,-2.4253,0.0039,-53.00,4.6667,30,reversal
NFLX,Long,2024-04-23T17:10:00+00:00,2024-04-23T19:45:00+00:00,57.4900,57.8300,2.6429,1.5464,1.0965,0.0108,163.00,2.5833,220,eod
SBUX,Long,2024-04-23T14:00:00+00:00,2024-04-23T19:45:00+00:00,87.3300,87.9800,-3.4537,1.9169,-5.3705,0.0040,107.00,5.7500,30,eod
GE,Short,2024-04-24T14:00:00+00:00,2024-04-24T15:50:00+00:00,156.6300,156.8700,-2.7468,0.1905,-2.9372,0.0074,-59.00,1.8333,30,reversal
T,Long,2024-04-24T14:00:00+00:00,2024-04-24T16:30:00+00:00,16.5300,16.7900,-3.3000,0.1905,-3.4905,0.0068,567.00,2.5000,30,reversal
TSLA,Long,2024-04-24T14:00:00+00:00,2024-04-24T19:45:00+00:00,165.6900,162.1200,2.4193,0.1905,2.2288,0.0148,56.00,5.7500,30,eod
LIN,Short,2024-04-24T15:00:00+00:00,2024-04-24T19:45:00+00:00,441.9700,443.8800,2.6027,-0.9856,3.5882,0.0058,-20.00,4.7500,90,eod
LOW,Short,2024-04-25T14:00:00+00:00,2024-04-25T15:00:00+00:00,225.4000,227.3600,-1.4094,1.5579,-2.9672,0.0035,-41.00,1.0000,30,reversal
META,Long,2024-04-25T14:00:00+00:00,2024-04-25T19:45:00+00:00,427.9100,440.9600,4.1170,1.5579,2.5592,0.0063,21.00,5.7500,30,eod
META,Short,2024-04-25T14:05:00+00:00,2024-04-25T19:45:00+00:00,435.2300,440.9600,5.0033,1.7175,3.2859,0.0087,-21.00,5.6667,35,eod
NKE,Long,2024-04-25T14:00:00+00:00,2024-04-25T19:45:00+00:00,92.5800,93.9300,-4.5238,1.5579,-6.0817,0.0039,100.00,5.7500,30,eod
META,Short,2024-04-26T14:00:00+00:00,2024-04-26T19:45:00+00:00,442.1000,443.1700,-0.0165,2.6585,-2.6750,0.0055,-21.00,5.7500,30,eod
NFLX,Long,2024-04-26T14:00:00+00:00,2024-04-26T19:45:00+00:00,55.5100,56.1600,-1.6288,2.6585,-4.2873,0.0060,168.00,5.7500,30,eod
PYPL,Long,2024-04-26T14:25:00+00:00,2024-04-26T19:45:00+00:00,65.2200,66.0300,2.1471,1.0369,1.1103,0.0067,144.00,5.3333,55,eod
AMZN,Short,2024-04-29T14:05:00+00:00,2024-04-29T19:45:00+00:00,180.1300,180.2300,-2.6315,-1.1525,-1.4790,0.0048,-52.00,5.6667,35,eod
XOM,Short,2024-04-29T14:00:00+00:00,2024-04-29T19:45:00+00:00,119.7100,119.3400,1.9958,-1.9502,3.9460,0.0044,-78.00,5.7500,30,eod
GS,Long,2024-04-29T14:00:00+00:00,2024-04-29T19:45:00+00:00,431.3600,430.1500,0.9840,-1.9502,2.9341,0.0057,21.00,5.7500,30,eod
AAPL,Long,2024-04-30T14:00:00+00:00,2024-04-30T19:45:00+00:00,174.5800,172.9100,1.5427,0.3004,1.2423,0.0052,53.00,5.7500,30,eod
MPC,Long,2024-04-30T14:00:00+00:00,2024-04-30T19:45:00+00:00,190.3800,182.6600,-3.5615,0.3004,-3.8619,0.0069,49.00,5.7500,30,eod
CAT,Short,2024-04-30T14:00:00+00:00,2024-04-30T19:45:00+00:00,342.7500,335.0500,-1.5224,0.3004,-1.8228,0.0064,-27.00,5.7500,30,eod
SBUX,Short,2024-04-30T15:35:00+00:00,2024-04-30T19:45:00+00:00,88.4700,88.8100,1.9997,-1.2650,3.2647,0.0054,-105.00,4.1667,125,eod
PFE,Long,2024-05-01T14:00:00+00:00,2024-05-01T14:30:00+00:00,26.4800,26.1700,1.5640,-1.0628,2.6268,0.0054,350.00,0.5000,30,reversal
META,Short,2024-05-01T14:00:00+00:00,2024-05-01T19:45:00+00:00,434.4800,442.7300,2.0491,-1.0628,3.1119,0.0060,-21.00,5.7500,30,eod
GE,Short,2024-05-01T14:00:00+00:00,2024-05-01T19:45:00+00:00,159.5400,160.3600,-3.2730,-1.0628,-2.2102,0.0065,-58.00,5.7500,30,eod
SBUX,Long,2024-05-01T14:35:00+00:00,2024-05-01T19:45:00+00:00,74.1700,74.3400,-3.4399,0.1336,-3.5735,0.0066,123.00,5.1667,65,eod
TXN,Short,2024-05-02T14:00:00+00:00,2024-05-02T14:10:00+00:00,174.1900,174.6500,-3.6939,-1.8465,-1.8473,0.0046,-52.00,0.1667,30,reversal
QCOM,Short,2024-05-02T14:00:00+00:00,2024-05-02T16:00:00+00:00,179.4300,178.2600,2.1979,-1.8465,4.0444,0.0037,-51.00,2.0000,30,reversal
LLY,Long,2024-05-02T18:40:00+00:00,2024-05-02T19:45:00+00:00,756.9300,756.0000,-2.4551,0.6144,-3.0695,0.0094,12.00,1.0833,310,eod
PFE,Long,2024-05-02T14:00:00+00:00,2024-05-02T19:45:00+00:00,27.5000,27.7300,1.1383,-1.8465,2.9848,0.0051,333.00,5.7500,30,eod
HD,Long,2024-05-03T14:00:00+00:00,2024-05-03T14:45:00+00:00,346.0400,343.1400,2.5117,0.0427,2.4690,0.0038,26.00,0.7500,30,reversal
QCOM,Long,2024-05-03T14:00:00+00:00,2024-05-03T19:45:00+00:00,178.0600,179.3700,-4.1161,0.0427,-4.1588,0.0050,51.00,5.7500,30,eod
GOOGL,Short,2024-05-03T14:00:00+00:00,2024-05-03T19:45:00+00:00,165.2700,167.0600,-2.3507,0.0427,-2.3934,0.0036,-55.00,5.7500,30,eod
AVGO,Long,2024-05-06T14:00:00+00:00,2024-05-06T19:45:00+00:00,129.9800,130.5000,2.0958,0.7778,1.3180,0.0087,70.00,5.7500,30,eod
PYPL,Short,2024-05-06T14:00:00+00:00,2024-05-06T19:45:00+00:00,65.1100,65.5000,-1.3295,0.7778,-2.1072,0.0070,-140.00,5.7500,30,eod
LIN,Long,2024-05-07T14:00:00+00:00,2024-05-07T19:45:00+00:00,429.4600,430.3400,1.0400,-0.7500,1.7900,0.0030,21.00,5.7500,30,eod
DIS,Long,2024-05-07T14:35:00+00:00,2024-05-07T19:45:00+00:00,105.1100,105.6700,-3.7282,-0.4209,-3.3073,0.0047,86.00,5.1667,65,eod
COIN,Short,2024-05-07T14:00:00+00:00,2024-05-07T19:45:00+00:00,220.4200,215.4300,-2.0414,-0.7500,-1.2914,0.0189,-41.00,5.7500,30,eod
QCOM,Long,2024-05-08T14:00:00+00:00,2024-05-08T14:55:00+00:00,180.0800,180.0000,2.8765,1.7860,1.0905,0.0051,51.00,0.9167,30,reversal
UNH,Short,2024-05-08T14:00:00+00:00,2024-05-08T19:45:00+00:00,503.8700,503.6100,-0.9303,1.7860,-2.7163,0.0052,-18.00,5.7500,30,eod
PYPL,Long,2024-05-08T14:00:00+00:00,2024-05-08T19:45:00+00:00,64.5300,64.0600,-1.4607,1.7860,-3.2467,0.0070,142.00,5.7500,30,eod
GOOGL,Short,2024-05-09T14:00:00+00:00,2024-05-09T19:45:00+00:00,168.7200,169.5300,-1.4460,-0.1950,-1.2510,0.0034,-54.00,5.7500,30,eod
BAC,Long,2024-05-09T14:00:00+00:00,2024-05-09T19:45:00+00:00,37.9800,38.3600,2.3788,-0.1950,2.5738,0.0045,241.00,5.7500,30,eod
HD,Short,2024-05-09T14:00:00+00:00,2024-05-09T19:45:00+00:00,343.7100,347.4800,3.0084,-0.1950,3.2034,0.0044,-26.00,5.7500,30,eod
DIS,Short,2024-05-10T14:00:00+00:00,2024-05-10T14:20:00+00:00,105.6900,106.1600,-1.8612,-0.3309,-1.5303,0.0045,-86.00,0.3333,30,reversal
NKE,Long,2024-05-10T19:05:00+00:00,2024-05-10T19:45:00+00:00,90.9800,91.1000,-3.5698,-0.4792,-3.0906,0.0056,100.00,0.6667,335,eod
UNH,Long,2024-05-10T14:00:00+00:00,2024-05-10T19:45:00+00:00,510.0200,512.0300,1.2122,-0.3309,1.5432,0.0041,17.00,5.7500,30,eod
TSLA,Long,2024-05-13T14:00:00+00:00,2024-05-13T19:45:00+00:00,174.8000,171.8400,2.3258,0.1593,2.1665,0.0114,52.00,5.7500,30,eod
GOOGL,Short,2024-05-13T17:25:00+00:00,2024-05-13T19:45:00+00:00,168.5800,168.6400,3.0099,-0.0052,3.0151,0.0075,-53.00,2.3333,235,eod
CVX,Long,2024-05-13T15:25:00+00:00,2024-05-13T19:45:00+00:00,164.3700,164.2300,-3.2950,-0.2129,-3.0821,0.0040,55.00,4.3333,115,eod
HD,Short,2024-05-13T14:00:00+00:00,2024-05-13T19:45:00+00:00,344.4400,340.7100,-1.5204,0.1593,-1.6797,0.0048,-26.00,5.7500,30,eod
LOW,Long,2024-05-14T14:00:00+00:00,2024-05-14T14:30:00+00:00,234.3600,232.9800,2.1055,0.0000,2.1055,0.0060,38.00,0.5000,30,reversal
GOOGL,Short,2024-05-14T14:00:00+00:00,2024-05-14T19:45:00+00:00,169.0200,170.3200,-2.0827,0.0000,-2.0827,0.0038,-53.00,5.7500,30,eod
COP,Long,2024-05-14T14:30:00+00:00,2024-05-14T19:45:00+00:00,120.7200,121.1300,-1.5302,1.7312,-3.2615,0.0047,74.00,5.2500,60,eod
SCHW,Short,2024-05-14T14:00:00+00:00,2024-05-14T19:45:00+00:00,76.7200,76.9100,3.1025,0.0000,3.1025,0.0057,-118.00,5.7500,30,eod
LLY,Long,2024-05-15T14:00:00+00:00,2024-05-15T17:45:00+00:00,773.9200,779.5500,1.8141,-0.3534,2.1674,0.0064,11.00,3.7500,30,reversal
CVX,Short,2024-05-15T14:00:00+00:00,2024-05-15T19:45:00+00:00,160.8400,162.5700,-3.3280,-0.3534,-2.9747,0.0035,-56.00,5.7500,30,eod
CVX,Long,2024-05-15T14:05:00+00:00,2024-05-15T19:45:00+00:00,160.3700,162.5700,-3.7188,-0.2118,-3.5070,0.0039,56.00,5.6667,35,eod
NKE,Long,2024-05-16T14:00:00+00:00,2024-05-16T14:45:00+00:00,92.7300,92.3800,1.7620,0.5725,1.1895,0.0049,98.00,0.7500,30,reversal
CRM,Short,2024-05-16T14:00:00+00:00,2024-05-16T19:45:00+00:00,286.2800,284.8400,-2.3852,0.5725,-2.9577,0.0039,-31.00,5.7500,30,eod
CRM,Long,2024-05-16T14:15:00+00:00,2024-05-16T19:45:00+00:00,286.0000,284.8400,-2.7522,0.6265,-3.3787,0.0038,31.00,5.5000,45,eod
MSFT,Short,2024-05-17T14:00:00+00:00,2024-05-17T14:10:00+00:00,419.0300,420.0500,-1.0628,0.2692,-1.3320,0.0020,-21.00,0.1667,30,reversal
MU,Long,2024-05-17T18:00:00+00:00,2024-05-17T19:45:00+00:00,125.4300,125.2900,-3.9353,-0.7989,-3.1364,0.0063,72.00,1.7500,270,eod
NFLX,Long,2024-05-17T14:00:00+00:00,2024-05-17T19:45:00+00:00,62.4100,62.0200,3.1269,0.2692,2.8576,0.0047,145.00,5.7500,30,eod
SBUX,Short,2024-05-17T18:00:00+00:00,2024-05-17T19:45:00+00:00,77.1400,77.7200,2.3416,-0.7989,3.1405,0.0121,-117.00,1.7500,270,eod
MU,Long,2024-05-20T14:15:00+00:00,2024-05-20T16:10:00+00:00,130.7400,129.3100,2.9206,1.8676,1.0530,0.0066,68.00,1.9167,45,reversal
JPM,Long,2024-05-20T14:00:00+00:00,2024-05-20T19:45:00+00:00,203.2100,196.3800,-3.5350,2.1367,-5.6717,0.0032,44.00,5.7500,30,eod
BAC,Short,2024-05-20T14:00:00+00:00,2024-05-20T19:45:00+00:00,39.3100,38.8500,-0.7456,2.1367,-2.8823,0.0031,-229.00,5.7500,30,eod
SLB,Short,2024-05-21T14:25:00+00:00,2024-05-21T16:00:00+00:00,48.9700,48.4100,3.6677,0.5548,3.1129,0.0040,-181.00,1.5833,55,reversal
GOOGL,Long,2024-05-21T14:00:00+00:00,2024-05-21T16:20:00+00:00,177.5700,177.0000,2.1326,0.5487,1.5840,0.0039,50.00,2.3333,30,reversal
TXN,Short,2024-05-21T14:00:00+00:00,2024-05-21T19:45:00+00:00,197.1900,198.8400,-1.8086,0.5487,-2.3572,0.0040,-45.00,5.7500,30,eod
T,Long,2024-05-21T14:00:00+00:00,2024-05-21T19:45:00+00:00,17.2400,17.3000,-2.9216,0.5487,-3.4702,0.0030,516.00,5.7500,30,eod
LIN,Short,2024-05-22T14:00:00+00:00,2024-05-22T16:25:00+00:00,432.5700,435.4800,-2.8338,-0.0712,-2.7626,0.0022,-20.00,2.4167,30,reversal
SLB,Long,2024-05-22T14:00:00+00:00,2024-05-22T19:45:00+00:00,47.2800,46.3600,-3.5494,-0.0712,-3.4782,0.0047,188.00,5.7500,30,eod
SBUX,Short,2024-05-22T14:00:00+00:00,2024-05-22T19:45:00+00:00,78.4100,80.5200,2.9438,-0.0712,3.0149,0.0040,-113.00,5.7500,30,eod
PFE,Long,2024-05-22T14:00:00+00:00,2024-05-22T19:45:00+00:00,28.8300,29.5000,2.5595,-0.0712,2.6306,0.0045,308.00,5.7500,30,eod
CRM,Short,2024-05-23T14:10:00+00:00,2024-05-23T17:40:00+00:00,282.4200,279.4900,-2.6577,-1.5470,-1.1106,0.0032,-31.00,3.5000,40,reversal
CRM,Long,2024-05-23T14:35:00+00:00,2024-05-23T17:40:00+00:00,279.2700,279.4900,-4.5393,-0.6987,-3.8406,0.0043,31.00,3.0833,65,reversal
ADBE,Short,2024-05-23T14:00:00+00:00,2024-05-23T19:45:00+00:00,489.6200,482.1300,1.6011,-3.0832,4.6843,0.0041,-17.00,5.7500,30,eod
MPC,Long,2024-05-23T14:00:00+00:00,2024-05-23T19:45:00+00:00,176.4200,177.4700,-0.4842,-3.0832,2.5991,0.0056,49.00,5.7500,30,eod
NFLX,Long,2024-05-24T14:00:00+00:00,2024-05-24T14:40:00+00:00,64.8300,64.7700,2.1886,0.3721,1.8165,0.0055,136.00,0.6667,30,reversal
GE,Long,2024-05-24T14:00:00+00:00,2024-05-24T14:45:00+00:00,164.3900,167.4400,-2.9736,0.3721,-3.3457,0.0040,53.00,0.7500,30,reversal
CAT,Short,2024-05-24T14:00:00+00:00,2024-05-24T19:45:00+00:00,348.7400,348.5500,-2.1138,0.3721,-2.4859,0.0056,-25.00,5.7500,30,eod
LLY,Short,2024-05-28T14:00:00+00:00,2024-05-28T14:40:00+00:00,791.2200,802.9500,-3.3435,-1.1936,-2.1499,0.0054,-11.00,0.6667,30,reversal
PYPL,Long,2024-05-28T14:00:00+00:00,2024-05-28T16:15:00+00:00,62.5800,62.1100,1.3802,-1.1936,2.5738,0.0073,142.00,2.2500,30,reversal
NKE,Short,2024-05-28T14:00:00+00:00,2024-05-28T19:45:00+00:00,92.2900,91.9800,2.1602,-1.1936,3.3537,0.0043,-96.00,5.7500,30,eod
T,Long,2024-05-28T17:30:00+00:00,2024-05-28T19:45:00+00:00,17.2300,17.2500,-2.5820,0.4840,-3.0660,0.0055,513.00,2.2500,240,eod
SBUX,Long,2024-05-29T14:00:00+00:00,2024-05-29T14:15:00+00:00,78.0500,77.6400,2.6727,1.3791,1.2936,0.0045,113.00,0.2500,30,reversal
UNH,Short,2024-05-29T14:05:00+00:00,2024-05-29T14:50:00+00:00,486.4000,478.4700,4.1329,0.9742,3.1587,0.0049,-18.00,0.7500,35,reversal
COP,Long,2024-05-29T14:00:00+00:00,2024-05-29T19:45:00+00:00,115.2000,114.9800,-2.8772,1.3791,-4.2564,0.0030,76.00,5.7500,30,eod
MPC,Short,2024-05-29T14:00:00+00:00,2024-05-29T19:45:00+00:00,174.9100,173.0100,-1.4128,1.3791,-2.7920,0.0055,-50.00,5.7500,30,eod
UNH,Short,2024-05-30T14:00:00+00:00,2024-05-30T14:40:00+00:00,480.3000,480.7100,-1.7385,1.0429,-2.7813,0.0042,-18.00,0.6667,30,reversal
TSLA,Long,2024-05-30T14:00:00+00:00,2024-05-30T15:35:00+00:00,181.5500,176.2100,2.1911,1.0429,1.1482,0.0088,48.00,1.5833,30,reversal
CRM,Long,2024-05-30T14:00:00+00:00,2024-05-30T19:45:00+00:00,218.2500,215.2800,-4.0778,1.0429,-5.1207,0.0057,40.00,5.7500,30,eod
NKE,Short,2024-05-30T14:30:00+00:00,2024-05-30T19:45:00+00:00,93.4600,93.1700,2.8161,-0.8110,3.6271,0.0052,-94.00,5.2500,60,eod
MSFT,Short,2024-05-31T14:50:00+00:00,2024-05-31T15:40:00+00:00,406.7400,406.7100,-4.7380,-3.5808,-1.1572,0.0041,-21.00,0.8333,80,reversal
DIS,Long,2024-05-31T14:00:00+00:00,2024-05-31T19:45:00+00:00,102.7300,103.5400,0.9178,-2.0195,2.9373,0.0039,85.00,5.7500,30,eod
T,Short,2024-05-31T14:00:00+00:00,2024-05-31T19:45:00+00:00,17.7900,18.1800,4.3698,-2.0195,6.3893,0.0033,-492.00,5.7500,30,eod
CVX,Short,2024-06-03T14:00:00+00:00,2024-06-03T14:10:00+00:00,159.0700,159.6900,-3.9017,-1.8303,-2.0715,0.0032,-54.00,0.1667,30,reversal
LLY,Long,2024-06-03T14:00:00+00:00,2024-06-03T19:45:00+00:00,827.4900,829.4800,1.0678,-1.8303,2.8980,0.0059,10.00,5.7500,30,eod
PFE,Short,2024-06-03T14:00:00+00:00,2024-06-03T19:45:00+00:00,29.3600,29.2700,4.0081,-1.8303,5.8384,0.0056,-296.00,5.7500,30,eod
ADBE,Long,2024-06-04T14:00:00+00:00,2024-06-04T18:25:00+00:00,447.9400,447.1900,3.3346,1.5241,1.8106,0.0038,19.00,4.4167,30,reversal
ADBE,Short,2024-06-04T14:05:00+00:00,2024-06-04T18:25:00+00:00,448.1800,447.1900,3.2657,0.0000,3.2657,0.0041,-19.00,4.3333,35,reversal
QCOM,Long,2024-06-04T14:00:00+00:00,2024-06-04T19:45:00+00:00,202.7600,203.7600,-2.1618,1.5241,-3.6859,0.0056,42.00,5.7500,30,eod
FCX,Short,2024-06-04T14:00:00+00:00,2024-06-04T19:45:00+00:00,50.0300,49.4600,-1.1923,1.5241,-2.7164,0.0073,-174.00,5.7500,30,eod
NVDA,Long,2024-06-05T14:00:00+00:00,2024-06-05T15:20:00+00:00,119.3800,119.6900,3.2296,0.7163,2.5132,0.0035,73.00,1.3333,30,reversal
JPM,Short,2024-06-05T14:00:00+00:00,2024-06-05T19:45:00+00:00,198.1800,197.1600,-1.7777,0.7163,-2.4940,0.0030,-44.00,5.7500,30,eod
UNH,Long,2024-06-05T14:20:00+00:00,2024-06-05T19:45:00+00:00,500.4500,502.6500,-2.2028,1.1582,-3.3611,0.0057,17.00,5.4167,50,eod
NVDA,Long,2024-06-06T14:00:00+00:00,2024-06-06T19:45:00+00:00,120.6500,120.7200,-5.7984,-1.3754,-4.4230,0.0058,72.00,5.7500,30,eod
MU,Short,2024-06-06T14:00:00+00:00,2024-06-06T19:45:00+00:00,130.0300,130.6700,-3.1565,-1.3754,-1.7811,0.0073,-67.00,5.7500,30,eod
SBUX,Short,2024-06-06T14:00:00+00:00,2024-06-06T19:45:00+00:00,82.2000,81.5600,2.7773,-1.3754,4.1527,0.0052,-106.00,5.7500,30,eod
PYPL,Long,2024-06-06T14:00:00+00:00,2024-06-06T19:45:00+00:00,65.6000,66.9400,1.5715,-1.3754,2.9469,0.0061,133.00,5.7500,30,eod
COIN,Long,2024-06-07T14:00:00+00:00,2024-06-07T14:20:00+00:00,260.6300,258.6600,2.9720,1.3022,1.6697,0.0083,33.00,0.3333,30,reversal
UNH,Short,2024-06-07T14:00:00+00:00,2024-06-07T19:45:00+00:00,498.1100,491.2900,-0.9038,1.3022,-2.2061,0.0046,-17.00,5.7500,30,eod
UNH,Long,2024-06-07T15:45:00+00:00,2024-06-07T19:45:00+00:00,494.9100,491.2900,-1.8248,1.1812,-3.0060,0.0058,17.00,4.0000,135,eod
JPM,Long,2024-06-10T14:00:00+00:00,2024-06-10T14:55:00+00:00,200.5200,199.0700,2.4904,-0.3518,2.8422,0.0039,43.00,0.9167,30,reversal
AAPL,Short,2024-06-10T14:00:00+00:00,2024-06-10T19:45:00+00:00,195.1800,192.4100,-2.3115,-0.3518,-1.9597,0.0036,-45.00,5.7500,30,eod
AAPL,Long,2024-06-10T15:45:00+00:00,2024-06-10T19:45:00+00:00,195.1700,192.4100,-1.8981,1.1960,-3.0942,0.0044,44.00,4.0000,135,eod
PFE,Long,2024-06-11T14:00:00+00:00,2024-06-11T17:10:00+00:00,28.2000,28.0300,1.4766,-0.7931,2.2697,0.0065,309.00,3.1667,30,reversal
TSLA,Short,2024-06-11T14:00:00+00:00,2024-06-11T19:45:00+00:00,168.8500,169.5200,-2.3048,-0.7931,-1.5117,0.0074,-51.00,5.7500,30,eod
AAPL,Short,2024-06-11T14:00:00+00:00,2024-06-11T19:45:00+00:00,199.6100,206.2300,4.2988,-0.7931,5.0919,0.0043,-43.00,5.7500,30,eod
PYPL,Long,2024-06-11T14:20:00+00:00,2024-06-11T19:45:00+00:00,65.1700,64.5600,-3.7800,0.0957,-3.8757,0.0059,133.00,5.4167,50,eod
AVGO,Long,2024-06-12T14:00:00+00:00,2024-06-12T19:45:00+00:00,148.3500,149.4800,-2.4569,1.8223,-4.2793,0.0050,57.00,5.7500,30,eod
AAPL,Long,2024-06-12T14:00:00+00:00,2024-06-12T19:45:00+00:00,214.7100,214.3400,4.2597,1.8223,2.4374,0.0055,39.00,5.7500,30,eod
LOW,Short,2024-06-12T14:35:00+00:00,2024-06-12T19:45:00+00:00,226.8300,225.2900,4.6857,1.3432,3.3425,0.0038,-37.00,5.1667,65,eod
PFE,Short,2024-06-12T14:00:00+00:00,2024-06-12T19:45:00+00:00,27.7100,27.6000,-1.0743,1.8223,-2.8966,0.0070,-309.00,5.7500,30,eod
TSLA,Long,2024-06-13T14:00:00+00:00,2024-06-13T14:30:00+00:00,190.3300,183.7700,1.9890,-0.0246,2.0136,0.0099,45.00,0.5000,30,reversal
LLY,Short,2024-06-13T14:10:00+00:00,2024-06-13T19:45:00+00:00,874.4400,881.3500,1.9608,-1.4007,3.3615,0.0060,-9.00,5.5833,40,eod
PYPL,Short,2024-06-13T14:00:00+00:00,2024-06-13T19:45:00+00:00,62.5200,61.7500,-2.5965,-0.0246,-2.5720,0.0065,-137.00,5.7500,30,eod
QCOM,Short,2024-06-14T14:00:00+00:00,2024-06-14T19:45:00+00:00,214.6600,214.9500,-2.1221,0.8573,-2.9794,0.0057,-39.00,5.7500,30,eod
NFLX,Long,2024-06-14T14:00:00+00:00,2024-06-14T19:45:00+00:00,66.8400,66.8900,2.1875,0.8573,1.3302,0.0055,127.00,5.7500,30,eod
PFE,Long,2024-06-14T14:00:00+00:00,2024-06-14T19:45:00+00:00,27.4900,27.5100,-3.3084,0.8573,-4.1657,0.0076,309.00,5.7500,30,eod
AVGO,Long,2024-06-17T14:00:00+00:00,2024-06-17T15:20:00+00:00,180.8000,179.9000,2.2968,0.4555,1.8413,0.0068,46.00,1.3333,30,reversal
PFE,Long,2024-06-17T15:55:00+00:00,2024-06-17T19:45:00+00:00,27.0400,26.9400,-2.1558,1.0113,-3.1671,0.0073,313.00,3.8333,145,eod
PYPL,Short,2024-06-17T14:00:00+00:00,2024-06-17T19:45:00+00:00,59.7500,60.1500,-1.7577,0.4555,-2.2133,0.0070,-142.00,5.7500,30,eod
AAPL,Short,2024-06-18T14:00:00+00:00,2024-06-18T19:45:00+00:00,214.9400,214.2600,-2.4151,-0.5958,-1.8193,0.0067,-39.00,5.7500,30,eod
ADBE,Short,2024-06-18T14:00:00+00:00,2024-06-18T19:45:00+00:00,527.9800,521.8800,3.8546,-0.5958,4.4504,0.0042,-15.00,5.7500,30,eod
JPM,Long,2024-06-18T14:00:00+00:00,2024-06-18T19:45:00+00:00,197.2400,196.6700,2.2962,-0.5958,2.8920,0.0038,42.00,5.7500,30,eod
GOOGL,Short,2024-06-20T14:00:00+00:00,2024-06-20T14:15:00+00:00,175.1100,175.4100,-1.9429,0.6170,-2.5599,0.0046,-48.00,0.2500,30,reversal
AMD,Long,2024-06-20T14:00:00+00:00,2024-06-20T19:45:00+00:00,162.7100,162.8600,2.9547,0.6170,2.3377,0.0117,52.00,5.7500,30,eod
AMD,Short,2024-06-20T14:10:00+00:00,2024-06-20T19:45:00+00:00,161.2900,162.8600,2.5245,-1.4425,3.9670,0.0101,-52.00,5.5833,40,eod
COP,Long,2024-06-21T14:00:00+00:00,2024-06-21T15:20:00+00:00,111.7900,111.2400,1.1324,-1.8625,2.9949,0.0048,75.00,1.3333,30,reversal
MSFT,Short,2024-06-21T14:10:00+00:00,2024-06-21T15:35:00+00:00,447.8500,448.5500,-1.8247,-0.8079,-1.0168,0.0024,-18.00,1.4167,40,reversal
TXN,Short,2024-06-21T14:00:00+00:00,2024-06-21T19:45:00+00:00,195.6900,195.3600,2.3257,-1.8625,4.1882,0.0041,-42.00,5.7500,30,eod
UNH,Short,2024-06-24T14:00:00+00:00,2024-06-24T14:30:00+00:00,485.3800,487.5400,-1.2545,0.5721,-1.8266,0.0030,-17.00,0.5000,30,reversal
GS,Long,2024-06-24T14:00:00+00:00,2024-06-24T19:45:00+00:00,456.9000,462.1900,3.1437,0.5721,2.5716,0.0049,18.00,5.7500,30,eod
GS,Short,2024-06-24T14:20:00+00:00,2024-06-24T19:45:00+00:00,457.6800,462.1900,3.2615,-0.1615,3.4230,0.0052,-18.00,5.4167,50,eod
META,Long,2024-06-25T14:00:00+00:00,2024-06-25T14:15:00+00:00,506.5700,505.8200,3.2213,1.9271,1.2942,0.0041,16.00,0.2500,30,reversal
SBUX,Long,2024-06-25T14:00:00+00:00,2024-06-25T19:45:00+00:00,79.7300,78.9900,-2.2133,1.9271,-4.1404,0.0045,104.00,5.7500,30,eod
T,Short,2024-06-25T14:00:00+00:00,2024-06-25T19:45:00+00:00,18.6000,18.6700,-0.7977,1.9271,-2.7248,0.0040,-448.00,5.7500,30,eod
AMZN,Long,2024-06-26T14:25:00+00:00,2024-06-26T19:45:00+00:00,189.1700,193.5000,3.0919,0.8571,2.2349,0.0045,43.00,5.3333,55,eod
AMZN,Short,2024-06-26T15:05:00+00:00,2024-06-26T19:45:00+00:00,191.4600,193.5000,3.6335,0.5176,3.1159,0.0072,-43.00,4.6667,95,eod
JPM,Long,2024-06-26T14:00:00+00:00,2024-06-26T19:45:00+00:00,196.5800,197.1200,-1.6524,2.2627,-3.9151,0.0041,42.00,5.7500,30,eod
PFE,Short,2024-06-26T14:00:00+00:00,2024-06-26T19:45:00+00:00,27.7700,27.3900,-0.6516,2.2627,-2.9143,0.0066,-298.00,5.7500,30,eod
T,Short,2024-06-27T14:00:00+00:00,2024-06-27T15:05:00+00:00,18.6200,18.7000,-1.4079,0.2973,-1.7052,0.0038,-446.00,1.0833,30,reversal
CRM,Short,2024-06-27T14:40:00+00:00,2024-06-27T19:45:00+00:00,253.6500,252.5800,3.3319,0.3235,3.0084,0.0088,-32.00,5.0833,70,eod
BAC,Long,2024-06-27T14:00:00+00:00,2024-06-27T19:45:00+00:00,38.7200,39.2300,2.3005,0.2973,2.0032,0.0040,214.00,5.7500,30,eod
GOOGL,Short,2024-06-28T14:00:00+00:00,2024-06-28T16:10:00+00:00,184.7500,183.9100,1.5389,4.3019,-2.7630,0.0054,-45.00,2.1667,30,reversal
TXN,Long,2024-06-28T14:50:00+00:00,2024-06-28T19:45:00+00:00,197.2900,194.9600,3.3865,1.8251,1.5614,0.0045,42.00,4.9167,80,eod
UNH,Long,2024-06-28T14:00:00+00:00,2024-06-28T19:45:00+00:00,497.3700,496.2100,-4.6480,4.3019,-8.9498,0.0036,16.00,5.7500,30,eod
TSLA,Short,2024-07-01T14:10:00+00:00,2024-07-01T19:45:00+00:00,207.7600,209.9600,1.7213,-1.9853,3.7066,0.0116,-40.00,5.5833,40,eod
META,Short,2024-07-01T14:00:00+00:00,2024-07-01T19:45:00+00:00,497.7400,503.5700,-2.4670,-0.4458,-2.0212,0.0051,-16.00,5.7500,30,eod
AMZN,Long,2024-07-01T14:00:00+00:00,2024-07-01T19:45:00+00:00,195.1000,196.8800,2.3265,-0.4458,2.7723,0.0042,42.00,5.7500,30,eod
DIS,Long,2024-07-01T14:20:00+00:00,2024-07-01T19:45:00+00:00,98.2900,97.9900,-3.1965,-0.1536,-3.0429,0.0033,84.00,5.4167,50,eod
LLY,Short,2024-07-02T14:00:00+00:00,2024-07-02T14:45:00+00:00,882.7900,897.3500,-1.8088,1.1815,-2.9903,0.0052,-9.00,0.7500,30,reversal
TSLA,Long,2024-07-02T14:05:00+00:00,2024-07-02T15:40:00+00:00,227.6700,228.9300,2.1963,0.8079,1.3884,0.0143,36.00,1.5833,35,reversal
NKE,Long,2024-07-02T14:00:00+00:00,2024-07-02T19:45:00+00:00,75.6200,76.1400,-2.0475,1.1815,-3.2289,0.0073,109.00,5.7500,30,eod
DIS,Long,2024-07-03T14:00:00+00:00,2024-07-03T15:30:00+00:00,98.6500,98.4400,2.4355,0.0812,2.3543,0.0034,83.00,1.5000,30,reversal
AMZN,Short,2024-07-03T14:00:00+00:00,2024-07-05T13:35:00+00:00,198.2100,199.7500,-2.0683,0.0812,-2.1495,0.0038,-41.00,47.5833,30,reversal
TXN,Short,2024-07-05T14:00:00+00:00,2024-07-05T19:45:00+00:00,198.2000,198.5600,-1.3060,1.6358,-2.9419,0.0043,-41.00,5.7500,30,eod
META,Long,2024-07-05T14:00:00+00:00,2024-07-05T19:45:00+00:00,524.9300,539.7000,3.4338,1.6358,1.7979,0.0058,15.00,5.7500,30,eod
UNH,Long,2024-07-03T14:10:00+00:00,2024-07-05T19:45:00+00:00,489.5400,488.4500,-2.6732,0.3542,-3.0274,0.0046,16.00,53.5833,40,eod
AAPL,Short,2024-07-08T14:00:00+00:00,2024-07-08T19:30:00+00:00,224.1800,227.0200,-2.0352,-0.0395,-1.9957,0.0058,-36.00,5.5000,30,reversal
TSLA,Long,2024-07-08T14:00:00+00:00,2024-07-08T19:45:00+00:00,252.8200,252.2600,2.2628,-0.0395,2.3023,0.0123,32.00,5.7500,30,eod
MPC,Long,2024-07-08T15:40:00+00:00,2024-07-08T19:45:00+00:00,167.5300,167.8500,-2.4606,0.6793,-3.1398,0.0063,49.00,4.0833,130,eod
LLY,Short,2024-07-08T14:20:00+00:00,2024-07-08T19:45:00+00:00,924.7800,917.0500,3.2630,-0.1412,3.4042,0.0041,-8.00,5.4167,50,eod
DIS,Short,2024-07-09T14:00:00+00:00,2024-07-09T16:40:00+00:00,96.6200,96.8500,-2.4900,-0.4863,-2.0037,0.0035,-85.00,2.6667,30,reversal
CVX,Long,2024-07-09T14:00:00+00:00,2024-07-09T19:45:00+00:00,153.7400,153.4600,1.8541,-0.4863,2.3404,0.0041,53.00,5.7500,30,eod
FCX,Short,2024-07-09T14:20:00+00:00,2024-07-09T19:45:00+00:00,51.7400,51.0000,2.5748,-0.9783,3.5531,0.0074,-159.00,5.4167,50,eod
AMD,Long,2024-07-10T14:00:00+00:00,2024-07-10T17:05:00+00:00,184.8500,182.0400,2.4869,0.8540,1.6329,0.0134,44.00,3.0833,30,reversal
CRM,Short,2024-07-10T14:00:00+00:00,2024-07-10T18:15:00+00:00,246.9100,252.9600,-1.7717,0.8540,-2.6257,0.0059,-33.00,4.2500,30,reversal
NFLX,Long,2024-07-10T14:00:00+00:00,2024-07-10T19:45:00+00:00,67.8800,67.7300,-2.1491,0.8540,-3.0031,0.0045,121.00,5.7500,30,eod
AVGO,Short,2024-07-11T14:00:00+00:00,2024-07-11T14:20:00+00:00,172.8000,170.8800,-2.3317,-0.6475,-1.6841,0.0065,-47.00,0.3333,30,reversal
MPC,Long,2024-07-11T14:00:00+00:00,2024-07-11T19:45:00+00:00,163.4400,164.7100,2.2080,-0.6475,2.8555,0.0041,49.00,5.7500,30,eod
UNH,Short,2024-07-11T14:00:00+00:00,2024-07-11T19:45:00+00:00,503.6100,505.6100,2.6009,-0.6475,3.2484,0.0042,-16.00,5.7500,30,eod
TSLA,Long,2024-07-12T14:10:00+00:00,2024-07-12T19:45:00+00:00,245.6000,249.3500,2.8668,1.8592,1.0076,0.0163,33.00,5.5833,40,eod
MPC,Long,2024-07-12T14:00:00+00:00,2024-07-12T19:45:00+00:00,162.6100,165.2200,-2.6706,2.3049,-4.9755,0.0048,50.00,5.7500,30,eod
NKE,Short,2024-07-12T14:00:00+00:00,2024-07-12T19:45:00+00:00,73.4200,73.4300,-0.5110,2.3049,-2.8159,0.0074,-111.00,5.7500,30,eod
GS,Long,2024-07-15T14:00:00+00:00,2024-07-15T16:15:00+00:00,481.9800,488.1100,-2.6312,0.7691,-3.4003,0.0044,17.00,2.2500,30,reversal
SLB,Short,2024-07-15T16:15:00+00:00,2024-07-15T19:45:00+00:00,48.3400,48.1400,2.9909,-0.1047,3.0955,0.0106,-170.00,3.5000,165,eod
SCHW,Long,2024-07-15T14:00:00+00:00,2024-07-15T19:45:00+00:00,75.1300,75.1000,3.1779,0.7691,2.4088,0.0044,109.00,5.7500,30,eod
UNH,Short,2024-07-15T14:00:00+00:00,2024-07-15T19:45:00+00:00,517.4800,514.4200,-2.1314,0.7691,-2.9005,0.0051,-15.00,5.7500,30,eod
AVGO,Short,2024-07-16T14:00:00+00:00,2024-07-16T14:25:00+00:00,167.6200,168.7100,-3.4884,-2.4377,-1.0508,0.0084,-49.00,0.4167,30,reversal
GE,Long,2024-07-16T14:00:00+00:00,2024-07-16T19:45:00+00:00,159.9600,162.8700,-0.5604,-2.4377,1.8772,0.0059,51.00,5.7500,30,eod
BAC,Short,2024-07-16T14:00:00+00:00,2024-07-16T19:45:00+00:00,43.7000,44.1800,4.7924,-2.4377,7.2301,0.0048,-189.00,5.7500,30,eod
GE,Short,2024-07-17T14:00:00+00:00,2024-07-17T14:10:00+00:00,158.6000,159.6900,-2.7621,-1.4350,-1.3271,0.0064,-52.00,0.1667,30,reversal
BAC,Long,2024-07-17T14:00:00+00:00,2024-07-17T19:45:00+00:00,44.3400,43.8300,1.4499,-1.4350,2.8849,0.0049,186.00,5.7500,30,eod
SCHW,Long,2024-07-17T14:00:00+00:00,2024-07-17T19:45:00+00:00,63.1500,63.6100,-5.0337,-1.4350,-3.5987,0.0058,130.00,5.7500,30,eod
SBUX,Short,2024-07-17T14:00:00+00:00,2024-07-17T19:45:00+00:00,75.8400,75.2300,2.2346,-1.4350,3.6696,0.0070,-108.00,5.7500,30,eod
GOOGL,Short,2024-07-18T14:00:00+00:00,2024-07-18T15:15:00+00:00,179.4900,178.6800,-2.5662,-0.4372,-2.1290,0.0053,-45.00,1.2500,30,reversal
LIN,Short,2024-07-18T14:00:00+00:00,2024-07-18T19:45:00+00:00,450.1000,447.9300,3.2336,-0.4372,3.6709,0.0026,-18.00,5.7500,30,eod
LLY,Long,2024-07-18T14:00:00+00:00,2024-07-18T19:45:00+00:00,883.4500,847.2100,-4.2130,-0.4372,-3.7757,0.0062,9.00,5.7500,30,eod
PYPL,Long,2024-07-18T14:00:00+00:00,2024-07-18T19:45:00+00:00,61.1000,60.1700,2.2153,-0.4372,2.6525,0.0061,134.00,5.7500,30,eod
LLY,Short,2024-07-19T14:05:00+00:00,2024-07-19T14:30:00+00:00,862.6600,866.0900,-1.5741,0.2144,-1.7885,0.0062,-9.00,0.4167,35,reversal
NFLX,Long,2024-07-19T14:00:00+00:00,2024-07-19T19:45:00+00:00,63.6400,63.0400,-5.7712,-0.6417,-5.1295,0.0086,127.00,5.7500,30,eod
SLB,Short,2024-07-19T14:00:00+00:00,2024-07-19T19:45:00+00:00,50.4900,49.8300,4.5789,-0.6417,5.2206,0.0077,-160.00,5.7500,30,eod
COIN,Long,2024-07-19T14:00:00+00:00,2024-07-19T19:45:00+00:00,242.6300,257.5700,2.3493,-0.6417,2.9910,0.0151,33.00,5.7500,30,eod
T,Long,2024-07-22T14:00:00+00:00,2024-07-22T15:10:00+00:00,18.3600,18.6200,-2.8840,0.5168,-3.4008,0.0045,449.00,1.1667,30,reversal
NFLX,Long,2024-07-22T14:05:00+00:00,2024-07-22T19:45:00+00:00,64.7500,65.0600,1.7149,-0.1175,1.8324,0.0089,127.00,5.6667,35,eod
HD,Short,2024-07-22T14:00:00+00:00,2024-07-22T19:45:00+00:00,362.6600,363.2000,-2.2414,0.5168,-2.7582,0.0040,-22.00,5.7500,30,eod
NKE,Short,2024-07-22T15:40:00+00:00,2024-07-22T19:45:00+00:00,74.3300,75.0300,2.4879,-0.5580,3.0459,0.0054,-111.00,4.0833,130,eod
FCX,Long,2024-07-23T14:00:00+00:00,2024-07-23T14:30:00+00:00,43.8500,45.1600,-3.8052,0.0860,-3.8912,0.0059,188.00,0.5000,30,reversal
QCOM,Short,2024-07-23T14:00:00+00:00,2024-07-23T19:45:00+00:00,192.3900,193.3700,-2.7690,0.0860,-2.8550,0.0064,-42.00,5.7500,30,eod
AMZN,Long,2024-07-23T14:00:00+00:00,2024-07-23T19:45:00+00:00,187.5500,186.7900,3.0764,0.0860,2.9904,0.0056,44.00,5.7500,30,eod
GE,Short,2024-07-23T14:00:00+00:00,2024-07-23T19:45:00+00:00,171.0100,172.8400,3.9902,0.0860,3.9041,0.0072,-48.00,5.7500,30,eod
HD,Short,2024-07-24T14:05:00+00:00,2024-07-24T14:50:00+00:00,355.2300,356.6900,-2.7499,-1.3681,-1.3817,0.0050,-23.00,0.7500,35,reversal
AMZN,Long,2024-07-24T14:00:00+00:00,2024-07-24T19:45:00+00:00,184.8300,181.2000,0.9308,-1.8903,2.8211,0.0059,44.00,5.7500,30,eod
GOOGL,Short,2024-07-24T14:00:00+00:00,2024-07-24T19:45:00+00:00,175.3300,173.0200,3.3110,-1.8903,5.2013,0.0057,-47.00,5.7500,30,eod
LLY,Short,2024-07-25T14:10:00+00:00,2024-07-25T14:15:00+00:00,809.6900,824.4600,-4.5634,-3.2626,-1.3008,0.0089,-10.00,0.0833,40,reversal
TSLA,Long,2024-07-25T14:00:00+00:00,2024-07-25T15:00:00+00:00,219.4700,223.0400,-0.2969,-3.1435,2.8466,0.0162,37.00,1.0000,30,reversal
PFE,Short,2024-07-25T14:00:00+00:00,2024-07-25T16:25:00+00:00,30.7300,30.4800,2.2171,-3.1435,5.3606,0.0076,-267.00,2.4167,30,reversal
LLY,Long,2024-07-25T14:50:00+00:00,2024-07-25T19:45:00+00:00,821.4500,825.9400,-2.6167,0.4052,-3.0220,0.0103,10.00,4.9167,80,eod
UNH,Short,2024-07-26T14:00:00+00:00,2024-07-26T16:35:00+00:00,578.9000,571.7100,3.4400,0.2557,3.1843,0.0064,-14.00,2.5833,30,reversal
CRM,Long,2024-07-26T14:00:00+00:00,2024-07-26T19:45:00+00:00,263.0300,262.9100,2.9744,0.2557,2.7187,0.0067,31.00,5.7500,30,eod
T,Short,2024-07-26T14:00:00+00:00,2024-07-26T19:45:00+00:00,18.9800,19.0700,-1.8317,0.2557,-2.0873,0.0051,-434.00,5.7500,30,eod
GE,Short,2024-07-29T14:00:00+00:00,2024-07-29T15:35:00+00:00,169.5800,169.5700,-1.3649,1.6212,-2.9861,0.0093,-48.00,1.5833,30,reversal
SBUX,Long,2024-07-29T14:05:00+00:00,2024-07-29T19:45:00+00:00,75.2700,75.3400,2.5162,0.7417,1.7745,0.0081,109.00,5.6667,35,eod
DIS,Short,2024-07-29T15:00:00+00:00,2024-07-29T19:45:00+00:00,91.8000,92.3400,2.4967,-0.5592,3.0559,0.0053,-89.00,4.7500,90,eod
COIN,Long,2024-07-29T14:00:00+00:00,2024-07-29T19:45:00+00:00,246.3800,236.0100,-1.4932,1.6212,-3.1144,0.0178,33.00,5.7500,30,eod
AVGO,Short,2024-07-30T14:00:00+00:00,2024-07-30T15:10:00+00:00,148.5100,146.5800,-2.6174,-1.3782,-1.2392,0.0101,-54.00,1.1667,30,reversal
MPC,Short,2024-07-30T14:25:00+00:00,2024-07-30T19:45:00+00:00,175.8100,178.8100,1.8001,-1.4355,3.2356,0.0067,-46.00,5.3333,55,eod
UNH,Long,2024-07-30T14:00:00+00:00,2024-07-30T19:45:00+00:00,576.3300,575.8000,1.6026,-1.3782,2.9808,0.0077,14.00,5.7500,30,eod
CAT,Short,2024-07-31T14:00:00+00:00,2024-07-31T17:00:00+00:00,341.8100,349.1400,-1.4668,1.4161,-2.8829,0.0085,-23.00,3.0000,30,reversal
SBUX,Long,2024-07-31T14:00:00+00:00,2024-07-31T19:45:00+00:00,78.3800,78.4000,-1.6033,1.4161,-3.0193,0.0089,103.00,5.7500,30,eod
PYPL,Long,2024-07-31T14:00:00+00:00,2024-07-31T19:45:00+00:00,66.4200,65.9300,2.7745,1.4161,1.3585,0.0064,121.00,5.7500,30,eod
MPC,Short,2024-08-01T14:00:00+00:00,2024-08-01T16:35:00+00:00,176.3200,174.0100,-2.2954,0.6906,-2.9860,0.0072,-45.00,2.5833,30,reversal
COP,Long,2024-08-01T14:00:00+00:00,2024-08-01T17:40:00+00:00,109.8100,108.9400,-3.8493,0.6906,-4.5399,0.0058,73.00,3.6667,30,reversal
ADBE,Long,2024-08-01T14:00:00+00:00,2024-08-01T19:45:00+00:00,560.5700,545.6600,3.5981,0.6906,2.9075,0.0060,14.00,5.7500,30,eod
ADBE,Short,2024-08-01T14:05:00+00:00,2024-08-01T19:45:00+00:00,560.0300,545.6600,3.5339,0.1085,3.4254,0.0059,-14.00,5.6667,35,eod
CVX,Short,2024-08-02T14:00:00+00:00,2024-08-02T14:50:00+00:00,151.7700,147.7200,3.5165,0.0070,3.5095,0.0058,-53.00,0.8333,30,reversal
MSFT,Short,2024-08-02T14:00:00+00:00,2024-08-02T19:45:00+00:00,406.2600,406.9600,-2.2614,0.0070,-2.2684,0.0057,-19.00,5.7500,30,eod
NKE,Long,2024-08-02T14:00:00+00:00,2024-08-02T19:45:00+00:00,73.5700,73.8400,2.9055,0.0070,2.8985,0.0067,109.00,5.7500,30,eod
T,Long,2024-08-02T14:45:00+00:00,2024-08-02T19:45:00+00:00,19.5100,19.3600,-3.2483,-0.0100,-3.2383,0.0068,415.00,5.0000,75,eod
LIN,Long,2024-08-05T14:00:00+00:00,2024-08-05T19:45:00+00:00,447.7900,442.2500,-3.0299,4.6234,-7.6533,0.0046,18.00,5.7500,30,eod
SCHW,Short,2024-08-05T14:00:00+00:00,2024-08-05T19:45:00+00:00,62.5700,62.0700,1.6546,4.6234,-2.9688,0.0089,-129.00,5.7500,30,eod
COIN,Long,2024-08-05T14:05:00+00:00,2024-08-05T19:45:00+00:00,185.7200,187.2800,4.4952,3.2951,1.2000,0.0223,43.00,5.6667,35,eod
GOOGL,Short,2024-08-06T14:00:00+00:00,2024-08-06T19:45:00+00:00,157.1000,158.6600,-1.0576,0.9307,-1.9883,0.0079,-51.00,5.7500,30,eod
CAT,Long,2024-08-06T14:00:00+00:00,2024-08-06T19:45:00+00:00,327.7600,326.8200,2.7363,0.9307,1.8057,0.0114,24.00,5.7500,30,eod
XOM,Short,2024-08-07T14:00:00+00:00,2024-08-07T19:45:00+00:00,116.9600,116.2100,3.5751,-0.0728,3.6479,0.0038,-69.00,5.7500,30,eod
FCX,Short,2024-08-07T14:00:00+00:00,2024-08-07T19:45:00+00:00,40.9300,39.8400,-1.9572,-0.0728,-1.8844,0.0081,-197.00,5.7500,30,eod
T,Long,2024-08-07T14:00:00+00:00,2024-08-07T19:45:00+00:00,19.3800,19.3300,2.0416,-0.0728,2.1144,0.0061,416.00,5.7500,30,eod
MPC,Long,2024-08-08T14:00:00+00:00,2024-08-08T14:30:00+00:00,174.4600,174.1800,2.1144,0.7955,1.3189,0.0089,46.00,0.5000,30,reversal
LLY,Short,2024-08-08T14:00:00+00:00,2024-08-08T19:45:00+00:00,839.9400,842.8000,-1.3953,0.7955,-2.1908,0.0110,-9.00,5.7500,30,eod
LLY,Long,2024-08-08T14:15:00+00:00,2024-08-08T19:45:00+00:00,826.8000,842.8000,-2.4213,1.2648,-3.6861,0.0127,9.00,5.5000,45,eod
MU,Short,2024-08-09T14:00:00+00:00,2024-08-09T14:45:00+00:00,92.4200,93.5400,-1.5204,-0.0167,-1.5038,0.0094,-88.00,0.7500,30,reversal
T,Long,2024-08-09T14:00:00+00:00,2024-08-09T19:45:00+00:00,19.5300,19.5300,1.5926,-0.0167,1.6093,0.0068,420.00,5.7500,30,eod
SBUX,Long,2024-08-12T14:00:00+00:00,2024-08-12T16:55:00+00:00,77.6500,76.8600,1.1731,-1.1633,2.3364,0.0093,105.00,2.9167,30,reversal
ADBE,Short,2024-08-12T14:00:00+00:00,2024-08-12T19:45:00+00:00,526.0700,528.1100,-2.2164,-1.1633,-1.0531,0.0071,-15.00,5.7500,30,eod
TSLA,Long,2024-08-13T14:00:00+00:00,2024-08-13T19:45:00+00:00,205.3900,208.1000,2.8700,0.5772,2.2928,0.0136,39.00,5.7500,30,eod
LIN,Short,2024-08-13T14:00:00+00:00,2024-08-13T19:45:00+00:00,446.3600,449.5200,-1.2148,0.5772,-1.7920,0.0046,-18.00,5.7500,30,eod
NKE,Short,2024-08-13T14:30:00+00:00,2024-08-13T19:45:00+00:00,77.7200,78.3600,3.2594,0.2057,3.0536,0.0073,-104.00,5.2500,60,eod
GOOGL,Short,2024-08-14T14:00:00+00:00,2024-08-14T19:45:00+00:00,158.5700,159.7600,-2.6360,-0.7097,-1.9263,0.0079,-51.00,5.7500,30,eod
NFLX,Long,2024-08-14T14:00:00+00:00,2024-08-14T19:45:00+00:00,66.1300,66.0600,1.4061,-0.7097,2.1158,0.0075,122.00,5.7500,30,eod
LLY,Short,2024-08-14T14:10:00+00:00,2024-08-14T19:45:00+00:00,926.8500,930.2600,1.6365,-1.3741,3.0106,0.0138,-8.00,5.5833,40,eod
ADBE,Long,2024-08-15T14:15:00+00:00,2024-08-15T14:45:00+00:00,556.4000,554.8000,2.0657,1.0207,1.0450,0.0053,14.00,0.5000,45,reversal
HD,Long,2024-08-15T14:00:00+00:00,2024-08-15T19:45:00+00:00,359.1700,359.8700,-2.6053,0.8022,-3.4075,0.0064,22.00,5.7500,30,eod
LOW,Short,2024-08-15T14:00:00+00:00,2024-08-15T19:45:00+00:00,238.9500,239.8300,-2.0393,0.8022,-2.8415,0.0079,-33.00,5.7500,30,eod
TSLA,Long,2024-08-16T14:00:00+00:00,2024-08-16T14:45:00+00:00,218.8900,215.0500,1.4186,0.2862,1.1324,0.0148,36.00,0.7500,30,reversal
PFE,Short,2024-08-16T14:00:00+00:00,2024-08-16T19:45:00+00:00,27.9500,28.3300,-2.5313,0.2862,-2.8175,0.0074,-288.00,5.7500,30,eod
PFE,Long,2024-08-16T14:10:00+00:00,2024-08-16T19:45:00+00:00,27.8800,28.3300,-2.6055,0.5335,-3.1390,0.0081,289.00,5.5833,40,eod
SBUX,Short,2024-08-19T14:00:00+00:00,2024-08-19T19:45:00+00:00,93.4000,92.4400,-1.0723,-0.0630,-1.0093,0.0101,-86.00,5.7500,30,eod
SBUX,Long,2024-08-19T17:40:00+00:00,2024-08-19T19:45:00+00:00,92.2700,92.4400,-2.5442,0.5007,-3.0449,0.0090,87.00,2.0833,250,eod
PFE,Long,2024-08-19T14:00:00+00:00,2024-08-19T19:45:00+00:00,28.6500,28.8700,1.2751,-0.0630,1.3381,0.0075,281.00,5.7500,30,eod
NFLX,Short,2024-08-20T14:05:00+00:00,2024-08-20T19:45:00+00:00,71.0700,69.9500,3.9411,0.5032,3.4380,0.0069,-113.00,5.6667,35,eod
XOM,Short,2024-08-20T14:00:00+00:00,2024-08-20T19:45:00+00:00,117.3500,115.1500,-1.8279,0.4069,-2.2348,0.0039,-69.00,5.7500,30,eod
SLB,Long,2024-08-20T14:45:00+00:00,2024-08-20T19:45:00+00:00,44.3900,44.2200,-3.6992,-0.5926,-3.1065,0.0054,183.00,5.0000,75,eod
PYPL,Long,2024-08-20T14:00:00+00:00,2024-08-20T19:45:00+00:00,72.3100,72.0300,3.0583,0.4069,2.6514,0.0112,112.00,5.7500,30,eod
TXN,Long,2024-08-21T14:10:00+00:00,2024-08-21T19:45:00+00:00,207.9500,208.6100,1.9108,0.6059,1.3049,0.0060,39.00,5.5833,40,eod
XOM,Short,2024-08-21T14:00:00+00:00,2024-08-21T19:45:00+00:00,114.5800,114.0900,-1.4631,1.1329,-2.5959,0.0042,-71.00,5.7500,30,eod
PFE,Short,2024-08-22T14:00:00+00:00,2024-08-22T14:10:00+00:00,28.7800,28.8900,-1.7620,-0.5703,-1.1917,0.0062,-283.00,0.1667,30,reversal
SCHW,Short,2024-08-22T14:25:00+00:00,2024-08-22T19:45:00+00:00,64.4100,64.2000,2.2082,-1.1002,3.3084,0.0063,-126.00,5.3333,55,eod
LLY,Long,2024-08-22T14:00:00+00:00,2024-08-22T19:45:00+00:00,971.1600,954.0400,1.6375,-0.5703,2.2078,0.0122,8.00,5.7500,30,eod
PFE,Short,2024-08-23T14:00:00+00:00,2024-08-23T14:50:00+00:00,28.7100,28.8200,-0.6333,1.7186,-2.3519,0.0060,-282.00,0.8333,30,reversal
LOW,Long,2024-08-23T14:40:00+00:00,2024-08-23T19:45:00+00:00,246.8300,250.5800,2.1234,1.0705,1.0529,0.0089,32.00,5.0833,70,eod
CVX,Long,2024-08-26T14:00:00+00:00,2024-08-26T15:50:00+00:00,149.8200,147.9500,1.2064,-1.3270,2.5334,0.0031,54.00,1.8333,30,reversal
AMD,Short,2024-08-26T14:00:00+00:00,2024-08-26T19:45:00+00:00,153.6400,149.7800,-2.6277,-1.3270,-1.3008,0.0099,-52.00,5.7500,30,eod
COP,Short,2024-08-26T14:00:00+00:00,2024-08-26T19:45:00+00:00,114.3900,113.7100,2.1543,-1.3270,3.4813,0.0041,-71.00,5.7500,30,eod
TSLA,Short,2024-08-27T14:00:00+00:00,2024-08-27T19:45:00+00:00,209.0500,210.1000,-2.3473,0.6470,-2.9943,0.0125,-39.00,5.7500,30,eod
TSLA,Long,2024-08-27T14:10:00+00:00,2024-08-27T19:45:00+00:00,207.5000,210.1000,-2.2954,0.8400,-3.1355,0.0159,39.00,5.5833,40,eod
AAPL,Long,2024-08-27T14:00:00+00:00,2024-08-27T19:45:00+00:00,227.2100,228.1200,2.0359,0.6470,1.3889,0.0036,35.00,5.7500,30,eod
SLB,Short,2024-08-28T14:10:00+00:00,2024-08-28T14:40:00+00:00,43.6100,43.8200,-2.5620,-1.2775,-1.2845,0.0032,-188.00,0.5000,40,reversal
CVX,Long,2024-08-28T14:00:00+00:00,2024-08-28T19:45:00+00:00,146.6200,145.9800,1.3953,-1.4384,2.8337,0.0034,56.00,5.7500,30,eod
GE,Short,2024-08-28T14:00:00+00:00,2024-08-28T19:45:00+00:00,172.5100,171.9700,2.5817,-1.4384,4.0202,0.0047,-47.00,5.7500,30,eod
MSFT,Long,2024-08-29T14:00:00+00:00,2024-08-29T18:00:00+00:00,420.5400,417.1400,3.5657,0.6347,2.9310,0.0027,19.00,4.0000,30,reversal
NVDA,Short,2024-08-29T14:00:00+00:00,2024-08-29T19:45:00+00:00,121.9400,118.0600,-1.7115,0.6347,-2.3461,0.0098,-67.00,5.7500,30,eod
CRM,Long,2024-08-29T14:00:00+00:00,2024-08-29T19:45:00+00:00,261.9600,257.8200,-3.6484,0.6347,-4.2831,0.0056,31.00,5.7500,30,eod
PYPL,Short,2024-08-29T14:15:00+00:00,2024-08-29T19:45:00+00:00,72.6100,73.1000,2.6684,-0.5331,3.2014,0.0067,-113.00,5.5000,45,eod
UNH,Short,2024-08-30T14:00:00+00:00,2024-08-30T15:00:00+00:00,588.4100,589.5600,-1.4169,1.1945,-2.6114,0.0035,-13.00,1.0000,30,reversal
AMZN,Long,2024-08-30T14:10:00+00:00,2024-08-30T19:45:00+00:00,175.0100,177.7800,1.8333,0.6438,1.1896,0.0051,46.00,5.5833,40,eod
MPC,Short,2024-08-30T14:50:00+00:00,2024-08-30T19:45:00+00:00,176.2600,176.6600,3.3770,0.0476,3.3294,0.0068,-46.00,4.9167,80,eod
LIN,Long,2024-08-30T14:00:00+00:00,2024-08-30T19:45:00+00:00,474.6800,477.4800,-2.2878,1.1945,-3.4823,0.0030,17.00,5.7500,30,eod
SLB,Short,2024-09-03T14:00:00+00:00,2024-09-03T14:50:00+00:00,42.2600,42.5200,-4.3090,-1.5266,-2.7823,0.0042,-194.00,0.8333,30,reversal
ADBE,Short,2024-09-03T14:00:00+00:00,2024-09-03T19:45:00+00:00,582.7200,568.2300,2.2419,-1.5266,3.7686,0.0053,-14.00,5.7500,30,eod
GS,Long,2024-09-03T14:00:00+00:00,2024-09-03T19:45:00+00:00,492.1700,487.0000,-5.9465,-1.5266,-4.4199,0.0051,16.00,5.7500,30,eod
T,Long,2024-09-03T14:00:00+00:00,2024-09-03T19:45:00+00:00,20.1100,20.3900,1.0957,-1.5266,2.6223,0.0036,408.00,5.7500,30,eod
DE,Long,2024-09-04T14:00:00+00:00,2024-09-04T15:00:00+00:00,394.7500,393.7200,2.1597,-0.0570,2.2167,0.0060,20.00,1.0000,30,reversal
CRM,Short,2024-09-04T14:00:00+00:00,2024-09-04T18:20:00+00:00,246.0300,248.9100,-1.4371,-0.0570,-1.3801,0.0049,-33.00,4.3333,30,reversal
SLB,Long,2024-09-04T14:25:00+00:00,2024-09-04T19:45:00+00:00,41.6700,41.4300,-2.4406,0.9174,-3.3580,0.0052,197.00,5.3333,55,eod
COP,Short,2024-09-05T14:00:00+00:00,2024-09-05T15:30:00+00:00,108.6400,108.5100,0.1155,2.9549,-2.8394,0.0040,-75.00,1.5000,30,reversal
TSLA,Long,2024-09-05T14:50:00+00:00,2024-09-05T19:45:00+00:00,232.3100,229.0600,2.0489,0.9891,1.0597,0.0168,35.00,4.9167,80,eod
UNH,Long,2024-09-05T14:00:00+00:00,2024-09-05T19:45:00+00:00,596.1100,594.3500,-2.5488,2.9549,-5.5037,0.0036,13.00,5.7500,30,eod
LIN,Short,2024-09-06T14:05:00+00:00,2024-09-06T19:45:00+00:00,463.0400,458.5400,-3.3836,-2.0088,-1.3748,0.0029,-17.00,5.6667,35,eod
DIS,Long,2024-09-06T14:00:00+00:00,2024-09-06T19:45:00+00:00,88.8400,88.1000,0.2423,-2.4870,2.7293,0.0019,91.00,5.7500,30,eod
T,Short,2024-09-06T14:00:00+00:00,2024-09-06T19:45:00+00:00,20.8000,20.9600,1.3722,-2.4870,3.8592,0.0035,-391.00,5.7500,30,eod
GOOGL,Short,2024-09-09T14:00:00+00:00,2024-09-09T19:45:00+00:00,152.0400,148.3600,-1.4117,0.2903,-1.7020,0.0055,-53.00,5.7500,30,eod
GOOGL,Long,2024-09-09T16:05:00+00:00,2024-09-09T19:45:00+00:00,148.9400,148.3600,-3.0429,-0.0383,-3.0046,0.0092,54.00,3.6667,155,eod
JPM,Long,2024-09-09T14:00:00+00:00,2024-09-09T19:45:00+00:00,216.4500,217.2400,2.7742,0.2903,2.4839,0.0036,37.00,5.7500,30,eod
PFE,Short,2024-09-09T14:00:00+00:00,2024-09-09T19:45:00+00:00,29.0000,29.4100,3.3538,0.2903,3.0634,0.0050,-280.00,5.7500,30,eod
DIS,Long,2024-09-10T14:00:00+00:00,2024-09-10T14:20:00+00:00,88.5500,87.9900,2.3840,0.0193,2.3647,0.0018,91.00,0.3333,30,reversal
XOM,Long,2024-09-10T14:00:00+00:00,2024-09-10T19:45:00+00:00,112.2500,110.8400,-4.4728,0.0193,-4.4921,0.0047,72.00,5.7500,30,eod
GS,Short,2024-09-10T14:00:00+00:00,2024-09-10T19:45:00+00:00,470.4800,465.2500,-2.5011,0.0193,-2.5204,0.0057,-17.00,5.7500,30,eod
LOW,Short,2024-09-10T15:00:00+00:00,2024-09-10T19:45:00+00:00,247.0500,246.7700,2.9283,-0.4652,3.3935,0.0050,-32.00,4.7500,90,eod
MPC,Short,2024-09-11T14:00:00+00:00,2024-09-11T14:15:00+00:00,159.4600,159.5900,-3.1871,-0.6971,-2.4900,0.0032,-50.00,0.2500,30,reversal
MPC,Long,2024-09-11T18:30:00+00:00,2024-09-11T19:45:00+00:00,158.9500,158.5500,-1.3743,1.6415,-3.0158,0.0098,50.00,1.2500,300,eod
SBUX,Long,2024-09-11T14:00:00+00:00,2024-09-11T19:45:00+00:00,94.3800,97.9800,1.1036,-0.6971,1.8007,0.0044,85.00,5.7500,30,eod
SBUX,Short,2024-09-11T14:10:00+00:00,2024-09-11T19:45:00+00:00,94.5300,97.9800,1.2965,-1.7346,3.0311,0.0050,-85.00,5.5833,40,eod
AVGO,Long,2024-09-12T14:00:00+00:00,2024-09-12T19:45:00+00:00,160.9300,164.6000,1.9752,-0.3940,2.3692,0.0099,49.00,5.7500,30,eod
SCHW,Long,2024-09-12T14:15:00+00:00,2024-09-12T19:45:00+00:00,62.4800,61.7000,-2.3270,0.7550,-3.0820,0.0054,128.00,5.5000,45,eod
DIS,Short,2024-09-12T14:00:00+00:00,2024-09-12T19:45:00+00:00,88.4500,89.1900,-3.0105,-0.3940,-2.6166,0.0020,-90.00,5.7500,30,eod
JPM,Short,2024-09-13T14:00:00+00:00,2024-09-13T19:45:00+00:00,206.9000,204.5700,-0.8339,0.5635,-1.3974,0.0041,-38.00,5.7500,30,eod
DIS,Long,2024-09-13T14:00:00+00:00,2024-09-13T19:45:00+00:00,89.8900,90.5900,2.0874,0.5635,1.5239,0.0019,88.00,5.7500,30,eod
QCOM,Long,2024-09-16T14:10:00+00:00,2024-09-16T14:30:00+00:00,167.2800,164.9000,2.5751,1.3368,1.2384,0.0075,47.00,0.3333,40,reversal
PFE,Short,2024-09-16T14:00:00+00:00,2024-09-16T14:50:00+00:00,29.5700,29.7800,-1.2375,1.5906,-2.8281,0.0054,-271.00,0.8333,30,reversal
MPC,Long,2024-09-16T14:00:00+00:00,2024-09-16T19:45:00+00:00,162.3000,160.4400,-3.8107,1.5906,-5.4013,0.0046,49.00,5.7500,30,eod
SCHW,Short,2024-09-16T14:45:00+00:00,2024-09-16T19:45:00+00:00,64.0400,63.6500,3.1163,0.0569,3.0593,0.0057,-124.00,5.0000,75,eod
AAPL,Long,2024-09-17T14:00:00+00:00,2024-09-17T19:45:00+00:00,216.3900,216.4300,1.8336,0.3257,1.5079,0.0042,36.00,5.7500,30,eod
DIS,Short,2024-09-17T14:00:00+00:00,2024-09-17T19:45:00+00:00,93.0900,92.8100,3.5276,0.3257,3.2019,0.0023,-85.00,5.7500,30,eod
T,Short,2024-09-17T14:00:00+00:00,2024-09-17T19:45:00+00:00,21.9200,21.7300,-1.6361,0.3257,-1.9618,0.0042,-362.00,5.7500,30,eod
SBUX,Long,2024-09-18T14:00:00+00:00,2024-09-18T18:25:00+00:00,97.1600,96.8100,1.9472,0.1429,1.8043,0.0053,81.00,4.4167,30,reversal
DIS,Short,2024-09-18T14:00:00+00:00,2024-09-18T19:10:00+00:00,93.0600,93.5800,-2.6944,0.1429,-2.8373,0.0028,-85.00,5.1667,30,reversal
MSFT,Short,2024-09-19T14:00:00+00:00,2024-09-19T19:45:00+00:00,437.9000,438.9500,-2.1799,0.0997,-2.2795,0.0033,-18.00,5.7500,30,eod
AAPL,Long,2024-09-19T14:00:00+00:00,2024-09-19T19:45:00+00:00,228.1400,229.3300,2.1482,0.0997,2.0486,0.0045,34.00,5.7500,30,eod
SBUX,Long,2024-09-19T14:25:00+00:00,2024-09-19T19:45:00+00:00,97.4700,96.6600,-1.7415,1.3268,-3.0683,0.0056,81.00,5.3333,55,eod
CRM,Short,2024-09-20T14:00:00+00:00,2024-09-20T19:45:00+00:00,265.1300,265.7300,-3.3544,-0.7215,-2.6328,0.0053,-29.00,5.7500,30,eod
CRM,Long,2024-09-20T14:05:00+00:00,2024-09-20T19:45:00+00:00,264.4600,265.7300,-4.1527,-0.8178,-3.3350,0.0049,29.00,5.6667,35,eod
LOW,Long,2024-09-20T14:00:00+00:00,2024-09-20T19:45:00+00:00,259.3300,260.6000,1.0940,-0.7215,1.8156,0.0042,30.00,5.7500,30,eod
LOW,Short,2024-09-20T15:05:00+00:00,2024-09-20T19:45:00+00:00,260.6000,260.6000,1.7954,-1.2291,3.0245,0.0053,-30.00,4.6667,95,eod
XOM,Long,2024-09-23T14:00:00+00:00,2024-09-23T15:40:00+00:00,117.4900,116.4700,2.2189,0.5364,1.6825,0.0060,67.00,1.6667,30,reversal
SBUX,Short,2024-09-23T14:00:00+00:00,2024-09-23T19:45:00+00:00,94.8000,95.2800,-1.5248,0.5364,-2.0612,0.0054,-83.00,5.7500,30,eod
DIS,Long,2024-09-23T14:00:00+00:00,2024-09-23T19:45:00+00:00,92.2300,92.9900,-3.0305,0.5364,-3.5669,0.0039,85.00,5.7500,30,eod
T,Short,2024-09-24T14:00:00+00:00,2024-09-24T15:45:00+00:00,21.5300,21.4800,1.0945,-2.0933,3.1878,0.0038,-367.00,1.7500,30,reversal
SBUX,Long,2024-09-24T14:00:00+00:00,2024-09-24T15:55:00+00:00,95.0100,95.1500,0.8447,-2.0933,2.9380,0.0056,83.00,1.9167,30,reversal
AMZN,Short,2024-09-24T14:10:00+00:00,2024-09-24T19:45:00+00:00,190.8600,193.1100,-2.6291,-1.3205,-1.3086,0.0047,-41.00,5.5833,40,eod
LOW,Long,2024-09-24T16:00:00+00:00,2024-09-24T19:45:00+00:00,263.6000,265.7700,-2.0602,0.9941,-3.0543,0.0068,29.00,3.7500,150,eod
GE,Long,2024-09-25T14:00:00+00:00,2024-09-25T15:10:00+00:00,190.5900,189.5000,2.1533,0.7557,1.3976,0.0047,41.00,1.1667,30,reversal
ADBE,Short,2024-09-25T14:00:00+00:00,2024-09-25T19:45:00+00:00,520.2300,517.6400,-1.7208,0.7557,-2.4765,0.0053,-15.00,5.7500,30,eod
CAT,Short,2024-09-26T14:00:00+00:00,2024-09-26T15:40:00+00:00,392.7500,388.9200,-2.7279,-0.7542,-1.9737,0.0030,-20.00,1.6667,30,reversal
MPC,Short,2024-09-26T14:00:00+00:00,2024-09-26T19:45:00+00:00,166.1100,163.0900,2.2565,-0.7542,3.0108,0.0059,-47.00,5.7500,30,eod
PFE,Long,2024-09-26T14:00:00+00:00,2024-09-26T19:45:00+00:00,28.8300,28.9400,1.5117,-0.7542,2.2659,0.0060,273.00,5.7500,30,eod
BAC,Short,2024-09-27T14:00:00+00:00,2024-09-27T14:20:00+00:00,39.4000,39.6500,-2.8741,-0.5831,-2.2910,0.0038,-201.00,0.3333,30,reversal
COP,Short,2024-09-27T14:15:00+00:00,2024-09-27T19:45:00+00:00,103.6600,104.7900,1.9199,-1.1003,3.0201,0.0046,-76.00,5.5000,45,eod
UNH,Long,2024-09-27T14:00:00+00:00,2024-09-27T19:45:00+00:00,581.4600,582.0700,1.4625,-0.5831,2.0456,0.0045,13.00,5.7500,30,eod
CRM,Short,2024-09-30T14:00:00+00:00,2024-09-30T19:45:00+00:00,270.6400,272.7100,-2.5494,-0.9643,-1.5851,0.0060,-29.00,5.7500,30,eod
JPM,Short,2024-09-30T14:00:00+00:00,2024-09-30T19:45:00+00:00,208.4500,210.2900,3.4947,-0.9643,4.4590,0.0033,-37.00,5.7500,30,eod
T,Long,2024-09-30T14:00:00+00:00,2024-09-30T19:45:00+00:00,21.9200,22.0100,1.7932,-0.9643,2.7575,0.0033,360.00,5.7500,30,eod
GS,Short,2024-10-01T14:15:00+00:00,2024-10-01T14:30:00+00:00,485.2600,486.0600,-4.7243,-2.9985,-1.7259,0.0031,-16.00,0.2500,45,reversal
COP,Short,2024-10-01T14:00:00+00:00,2024-10-01T19:45:00+00:00,107.7300,109.1300,5.0973,-2.6916,7.7889,0.0051,-72.00,5.7500,30,eod
LLY,Long,2024-10-01T14:00:00+00:00,2024-10-01T19:45:00+00:00,888.1100,882.9500,0.2290,-2.6916,2.9206,0.0043,8.00,5.7500,30,eod
FCX,Long,2024-10-02T14:00:00+00:00,2024-10-02T18:00:00+00:00,51.3200,50.8500,3.1028,0.1557,2.9471,0.0049,152.00,4.0000,30,reversal
TSLA,Short,2024-10-02T14:00:00+00:00,2024-10-02T19:45:00+00:00,244.2600,248.7200,-2.5116,0.1557,-2.6673,0.0095,-31.00,5.7500,30,eod
UNH,Long,2024-10-02T14:00:00+00:00,2024-10-02T19:45:00+00:00,585.4200,594.6700,-3.0408,0.1557,-3.1964,0.0046,13.00,5.7500,30,eod
AMD,Long,2024-10-03T14:00:00+00:00,2024-10-03T19:45:00+00:00,166.1700,162.7000,4.1402,2.3261,1.8140,0.0065,46.00,5.7500,30,eod
TSLA,Short,2024-10-03T14:00:00+00:00,2024-10-03T19:45:00+00:00,247.8700,240.0700,-0.5198,2.3261,-2.8459,0.0098,-31.00,5.7500,30,eod
MPC,Short,2024-10-03T16:40:00+00:00,2024-10-03T19:45:00+00:00,171.5000,173.7800,3.2044,-0.0275,3.2319,0.0118,-45.00,3.0833,190,eod
LOW,Long,2024-10-03T14:00:00+00:00,2024-10-03T19:45:00+00:00,269.7700,269.5900,-2.1356,2.3261,-4.4617,0.0044,28.00,5.7500,30,eod
GS,Short,2024-10-04T14:15:00+00:00,2024-10-04T14:30:00+00:00,490.2600,488.5800,-2.5019,-1.4300,-1.0719,0.0043,-15.00,0.2500,45,reversal
CAT,Long,2024-10-04T14:00:00+00:00,2024-10-04T19:45:00+00:00,396.3900,396.5500,0.8852,-1.9450,2.8302,0.0040,19.00,5.7500,30,eod
T,Short,2024-10-04T14:00:00+00:00,2024-10-04T19:45:00+00:00,21.9300,21.9300,4.8431,-1.9450,6.7881,0.0038,-353.00,5.7500,30,eod
TXN,Long,2024-10-07T14:00:00+00:00,2024-10-07T19:45:00+00:00,202.3300,200.7600,1.6779,-0.3568,2.0347,0.0043,38.00,5.7500,30,eod
META,Short,2024-10-07T14:00:00+00:00,2024-10-07T19:45:00+00:00,597.7600,585.1700,-1.6404,-0.3568,-1.2837,0.0049,-12.00,5.7500,30,eod
HD,Short,2024-10-07T14:00:00+00:00,2024-10-07T19:45:00+00:00,408.7000,408.5600,3.5095,-0.3568,3.8663,0.0042,-18.00,5.7500,30,eod
DIS,Long,2024-10-07T16:05:00+00:00,2024-10-07T19:45:00+00:00,92.5100,92.1300,-3.6135,-0.2461,-3.3674,0.0067,83.00,3.6667,155,eod
LIN,Long,2024-10-08T14:00:00+00:00,2024-10-08T14:15:00+00:00,468.2900,467.3700,3.0926,2.0279,1.0646,0.0018,16.00,0.2500,30,reversal
MPC,Long,2024-10-08T14:00:00+00:00,2024-10-08T19:45:00+00:00,159.6500,160.1900,-2.7694,2.0279,-4.7973,0.0072,48.00,5.7500,30,eod
JPM,Short,2024-10-08T14:00:00+00:00,2024-10-08T19:45:00+00:00,209.4300,210.9000,-0.8355,2.0279,-2.8634,0.0032,-37.00,5.7500,30,eod
META,Short,2024-10-09T14:00:00+00:00,2024-10-09T19:45:00+00:00,583.1900,589.8900,-2.1521,0.3496,-2.5017,0.0060,-13.00,5.7500,30,eod
GOOGL,Long,2024-10-09T14:00:00+00:00,2024-10-09T19:45:00+00:00,161.2800,161.2800,-3.1997,0.3496,-3.5494,0.0055,47.00,5.7500,30,eod
PFE,Long,2024-10-09T14:00:00+00:00,2024-10-09T19:45:00+00:00,29.7800,30.1600,2.9195,0.3496,2.5699,0.0056,259.00,5.7500,30,eod
PFE,Short,2024-10-09T14:40:00+00:00,2024-10-09T19:45:00+00:00,30.3300,30.1600,4.9364,0.8723,4.0640,0.0071,-256.00,5.0833,70,eod
HD,Long,2024-10-10T14:00:00+00:00,2024-10-10T14:45:00+00:00,413.7500,410.5000,1.9399,0.0228,1.9172,0.0053,18.00,0.7500,30,reversal
MU,Short,2024-10-10T19:15:00+00:00,2024-10-10T19:45:00+00:00,105.9500,106.0100,3.4759,0.4545,3.0213,0.0110,-72.00,0.5000,345,eod
LIN,Short,2024-10-10T14:00:00+00:00,2024-10-10T19:45:00+00:00,470.5700,468.5600,-2.0204,0.0228,-2.0432,0.0015,-16.00,5.7500,30,eod
T,Long,2024-10-10T16:15:00+00:00,2024-10-10T19:45:00+00:00,21.3200,21.2100,-1.6983,1.3638,-3.0621,0.0049,362.00,3.5000,165,eod
DIS,Long,2024-10-11T14:00:00+00:00,2024-10-11T16:00:00+00:00,93.9300,94.0400,1.8828,0.3741,1.5087,0.0042,82.00,2.0000,30,reversal
NFLX,Long,2024-10-11T17:45:00+00:00,2024-10-11T19:45:00+00:00,72.3100,72.4400,-1.8898,1.1264,-3.0162,0.0071,106.00,2.0000,255,eod
JPM,Short,2024-10-11T14:00:00+00:00,2024-10-11T19:45:00+00:00,223.4800,223.0500,3.7753,0.3741,3.4012,0.0043,-34.00,5.7500,30,eod
HD,Short,2024-10-11T14:00:00+00:00,2024-10-11T19:45:00+00:00,409.6500,412.0800,-1.2159,0.3741,-1.5901,0.0055,-18.00,5.7500,30,eod
DE,Long,2024-10-14T14:25:00+00:00,2024-10-14T15:05:00+00:00,400.0300,405.3000,-2.4063,0.6854,-3.0916,0.0052,19.00,0.6667,55,reversal
FCX,Long,2024-10-14T14:00:00+00:00,2024-10-14T19:45:00+00:00,48.7600,48.9500,3.0151,1.2652,1.7499,0.0056,157.00,5.7500,30,eod
JPM,Short,2024-10-14T14:00:00+00:00,2024-10-14T19:45:00+00:00,220.2800,221.4600,-1.3364,1.2652,-2.6016,0.0047,-34.00,5.7500,30,eod
COIN,Short,2024-10-14T14:50:00+00:00,2024-10-14T19:45:00+00:00,192.1700,195.7000,3.7613,0.2661,3.4952,0.0191,-40.00,4.9167,80,eod
GE,Long,2024-10-15T14:00:00+00:00,2024-10-15T14:45:00+00:00,190.8200,191.0700,-3.5379,0.1089,-3.6468,0.0044,40.00,0.7500,30,reversal
SCHW,Short,2024-10-15T14:00:00+00:00,2024-10-15T15:00:00+00:00,72.9300,72.9400,-2.1607,0.1089,-2.2695,0.0043,-105.00,1.0000,30,reversal
AAPL,Long,2024-10-15T14:00:00+00:00,2024-10-15T19:45:00+00:00,237.1400,233.6800,3.1072,0.1089,2.9983,0.0043,32.00,5.7500,30,eod
COIN,Short,2024-10-15T14:00:00+00:00,2024-10-15T19:45:00+00:00,204.6400,195.7300,3.5674,0.1089,3.4586,0.0119,-37.00,5.7500,30,eod
LIN,Long,2024-10-16T14:00:00+00:00,2024-10-16T14:30:00+00:00,481.7800,480.2100,1.9635,-0.9410,2.9045,0.0021,16.00,0.5000,30,reversal
MSFT,Short,2024-10-16T14:00:00+00:00,2024-10-16T15:10:00+00:00,411.4400,414.7400,-2.2191,-0.9410,-1.2781,0.0037,-18.00,1.1667,30,reversal
BAC,Short,2024-10-16T14:00:00+00:00,2024-10-16T19:45:00+00:00,42.8500,42.8500,2.6237,-0.9410,3.5647,0.0044,-180.00,5.7500,30,eod
SCHW,Long,2024-10-16T19:10:00+00:00,2024-10-16T19:45:00+00:00,71.8200,71.8400,-2.6312,0.4569,-3.0881,0.0063,107.00,0.5833,340,eod
NFLX,Short,2024-10-17T14:00:00+00:00,2024-10-17T14:10:00+00:00,68.6500,69.2100,-2.9529,-1.5732,-1.3796,0.0043,-112.00,0.1667,30,reversal
GS,Long,2024-10-17T14:00:00+00:00,2024-10-17T19:45:00+00:00,533.4000,529.9400,1.3437,-1.5732,2.9169,0.0054,14.00,5.7500,30,eod
SBUX,Short,2024-10-17T14:00:00+00:00,2024-10-17T19:45:00+00:00,95.6700,95.3000,1.9521,-1.5732,3.5253,0.0040,-80.00,5.7500,30,eod
GE,Short,2024-10-18T14:00:00+00:00,2024-10-18T16:05:00+00:00,191.2800,192.5900,-1.3613,0.9676,-2.3288,0.0037,-40.00,2.0833,30,reversal
NFLX,Short,2024-10-18T18:55:00+00:00,2024-10-18T19:45:00+00:00,76.4000,76.5300,3.6669,0.5333,3.1336,0.0071,-100.00,0.8333,325,eod
SLB,Long,2024-10-18T15:00:00+00:00,2024-10-18T19:45:00+00:00,42.2300,42.0700,-2.5634,0.5438,-3.1072,0.0068,181.00,4.7500,90,eod
COIN,Long,2024-10-18T14:00:00+00:00,2024-10-18T19:45:00+00:00,214.5200,218.9200,2.5137,0.9676,1.5461,0.0139,35.00,5.7500,30,eod
NFLX,Short,2024-10-21T14:00:00+00:00,2024-10-21T15:25:00+00:00,75.8400,76.3100,-1.9339,0.9628,-2.8967,0.0056,-101.00,1.4167,30,reversal
AMZN,Long,2024-10-21T14:25:00+00:00,2024-10-21T19:45:00+00:00,188.8300,188.9700,2.0742,0.7543,1.3199,0.0056,40.00,5.3333,55,eod
COP,Long,2024-10-21T14:15:00+00:00,2024-10-21T19:45:00+00:00,105.4400,105.1500,-1.7298,1.4222,-3.1520,0.0058,72.00,5.5000,45,eod
SCHW,Short,2024-10-22T14:00:00+00:00,2024-10-22T15:30:00+00:00,70.0300,70.8300,-1.7367,1.1088,-2.8455,0.0037,-108.00,1.5000,30,reversal
MSFT,Long,2024-10-22T14:00:00+00:00,2024-10-22T19:45:00+00:00,426.3100,429.4300,3.1360,1.1088,2.0272,0.0042,17.00,5.7500,30,eod
GE,Long,2024-10-22T14:00:00+00:00,2024-10-22T19:45:00+00:00,179.2100,177.3800,-5.3161,1.1088,-6.4249,0.0052,42.00,5.7500,30,eod
QCOM,Short,2024-10-23T14:00:00+00:00,2024-10-23T14:25:00+00:00,168.6100,169.6900,-1.8673,-0.6374,-1.2299,0.0058,-45.00,0.4167,30,reversal
SBUX,Long,2024-10-23T14:00:00+00:00,2024-10-23T19:45:00+00:00,96.0800,97.4300,2.2788,-0.6374,2.9162,0.0046,78.00,5.7500,30,eod
T,Short,2024-10-23T14:00:00+00:00,2024-10-23T19:45:00+00:00,22.0100,22.3900,3.1625,-0.6374,3.7999,0.0036,-344.00,5.7500,30,eod
TXN,Long,2024-10-24T14:00:00+00:00,2024-10-24T19:45:00+00:00,205.0800,205.9700,2.4734,0.5097,1.9637,0.0053,36.00,5.7500,30,eod
TSLA,Short,2024-10-24T15:40:00+00:00,2024-10-24T19:45:00+00:00,254.1000,261.1300,2.9432,-0.0590,3.0022,0.0096,-29.00,4.0833,130,eod
CVX,Long,2024-10-24T14:00:00+00:00,2024-10-24T19:45:00+00:00,150.2700,150.4000,-3.6752,0.5097,-4.1850,0.0019,50.00,5.7500,30,eod
SLB,Short,2024-10-24T14:00:00+00:00,2024-10-24T19:45:00+00:00,41.7100,41.2500,-2.4206,0.5097,-2.9303,0.0030,-181.00,5.7500,30,eod
TSLA,Long,2024-10-25T17:20:00+00:00,2024-10-25T19:45:00+00:00,267.3100,268.4200,1.6172,0.6073,1.0099,0.0124,28.00,2.4167,230,eod
GS,Short,2024-10-25T14:00:00+00:00,2024-10-25T19:45:00+00:00,524.5400,513.2000,-0.0951,2.8800,-2.9751,0.0044,-14.00,5.7500,30,eod
T,Long,2024-10-25T14:00:00+00:00,2024-10-25T19:45:00+00:00,22.2300,21.8400,-1.8086,2.8800,-4.6886,0.0027,338.00,5.7500,30,eod
SCHW,Short,2024-10-28T14:00:00+00:00,2024-10-28T16:40:00+00:00,71.7300,72.1700,-2.2578,-0.2868,-1.9710,0.0043,-104.00,2.6667,30,reversal
CVX,Long,2024-10-28T14:00:00+00:00,2024-10-28T19:45:00+00:00,149.6500,150.3300,1.7169,-0.2868,2.0037,0.0019,50.00,5.7500,30,eod
HD,Long,2024-10-29T14:05:00+00:00,2024-10-29T14:50:00+00:00,396.5900,395.2100,3.1117,1.4389,1.6728,0.0041,18.00,0.7500,35,reversal
JPM,Short,2024-10-29T14:00:00+00:00,2024-10-29T19:45:00+00:00,224.6500,222.9800,-0.8387,1.8965,-2.7352,0.0038,-33.00,5.7500,30,eod
PFE,Long,2024-10-29T14:00:00+00:00,2024-10-29T19:45:00+00:00,28.7800,28.5100,-1.4071,1.8965,-3.3036,0.0044,261.00,5.7500,30,eod
AMZN,Short,2024-10-30T14:00:00+00:00,2024-10-30T19:45:00+00:00,193.0700,193.3300,-1.6266,0.9509,-2.5775,0.0052,-38.00,5.7500,30,eod
CAT,Short,2024-10-30T14:00:00+00:00,2024-10-30T19:45:00+00:00,378.9800,380.1500,6.5871,0.9509,5.6362,0.0044,-19.00,5.7500,30,eod
JPM,Long,2024-10-30T14:00:00+00:00,2024-10-30T19:45:00+00:00,225.2600,224.4000,2.9581,0.9509,2.0071,0.0044,33.00,5.7500,30,eod
AVGO,Short,2024-10-31T14:00:00+00:00,2024-10-31T14:50:00+00:00,168.1900,168.9200,-3.4145,-2.2085,-1.2060,0.0072,-44.00,0.8333,30,reversal
COP,Short,2024-10-31T14:00:00+00:00,2024-10-31T19:45:00+00:00,108.6000,109.9700,3.1353,-2.2085,5.3438,0.0024,-68.00,5.7500,30,eod
PFE,Long,2024-10-31T14:00:00+00:00,2024-10-31T19:45:00+00:00,28.5200,28.4600,0.5949,-2.2085,2.8034,0.0035,261.00,5.7500,30,eod
AAPL,Long,2024-11-01T14:00:00+00:00,2024-11-01T14:30:00+00:00,224.0100,223.3400,2.5194,0.4423,2.0771,0.0032,33.00,0.5000,30,reversal
LLY,Short,2024-11-01T14:00:00+00:00,2024-11-01T19:45:00+00:00,823.9000,818.9400,-2.2367,0.4423,-2.6790,0.0030,-8.00,5.7500,30,eod
T,Long,2024-11-01T14:00:00+00:00,2024-11-01T19:45:00+00:00,22.4600,22.1400,-3.0056,0.4423,-3.4480,0.0037,329.00,5.7500,30,eod
CRM,Short,2024-11-04T15:00:00+00:00,2024-11-04T17:40:00+00:00,294.2000,297.6100,-1.4416,1.5296,-2.9712,0.0045,-25.00,2.6667,30,reversal
DE,Long,2024-11-04T15:00:00+00:00,2024-11-04T20:45:00+00:00,402.6400,401.5800,-2.9412,1.5296,-4.4708,0.0035,18.00,5.7500,30,eod
LOW,Long,2024-11-04T15:00:00+00:00,2024-11-04T20:45:00+00:00,267.1300,265.1200,3.4002,1.5296,1.8705,0.0042,27.00,5.7500,30,eod
LIN,Long,2024-11-05T15:00:00+00:00,2024-11-05T16:10:00+00:00,460.6400,459.0600,2.8368,1.3267,1.5102,0.0020,15.00,1.1667,30,reversal
CRM,Short,2024-11-05T15:00:00+00:00,2024-11-05T20:45:00+00:00,296.8100,297.4100,-1.3605,1.3267,-2.6872,0.0047,-24.00,5.7500,30,eod
MPC,Long,2024-11-05T15:00:00+00:00,2024-11-05T20:45:00+00:00,147.8700,149.1200,-1.8769,1.3267,-3.2036,0.0049,49.00,5.7500,30,eod
PFE,Long,2024-11-06T15:00:00+00:00,2024-11-06T15:35:00+00:00,27.5300,27.3200,2.5411,-0.3874,2.9285,0.0036,265.00,0.5833,30,reversal
PFE,Short,2024-11-06T15:05:00+00:00,2024-11-06T15:35:00+00:00,27.5500,27.3200,2.9128,-0.1846,3.0974,0.0034,-265.00,0.5000,35,reversal
TSLA,Short,2024-11-06T15:00:00+00:00,2024-11-06T20:45:00+00:00,278.0200,289.3300,-3.2841,-0.3874,-2.8967,0.0105,-26.00,5.7500,30,eod
LLY,Long,2024-11-06T15:00:00+00:00,2024-11-06T20:45:00+00:00,770.9800,773.4100,-7.6947,-0.3874,-7.3073,0.0052,9.00,5.7500,30,eod
NKE,Long,2024-11-07T15:00:00+00:00,2024-11-07T16:20:00+00:00,76.1500,75.8200,3.2189,1.0673,2.1517,0.0032,95.00,1.3333,30,reversal
NKE,Short,2024-11-07T15:30:00+00:00,2024-11-07T16:20:00+00:00,76.3400,75.8200,3.7031,0.6639,3.0392,0.0034,-94.00,0.8333,60,reversal
JPM,Long,2024-11-07T15:00:00+00:00,2024-11-07T20:45:00+00:00,238.8100,236.2800,-3.5027,1.0673,-4.5700,0.0046,30.00,5.7500,30,eod
T,Short,2024-11-07T15:00:00+00:00,2024-11-07T20:45:00+00:00,21.9600,22.1600,-1.6669,1.0673,-2.7342,0.0043,-329.00,5.7500,30,eod
MU,Short,2024-11-08T15:00:00+00:00,2024-11-08T20:45:00+00:00,111.2900,111.8500,-3.1489,-0.3323,-2.8166,0.0051,-64.00,5.7500,30,eod
DE,Long,2024-11-08T15:00:00+00:00,2024-11-08T20:45:00+00:00,398.4400,394.5800,-4.4809,-0.3323,-4.1486,0.0039,18.00,5.7500,30,eod
NKE,Short,2024-11-08T15:00:00+00:00,2024-11-08T20:45:00+00:00,76.3400,75.8100,2.8340,-0.3323,3.1663,0.0038,-94.00,5.7500,30,eod
SBUX,Long,2024-11-08T15:00:00+00:00,2024-11-08T20:45:00+00:00,97.4200,97.2800,2.1881,-0.3323,2.5204,0.0060,73.00,5.7500,30,eod
NVDA,Short,2024-11-11T15:00:00+00:00,2024-11-11T20:45:00+00:00,143.7600,145.3800,-3.2630,-1.6608,-1.6022,0.0076,-49.00,5.7500,30,eod
ADBE,Long,2024-11-11T15:00:00+00:00,2024-11-11T20:45:00+00:00,500.2600,504.3900,1.0450,-1.6608,2.7058,0.0051,14.00,5.7500,30,eod
COP,Short,2024-11-11T15:00:00+00:00,2024-11-11T20:45:00+00:00,112.6500,112.2000,3.2362,-1.6608,4.8970,0.0034,-63.00,5.7500,30,eod
ADBE,Short,2024-11-12T15:00:00+00:00,2024-11-12T20:45:00+00:00,515.8900,527.9500,2.8987,-0.3076,3.2063,0.0055,-13.00,5.7500,30,eod
SLB,Long,2024-11-12T15:00:00+00:00,2024-11-12T20:45:00+00:00,44.9400,44.3400,2.4601,-0.3076,2.7677,0.0053,159.00,5.7500,30,eod
LIN,Short,2024-11-12T15:00:00+00:00,2024-11-12T20:45:00+00:00,456.4100,457.0900,-2.3017,-0.3076,-1.9941,0.0032,-15.00,5.7500,30,eod
LOW,Long,2024-11-12T15:25:00+00:00,2024-11-12T20:45:00+00:00,270.6500,270.4300,-2.9889,0.0605,-3.0494,0.0071,26.00,5.3333,55,eod
CVX,Short,2024-11-13T15:00:00+00:00,2024-11-13T15:45:00+00:00,155.1700,156.2800,-2.9123,-0.9797,-1.9326,0.0025,-45.00,0.7500,30,reversal
GS,Long,2024-11-13T15:00:00+00:00,2024-11-13T18:25:00+00:00,597.8300,598.1100,1.4195,-0.9797,2.3992,0.0031,11.00,3.4167,30,reversal
LIN,Short,2024-11-13T16:00:00+00:00,2024-11-13T20:45:00+00:00,455.4200,456.9100,2.5723,-0.8104,3.3827,0.0028,-15.00,4.7500,90,eod
COIN,Long,2024-11-13T19:10:00+00:00,2024-11-13T20:45:00+00:00,297.8400,287.1000,-2.5987,0.5937,-3.1924,0.0359,23.00,1.5833,280,eod
AAPL,Short,2024-11-14T18:55:00+00:00,2024-11-14T20:45:00+00:00,228.0600,227.8100,1.6840,-1.3556,3.0396,0.0049,-30.00,1.8333,265,eod
NFLX,Long,2024-11-14T15:00:00+00:00,2024-11-14T20:45:00+00:00,83.9700,83.5700,1.2605,-1.0221,2.2826,0.0031,82.00,5.7500,30,eod
CRM,Short,2024-11-14T15:00:00+00:00,2024-11-14T20:45:00+00:00,331.6700,331.8800,-3.9835,-1.0221,-2.9614,0.0067,-20.00,5.7500,30,eod
DIS,Long,2024-11-14T18:20:00+00:00,2024-11-14T20:45:00+00:00,109.5100,109.7700,-3.5146,-0.4966,-3.0180,0.0071,63.00,2.4167,230,eod
ADBE,Short,2024-11-15T15:00:00+00:00,2024-11-15T18:35:00+00:00,507.2000,502.4000,-3.3608,-1.0322,-2.3286,0.0073,-13.00,3.5833,30,reversal
DE,Long,2024-11-15T15:00:00+00:00,2024-11-15T20:45:00+00:00,396.9300,398.9600,1.4355,-1.0322,2.4678,0.0051,17.00,5.7500,30,eod
NKE,Short,2024-11-15T15:10:00+00:00,2024-11-15T20:45:00+00:00,76.7800,76.8300,1.7923,-1.5513,3.3436,0.0047,-90.00,5.5833,40,eod
NFLX,Short,2024-11-18T15:00:00+00:00,2024-11-18T20:45:00+00:00,82.6300,84.6900,5.0466,0.9284,4.1182,0.0036,-84.00,5.7500,30,eod
JPM,Long,2024-11-18T15:15:00+00:00,2024-11-18T20:45:00+00:00,243.6800,245.0100,-2.0376,1.0681,-3.1057,0.0056,28.00,5.5000,45,eod
HD,Long,2024-11-18T15:00:00+00:00,2024-11-18T20:45:00+00:00,409.0300,410.2100,2.2899,0.9284,1.3615,0.0044,17.00,5.7500,30,eod
LLY,Short,2024-11-18T15:00:00+00:00,2024-11-18T20:45:00+00:00,717.4800,726.4500,-1.5389,0.9284,-2.4673,0.0087,-9.00,5.7500,30,eod
COP,Long,2024-11-19T15:00:00+00:00,2024-11-19T15:40:00+00:00,113.9900,113.4500,2.4032,0.3910,2.0122,0.0041,60.00,0.6667,30,reversal
TXN,Long,2024-11-19T18:30:00+00:00,2024-11-19T20:45:00+00:00,203.2200,201.7500,-1.2669,1.8195,-3.0863,0.0098,33.00,2.2500,240,eod
HD,Short,2024-11-19T15:00:00+00:00,2024-11-19T20:45:00+00:00,402.1700,407.0300,-2.0039,0.3910,-2.3950,0.0044,-17.00,5.7500,30,eod
XOM,Long,2024-11-20T15:00:00+00:00,2024-11-20T16:00:00+00:00,119.8700,118.7300,0.8773,-1.7932,2.6705,0.0054,56.00,1.0000,30,reversal
QCOM,Short,2024-11-20T15:00:00+00:00,2024-11-20T20:45:00+00:00,156.2200,154.4400,-3.4622,-1.7932,-1.6690,0.0085,-43.00,5.7500,30,eod
QCOM,Long,2024-11-20T20:30:00+00:00,2024-11-20T20:45:00+00:00,154.3800,154.4400,-3.1919,-0.0036,-3.1883,0.0128,44.00,0.2500,360,eod
UNH,Short,2024-11-20T15:00:00+00:00,2024-11-20T20:45:00+00:00,593.7200,602.0000,2.7823,-1.7932,4.5755,0.0067,-11.00,5.7500,30,eod
GOOGL,Short,2024-11-21T15:00:00+00:00,2024-11-21T20:45:00+00:00,166.6200,167.8500,-4.9124,-2.6331,-2.2793,0.0044,-40.00,5.7500,30,eod
GOOGL,Long,2024-11-21T15:40:00+00:00,2024-11-21T20:45:00+00:00,164.3800,167.8500,-5.6464,-2.3046,-3.3418,0.0062,41.00,5.0833,70,eod
CAT,Long,2024-11-21T15:00:00+00:00,2024-11-21T20:45:00+00:00,381.5500,390.3900,0.3109,-2.6331,2.9440,0.0050,17.00,5.7500,30,eod
DE,Short,2024-11-21T15:00:00+00:00,2024-11-21T20:45:00+00:00,430.0000,436.0300,3.7549,-2.6331,6.3879,0.0076,-15.00,5.7500,30,eod
NVDA,Short,2024-11-22T15:00:00+00:00,2024-11-22T20:45:00+00:00,143.9900,141.8900,-2.1664,-0.2818,-1.8845,0.0097,-47.00,5.7500,30,eod
JPM,Long,2024-11-22T15:00:00+00:00,2024-11-22T20:45:00+00:00,247.3600,248.5400,2.4358,-0.2818,2.7177,0.0046,27.00,5.7500,30,eod
PFE,Short,2024-11-22T15:10:00+00:00,2024-11-22T20:45:00+00:00,25.6300,25.5900,3.2882,-0.8088,4.0970,0.0038,-268.00,5.5833,40,eod
COP,Short,2024-11-25T15:00:00+00:00,2024-11-25T20:45:00+00:00,109.7000,106.1000,-3.2320,-1.0451,-2.1869,0.0047,-62.00,5.7500,30,eod
COP,Long,2024-11-25T15:20:00+00:00,2024-11-25T20:45:00+00:00,109.0300,106.1000,-4.1131,-0.9654,-3.1477,0.0052,63.00,5.4167,50,eod
DE,Long,2024-11-25T15:00:00+00:00,2024-11-25T20:45:00+00:00,460.6900,462.9900,1.8827,-1.0451,2.9278,0.0078,14.00,5.7500,30,eod
DE,Short,2024-11-25T15:05:00+00:00,2024-11-25T20:45:00+00:00,462.7400,462.9900,2.4551,-1.0585,3.5137,0.0078,-14.00,5.6667,35,eod
MU,Short,2024-11-26T15:00:00+00:00,2024-11-26T20:45:00+00:00,100.8500,101.0100,-2.5876,-0.2946,-2.2930,0.0086,-68.00,5.7500,30,eod
GE,Long,2024-11-26T15:00:00+00:00,2024-11-26T20:45:00+00:00,182.8700,184.8100,1.7624,-0.2946,2.0570,0.0054,37.00,5.7500,30,eod
GE,Short,2024-11-27T15:00:00+00:00,2024-11-27T15:40:00+00:00,181.7300,181.4100,-1.7158,-0.5527,-1.1631,0.0058,-37.00,0.6667,30,reversal
COP,Short,2024-11-27T15:45:00+00:00,2024-11-27T20:45:00+00:00,108.7200,107.9200,1.5109,-1.6659,3.1768,0.0050,-62.00,5.0000,75,eod
COIN,Long,2024-11-27T15:00:00+00:00,2024-11-27T20:45:00+00:00,311.3300,310.2700,1.3505,-0.5527,1.9032,0.0214,22.00,5.7500,30,eod
FCX,Long,2024-11-29T15:20:00+00:00,2024-11-29T16:55:00+00:00,44.4000,44.2900,2.6143,1.4132,1.2011,0.0062,154.00,1.5833,50,reversal
AVGO,Long,2024-12-02T15:00:00+00:00,2024-12-02T20:45:00+00:00,166.4900,167.2900,2.7111,0.9267,1.7844,0.0067,41.00,5.7500,30,eod
CVX,Short,2024-11-29T15:00:00+00:00,2024-12-02T20:45:00+00:00,161.5400,162.2300,-1.5987,1.3914,-2.9901,0.0031,-42.00,77.7500,30,eod
CVX,Long,2024-11-29T15:05:00+00:00,2024-12-02T20:45:00+00:00,161.4700,162.2300,-2.0023,1.5832,-3.5855,0.0027,42.00,77.6667,35,eod
SLB,Long,2024-12-03T15:00:00+00:00,2024-12-03T20:45:00+00:00,43.2000,43.8000,-2.6619,0.5073,-3.1692,0.0064,159.00,5.7500,30,eod
LLY,Long,2024-12-03T15:00:00+00:00,2024-12-03T20:45:00+00:00,815.0000,814.2400,2.0183,0.5073,1.5110,0.0069,8.00,5.7500,30,eod
DIS,Short,2024-12-03T15:00:00+00:00,2024-12-03T20:45:00+00:00,116.0600,116.6700,-2.3046,0.5073,-2.8119,0.0035,-59.00,5.7500,30,eod
CVX,Long,2024-12-04T15:05:00+00:00,2024-12-04T20:45:00+00:00,159.8500,158.4500,-3.0134,0.3707,-3.3841,0.0039,43.00,5.6667,35,eod
GE,Long,2024-12-04T15:00:00+00:00,2024-12-04T20:45:00+00:00,181.5000,182.6500,3.1543,0.1996,2.9547,0.0052,37.00,5.7500,30,eod
GE,Short,2024-12-04T15:05:00+00:00,2024-12-04T20:45:00+00:00,182.0600,182.6500,3.9157,0.3707,3.5451,0.0050,-37.00,5.6667,35,eod
UNH,Short,2024-12-04T15:00:00+00:00,2024-12-04T20:45:00+00:00,612.0000,611.3000,-2.5320,0.1996,-2.7316,0.0057,-11.00,5.7500,30,eod
META,Short,2024-12-05T15:00:00+00:00,2024-12-05T20:45:00+00:00,612.2600,608.6900,-1.5863,-0.3605,-1.2257,0.0051,-11.00,5.7500,30,eod
BAC,Short,2024-12-05T15:00:00+00:00,2024-12-05T20:45:00+00:00,47.0500,47.0800,2.9896,-0.3605,3.3501,0.0033,-145.00,5.7500,30,eod
LOW,Long,2024-12-05T15:00:00+00:00,2024-12-05T20:45:00+00:00,272.6900,270.4100,2.5768,-0.3605,2.9373,0.0040,25.00,5.7500,30,eod
UNH,Long,2024-12-05T15:40:00+00:00,2024-12-05T20:45:00+00:00,590.1300,575.1900,-3.1928,-0.1608,-3.0320,0.0066,11.00,5.0833,70,eod
NKE,Long,2024-12-06T15:00:00+00:00,2024-12-06T18:15:00+00:00,80.6700,80.0000,4.2215,1.3129,2.9086,0.0043,84.00,3.2500,30,reversal
NKE,Short,2024-12-06T15:05:00+00:00,2024-12-06T18:15:00+00:00,80.6700,80.0000,4.1820,1.1713,3.0108,0.0044,-84.00,3.1667,35,reversal
CVX,Long,2024-12-06T15:00:00+00:00,2024-12-06T20:45:00+00:00,155.9900,155.5700,-2.7578,1.3129,-4.0707,0.0043,43.00,5.7500,30,eod
JPM,Short,2024-12-06T15:00:00+00:00,2024-12-06T20:45:00+00:00,245.3100,247.5500,-1.6778,1.3129,-2.9907,0.0047,-27.00,5.7500,30,eod
T,Long,2024-12-09T15:00:00+00:00,2024-12-09T17:35:00+00:00,23.5700,23.8900,-3.3339,0.5962,-3.9300,0.0049,287.00,2.5833,30,reversal
QCOM,Long,2024-12-09T15:00:00+00:00,2024-12-09T20:45:00+00:00,161.4400,160.8900,3.2818,0.5962,2.6856,0.0072,41.00,5.7500,30,eod
TXN,Short,2024-12-09T15:15:00+00:00,2024-12-09T20:45:00+00:00,196.6200,193.3800,3.4837,0.1955,3.2882,0.0063,-34.00,5.5000,45,eod
PYPL,Short,2024-12-09T15:00:00+00:00,2024-12-09T20:45:00+00:00,91.4800,90.2000,-2.3704,0.5962,-2.9666,0.0040,-74.00,5.7500,30,eod
PFE,Long,2024-12-10T15:00:00+00:00,2024-12-10T15:55:00+00:00,25.6800,25.8600,-2.5019,0.9209,-3.4228,0.0028,266.00,0.9167,30,reversal
FCX,Short,2024-12-10T15:00:00+00:00,2024-12-10T18:10:00+00:00,42.8700,43.3000,-2.0238,0.9209,-2.9447,0.0073,-159.00,3.1667,30,reversal
SCHW,Long,2024-12-10T15:00:00+00:00,2024-12-10T20:45:00+00:00,81.9500,82.3400,2.0195,0.9209,1.0986,0.0030,83.00,5.7500,30,eod
SCHW,Short,2024-12-10T16:05:00+00:00,2024-12-10T20:45:00+00:00,82.9600,82.3400,3.1771,-0.5860,3.7631,0.0058,-82.00,4.6667,95,eod
GOOGL,Long,2024-12-11T15:00:00+00:00,2024-12-11T20:45:00+00:00,192.9100,194.7200,3.5742,1.3553,2.2189,0.0068,35.00,5.7500,30,eod
UNH,Long,2024-12-11T15:00:00+00:00,2024-12-11T20:45:00+00:00,535.6400,534.8300,-2.9803,1.3553,-4.3355,0.0086,12.00,5.7500,30,eod
PFE,Short,2024-12-11T15:00:00+00:00,2024-12-11T20:45:00+00:00,25.3900,25.2700,-1.5852,1.3553,-2.9405,0.0027,-270.00,5.7500,30,eod
UNH,Long,2024-12-12T15:05:00+00:00,2024-12-12T15:50:00+00:00,531.7300,529.4400,0.9373,-0.4065,1.3438,0.0084,12.00,0.7500,35,reversal
ADBE,Long,2024-12-12T15:00:00+00:00,2024-12-12T20:45:00+00:00,483.6400,475.1400,-3.2291,0.1069,-3.3360,0.0059,14.00,5.7500,30,eod
LOW,Short,2024-12-12T15:00:00+00:00,2024-12-12T20:45:00+00:00,264.4700,263.6600,-2.7330,0.1069,-2.8399,0.0050,-26.00,5.7500,30,eod
AVGO,Long,2024-12-13T15:00:00+00:00,2024-12-13T20:45:00+00:00,219.5600,225.0100,2.5883,1.0696,1.5187,0.0064,31.00,5.7500,30,eod
GS,Short,2024-12-13T15:00:00+00:00,2024-12-13T20:45:00+00:00,588.7800,586.7500,-1.8781,1.0696,-2.9477,0.0052,-11.00,5.7500,30,eod
SCHW,Long,2024-12-13T15:00:00+00:00,2024-12-13T20:45:00+00:00,79.6000,79.4900,-6.5049,1.0696,-7.5745,0.0051,85.00,5.7500,30,eod
PFE,Short,2024-12-13T15:55:00+00:00,2024-12-13T20:45:00+00:00,25.5600,25.6400,1.4413,-1.7786,3.2199,0.0052,-266.00,4.8333,85,eod
AVGO,Short,2024-12-16T15:05:00+00:00,2024-12-16T15:35:00+00:00,246.6000,239.6900,4.0486,1.0059,3.0426,0.0097,-27.00,0.5000,35,reversal
MU,Long,2024-12-16T15:00:00+00:00,2024-12-16T19:15:00+00:00,110.9700,109.5000,4.2105,1.3942,2.8163,0.0129,62.00,4.2500,30,reversal
SBUX,Short,2024-12-16T15:00:00+00:00,2024-12-16T20:45:00+00:00,95.0300,93.5600,-1.4852,1.3942,-2.8794,0.0049,-72.00,5.7500,30,eod
T,Long,2024-12-16T15:00:00+00:00,2024-12-16T20:45:00+00:00,23.0700,22.8000,-3.0732,1.3942,-4.4674,0.0054,298.00,5.7500,30,eod
TSLA,Short,2024-12-17T15:00:00+00:00,2024-12-17T16:15:00+00:00,479.0500,471.8400,2.7660,-0.3851,3.1511,0.0077,-14.00,1.2500,30,reversal
SLB,Short,2024-12-17T15:00:00+00:00,2024-12-17T20:45:00+00:00,38.8900,38.9500,-1.9131,-0.3851,-1.5279,0.0058,-177.00,5.7500,30,eod
UNH,Long,2024-12-17T15:50:00+00:00,2024-12-17T20:45:00+00:00,479.0300,480.5100,-3.1853,0.1051,-3.2904,0.0095,14.00,4.9167,80,eod
DIS,Long,2024-12-17T15:00:00+00:00,2024-12-17T20:45:00+00:00,112.4500,113.2900,2.4321,-0.3851,2.8172,0.0033,61.00,5.7500,30,eod
DIS,Long,2024-12-18T15:05:00+00:00,2024-12-18T15:15:00+00:00,115.8900,115.2800,2.2954,1.0376,1.2579,0.0037,59.00,0.1667,35,reversal
MPC,Short,2024-12-18T15:00:00+00:00,2024-12-18T19:10:00+00:00,136.7000,136.3300,-1.5944,1.3986,-2.9929,0.0058,-50.00,4.1667,30,reversal
PFE,Long,2024-12-18T15:00:00+00:00,2024-12-18T19:30:00+00:00,26.3800,26.2300,-1.9578,1.3986,-3.3563,0.0025,263.00,4.5000,30,reversal
UNH,Short,2024-12-18T19:40:00+00:00,2024-12-18T20:45:00+00:00,502.6700,500.9500,1.1410,-1.8593,3.0003,0.0171,-13.00,1.0833,310,eod
AMD,Short,2024-12-19T15:05:00+00:00,2024-12-19T16:20:00+00:00,120.3000,121.1500,-3.2254,-2.2018,-1.0236,0.0071,-57.00,1.2500,35,reversal
AAPL,Short,2024-12-19T15:00:00+00:00,2024-12-19T20:45:00+00:00,249.2800,250.0900,1.6362,-2.3621,3.9984,0.0036,-27.00,5.7500,30,eod
GE,Long,2024-12-19T15:00:00+00:00,2024-12-19T20:45:00+00:00,163.0900,165.1200,-0.2792,-2.3621,2.0829,0.0050,42.00,5.7500,30,eod
AAPL,Long,2024-12-20T20:30:00+00:00,2024-12-20T20:45:00+00:00,252.9700,253.7800,3.3790,2.3249,1.0541,0.0070,27.00,0.2500,360,eod
LIN,Short,2024-12-20T15:00:00+00:00,2024-12-20T20:45:00+00:00,418.9200,421.1800,-1.1709,1.7329,-2.9037,0.0030,-16.00,5.7500,30,eod
LLY,Long,2024-12-20T15:00:00+00:00,2024-12-20T20:45:00+00:00,792.2800,772.7500,-2.2406,1.7329,-3.9735,0.0068,8.00,5.7500,30,eod
NFLX,Short,2024-12-23T15:00:00+00:00,2024-12-23T15:10:00+00:00,90.1600,90.2400,-2.6652,-1.0478,-1.6175,0.0035,-76.00,0.1667,30,reversal
AVGO,Long,2024-12-23T15:00:00+00:00,2024-12-23T19:15:00+00:00,230.0500,232.2900,1.0393,-1.0478,2.0870,0.0117,29.00,4.2500,30,reversal
AMD,Short,2024-12-23T15:00:00+00:00,2024-12-23T20:45:00+00:00,124.9000,124.7300,2.6179,-1.0478,3.6656,0.0067,-54.00,5.7500,30,eod
NKE,Long,2024-12-23T19:15:00+00:00,2024-12-23T20:45:00+00:00,76.0300,76.4300,-2.0432,1.0055,-3.0487,0.0078,90.00,1.5000,285,eod
XOM,Long,2024-12-24T15:25:00+00:00,2024-12-24T16:25:00+00:00,106.8700,106.7800,2.4820,1.1971,1.2849,0.0034,64.00,1.0000,55,reversal
JPM,Short,2024-12-24T15:00:00+00:00,2024-12-26T14:35:00+00:00,240.0800,241.9400,-0.7088,1.7019,-2.4108,0.0034,-28.00,47.5833,30,reversal
NVDA,Short,2024-12-26T15:00:00+00:00,2024-12-26T20:45:00+00:00,139.0300,140.1100,-2.0086,-0.1296,-1.8791,0.0063,-49.00,5.7500,30,eod
SBUX,Long,2024-12-26T15:00:00+00:00,2024-12-26T20:45:00+00:00,90.9000,91.8800,2.2287,-0.1296,2.3583,0.0059,75.00,5.7500,30,eod
SBUX,Short,2024-12-26T15:05:00+00:00,2024-12-26T20:45:00+00:00,90.9800,91.8800,2.3868,-0.7409,3.1278,0.0058,-75.00,5.6667,35,eod
NFLX,Short,2024-12-27T15:00:00+00:00,2024-12-27T15:20:00+00:00,89.7800,89.8300,-3.5994,-2.4807,-1.1186,0.0040,-75.00,0.3333,30,reversal
CAT,Long,2024-12-27T15:00:00+00:00,2024-12-27T20:45:00+00:00,364.9300,364.2000,0.3961,-2.4807,2.8768,0.0044,18.00,5.7500,30,eod
SBUX,Short,2024-12-27T15:00:00+00:00,2024-12-27T20:45:00+00:00,92.9000,91.9700,2.3682,-2.4807,4.8489,0.0064,-73.00,5.7500,30,eod
NVDA,Long,2024-12-30T15:00:00+00:00,2024-12-30T20:45:00+00:00,137.2000,138.3500,2.1573,-0.6397,2.7970,0.0081,49.00,5.7500,30,eod
LIN,Short,2024-12-30T15:00:00+00:00,2024-12-30T20:45:00+00:00,417.0400,418.0800,-2.0233,-0.6397,-1.3836,0.0031,-16.00,5.7500,30,eod
TXN,Short,2024-12-31T15:00:00+00:00,2024-12-31T15:50:00+00:00,187.5600,188.0900,-2.1358,-0.6383,-1.4975,0.0031,-36.00,0.8333,30,reversal
COP,Long,2024-12-31T15:00:00+00:00,2024-12-31T20:45:00+00:00,98.3200,99.0100,2.0298,-0.6383,2.6681,0.0037,69.00,5.7500,30,eod
COP,Short,2024-12-31T15:05:00+00:00,2024-12-31T20:45:00+00:00,98.5000,99.0100,2.1762,-1.5074,3.6835,0.0043,-69.00,5.6667,35,eod
META,Long,2025-01-02T15:10:00+00:00,2025-01-02T20:45:00+00:00,603.4200,597.3100,3.2658,1.9863,1.2795,0.0070,11.00,5.5833,40,eod
COP,Short,2025-01-02T15:40:00+00:00,2025-01-02T20:45:00+00:00,101.1500,100.0700,3.0463,-0.2509,3.2972,0.0034,-67.00,5.0833,70,eod
LIN,Short,2025-01-02T15:00:00+00:00,2025-01-02T20:45:00+00:00,420.1200,415.9900,-0.6356,2.0993,-2.7349,0.0030,-16.00,5.7500,30,eod
NKE,Long,2025-01-02T15:00:00+00:00,2025-01-02T20:45:00+00:00,75.3300,73.7300,-2.6332,2.0993,-4.7325,0.0059,90.00,5.7500,30,eod
NVDA,Long,2025-01-03T15:00:00+00:00,2025-01-03T19:15:00+00:00,143.9400,144.3400,2.4865,1.2726,1.2139,0.0083,47.00,4.2500,30,reversal
CAT,Short,2025-01-03T15:00:00+00:00,2025-01-03T20:45:00+00:00,360.1700,363.4400,-1.6344,1.2726,-2.9070,0.0040,-18.00,5.7500,30,eod
GS,Long,2025-01-03T15:00:00+00:00,2025-01-03T20:45:00+00:00,573.1100,578.9300,-3.0891,1.2726,-4.3617,0.0043,11.00,5.7500,30,eod
NFLX,Short,2025-01-06T15:00:00+00:00,2025-01-06T20:45:00+00:00,88.1200,87.7700,-2.1974,0.5447,-2.7421,0.0041,-76.00,5.7500,30,eod
NFLX,Long,2025-01-06T15:10:00+00:00,2025-01-06T20:45:00+00:00,88.0000,87.7700,-2.0995,0.9205,-3.0200,0.0049,76.00,5.5833,40,eod
HD,Long,2025-01-06T15:00:00+00:00,2025-01-06T20:45:00+00:00,393.3700,388.2900,3.4785,0.5447,2.9338,0.0031,17.00,5.7500,30,eod
LOW,Short,2025-01-06T15:00:00+00:00,2025-01-06T20:45:00+00:00,252.3100,249.4600,4.6715,0.5447,4.1268,0.0037,-26.00,5.7500,30,eod
SCHW,Long,2025-01-07T15:00:00+00:00,2025-01-07T20:35:00+00:00,72.5800,72.1800,-5.0856,-1.8404,-3.2452,0.0044,93.00,5.5833,30,reversal
NVDA,Short,2025-01-07T15:00:00+00:00,2025-01-07T20:45:00+00:00,145.6300,140.8600,-3.1055,-1.8404,-1.2651,0.0104,-46.00,5.7500,30,eod
AAPL,Long,2025-01-07T15:00:00+00:00,2025-01-07T20:45:00+00:00,244.7700,241.8700,1.0020,-1.8404,2.8424,0.0034,27.00,5.7500,30,eod
LLY,Short,2025-01-07T15:00:00+00:00,2025-01-07T20:45:00+00:00,779.5900,772.1100,3.4159,-1.8404,5.2562,0.0063,-8.00,5.7500,30,eod
MU,Short,2025-01-08T15:00:00+00:00,2025-01-08T20:45:00+00:00,99.4700,99.5500,-1.9811,0.2512,-2.2323,0.0106,-68.00,5.7500,30,eod
PFE,Long,2025-01-08T15:00:00+00:00,2025-01-08T20:45:00+00:00,26.6300,26.9600,3.0604,0.2512,2.8091,0.0042,255.00,5.7500,30,eod
PFE,Short,2025-01-08T15:05:00+00:00,2025-01-08T20:45:00+00:00,26.7300,26.9600,3.8181,-0.2233,4.0414,0.0044,-254.00,5.6667,35,eod
NKE,Long,2025-01-10T15:00:00+00:00,2025-01-10T15:50:00+00:00,71.9500,71.5500,0.4643,-2.4406,2.9049,0.0042,94.00,0.8333,30,reversal
NFLX,Short,2025-01-10T15:00:00+00:00,2025-01-10T20:45:00+00:00,84.1500,83.4500,-4.4091,-2.4406,-1.9685,0.0060,-80.00,5.7500,30,eod
LOW,Short,2025-01-10T15:00:00+00:00,2025-01-10T20:45:00+00:00,246.7400,247.9100,1.2854,-2.4406,3.7260,0.0036,-27.00,5.7500,30,eod
T,Long,2025-01-10T15:25:00+00:00,2025-01-10T20:45:00+00:00,21.6100,21.6200,-4.3735,-1.2299,-3.1436,0.0042,312.00,5.3333,55,eod
AAPL,Short,2025-01-13T15:00:00+00:00,2025-01-13T15:35:00+00:00,230.1000,231.2600,-1.5967,0.4573,-2.0539,0.0032,-29.00,0.5833,30,reversal
HD,Long,2025-01-13T15:00:00+00:00,2025-01-13T15:45:00+00:00,394.1100,390.5600,3.2280,0.4573,2.7708,0.0039,17.00,0.7500,30,reversal
DE,Short,2025-01-13T15:00:00+00:00,2025-01-13T20:45:00+00:00,418.7500,430.6000,3.9290,0.4573,3.4718,0.0044,-16.00,5.7500,30,eod
AMD,Short,2025-01-14T15:00:00+00:00,2025-01-14T20:45:00+00:00,116.2200,115.3200,-2.4423,-0.6579,-1.7844,0.0078,-57.00,5.7500,30,eod
GE,Long,2025-01-14T15:00:00+00:00,2025-01-14T20:45:00+00:00,174.4500,176.0300,2.0460,-0.6579,2.7039,0.0049,38.00,5.7500,30,eod
GE,Short,2025-01-14T15:20:00+00:00,2025-01-14T20:45:00+00:00,174.7500,176.0300,2.7404,-0.3750,3.1154,0.0043,-38.00,5.4167,50,eod
LLY,Long,2025-01-14T15:00:00+00:00,2025-01-14T20:45:00+00:00,734.0000,741.4900,-5.1759,-0.6579,-4.5181,0.0088,9.00,5.7500,30,eod
MU,Long,2025-01-15T15:00:00+00:00,2025-01-15T20:45:00+00:00,102.7400,103.4800,2.1955,1.1677,1.0278,0.0104,64.00,5.7500,30,eod
DE,Long,2025-01-15T15:00:00+00:00,2025-01-15T20:45:00+00:00,431.0800,430.2000,-2.6448,1.1677,-3.8126,0.0042,15.00,5.7500,30,eod
FCX,Short,2025-01-15T15:00:00+00:00,2025-01-15T20:45:00+00:00,39.5600,40.0800,-1.4412,1.1677,-2.6089,0.0083,-168.00,5.7500,30,eod
TXN,Short,2025-01-16T15:00:00+00:00,2025-01-16T20:45:00+00:00,190.1400,188.4600,-2.9665,-0.5054,-2.4610,0.0044,-34.00,5.7500,30,eod
ADBE,Short,2025-01-16T15:25:00+00:00,2025-01-16T20:45:00+00:00,426.1800,425.8700,2.4424,-0.5710,3.0134,0.0053,-15.00,5.3333,55,eod
SCHW,Long,2025-01-16T15:00:00+00:00,2025-01-16T20:45:00+00:00,74.6600,75.3100,1.5277,-0.5054,2.0332,0.0049,89.00,5.7500,30,eod
UNH,Long,2025-01-16T15:00:00+00:00,2025-01-16T20:45:00+00:00,526.4000,510.9900,-5.4770,-0.5054,-4.9716,0.0040,12.00,5.7500,30,eod
CRM,Short,2025-01-17T15:00:00+00:00,2025-01-17T16:35:00+00:00,323.4800,327.7800,-1.3319,-0.1123,-1.2195,0.0059,-20.00,1.5833,30,reversal
SLB,Short,2025-01-17T15:00:00+00:00,2025-01-17T20:45:00+00:00,43.9800,44.0100,3.9444,-0.1123,4.0567,0.0072,-150.00,5.7500,30,eod
SCHW,Long,2025-01-17T15:00:00+00:00,2025-01-17T20:45:00+00:00,76.1700,76.3300,2.3888,-0.1123,2.5012,0.0055,86.00,5.7500,30,eod
LLY,Long,2025-01-17T20:35:00+00:00,2025-01-17T20:45:00+00:00,729.1500,730.0000,-2.6205,0.4250,-3.0455,0.0116,9.00,0.1667,365,eod
SCHW,Short,2025-01-21T15:00:00+00:00,2025-01-21T15:30:00+00:00,82.2500,80.2200,2.7824,-1.1050,3.8874,0.0064,-80.00,0.5000,30,reversal
COIN,Short,2025-01-21T15:00:00+00:00,2025-01-21T16:45:00+00:00,279.2300,292.3800,-2.6474,-1.1050,-1.5424,0.0211,-23.00,1.7500,30,reversal
SCHW,Long,2025-01-21T17:10:00+00:00,2025-01-21T20:25:00+00:00,78.2800,80.9800,-3.3151,-0.1468,-3.1683,0.0094,83.00,3.2500,160,reversal
LIN,Long,2025-01-21T15:00:00+00:00,2025-01-21T20:45:00+00:00,442.4300,442.5000,1.8682,-1.1050,2.9732,0.0029,14.00,5.7500,30,eod
SLB,Long,2025-01-22T20:40:00+00:00,2025-01-22T20:45:00+00:00,41.5200,41.5500,-2.6831,0.3600,-3.0431,0.0111,159.00,0.0833,370,eod
LOW,Short,2025-01-22T15:00:00+00:00,2025-01-22T20:45:00+00:00,259.0200,258.6300,-2.1031,0.6005,-2.7035,0.0052,-25.00,5.7500,30,eod
NKE,Long,2025-01-22T15:00:00+00:00,2025-01-22T20:45:00+00:00,73.8300,73.9000,1.9566,0.6005,1.3561,0.0054,89.00,5.7500,30,eod
FCX,Short,2025-01-23T15:00:00+00:00,2025-01-23T18:00:00+00:00,36.7400,38.1200,-2.5437,-0.2272,-2.3165,0.0114,-179.00,3.0000,30,reversal
GOOGL,Long,2025-01-23T19:10:00+00:00,2025-01-23T20:45:00+00:00,195.2400,197.3900,-2.8114,0.2535,-3.0649,0.0067,33.00,1.5833,280,eod
DE,Long,2025-01-23T15:00:00+00:00,2025-01-23T20:45:00+00:00,469.4200,475.2500,2.6284,-0.2272,2.8556,0.0047,14.00,5.7500,30,eod
DE,Short,2025-01-23T15:05:00+00:00,2025-01-23T20:45:00+00:00,471.5700,475.2500,2.8586,-0.1633,3.0219,0.0059,-14.00,5.6667,35,eod
CVX,Short,2025-01-24T15:00:00+00:00,2025-01-24T19:00:00+00:00,155.7100,156.1100,-2.2176,0.1079,-2.3255,0.0045,-41.00,4.0000,30,reversal
XOM,Long,2025-01-24T15:00:00+00:00,2025-01-24T20:45:00+00:00,109.0300,108.4800,-3.1131,0.1079,-3.2210,0.0044,59.00,5.7500,30,eod
DIS,Long,2025-01-24T15:00:00+00:00,2025-01-24T20:45:00+00:00,111.6600,112.1400,1.3560,0.1079,1.2481,0.0065,58.00,5.7500,30,eod
DIS,Short,2025-01-24T18:05:00+00:00,2025-01-24T20:45:00+00:00,113.0400,112.1400,2.2263,-0.9148,3.1411,0.0095,-57.00,2.6667,215,eod
MPC,Long,2025-01-27T15:00:00+00:00,2025-01-27T15:25:00+00:00,154.4300,152.8200,2.3571,0.6031,1.7540,0.0074,42.00,0.4167,30,reversal
LIN,Long,2025-01-27T15:00:00+00:00,2025-01-27T17:55:00+00:00,436.1500,439.6100,-2.9742,0.6031,-3.5774,0.0034,15.00,2.9167,30,reversal
MU,Short,2025-01-27T15:00:00+00:00,2025-01-27T20:45:00+00:00,93.4000,90.6900,-2.2445,0.6031,-2.8476,0.0104,-70.00,5.7500,30,eod
META,Short,2025-01-27T15:55:00+00:00,2025-01-27T20:45:00+00:00,657.9000,655.7500,4.3066,1.1092,3.1974,0.0092,-9.00,4.8333,85,eod
CRM,Long,2025-01-28T15:05:00+00:00,2025-01-28T15:30:00+00:00,361.9100,360.5900,2.3236,0.9397,1.3839,0.0074,18.00,0.4167,35,reversal
FCX,Short,2025-01-28T15:00:00+00:00,2025-01-28T20:45:00+00:00,36.2700,35.8300,-1.4203,1.5316,-2.9519,0.0116,-181.00,5.7500,30,eod
PFE,Long,2025-01-28T15:00:00+00:00,2025-01-28T20:45:00+00:00,26.5400,26.8300,-2.7911,1.5316,-4.3227,0.0036,248.00,5.7500,30,eod
AVGO,Short,2025-01-29T15:00:00+00:00,2025-01-29T15:35:00+00:00,211.1300,205.9300,2.9525,-0.1127,3.0652,0.0079,-31.00,0.5833,30,reversal
CAT,Long,2025-01-29T15:00:00+00:00,2025-01-29T20:30:00+00:00,398.9200,394.6500,2.7370,-0.1127,2.8497,0.0045,16.00,5.5000,30,reversal
T,Short,2025-01-29T15:00:00+00:00,2025-01-29T20:45:00+00:00,24.6600,24.3000,-2.2463,-0.1127,-2.1336,0.0048,-268.00,5.7500,30,eod
TSLA,Short,2025-01-30T15:00:00+00:00,2025-01-30T16:00:00+00:00,386.0700,392.4600,-3.2048,-0.3518,-2.8530,0.0137,-17.00,1.0000,30,reversal
META,Short,2025-01-30T15:00:00+00:00,2025-01-30T16:05:00+00:00,704.9700,678.8000,3.5738,-0.3518,3.9255,0.0062,-9.00,1.0833,30,reversal
GOOGL,Long,2025-01-30T15:00:00+00:00,2025-01-30T20:45:00+00:00,200.5600,200.9800,1.7210,-0.3518,2.0728,0.0063,33.00,5.7500,30,eod
PFE,Short,2025-01-31T15:00:00+00:00,2025-01-31T19:45:00+00:00,26.7300,26.5000,-1.4882,1.4576,-2.9458,0.0028,-251.00,4.7500,30,reversal
CVX,Long,2025-01-31T15:00:00+00:00,2025-01-31T20:15:00+00:00,149.2800,149.6600,-3.1781,1.4576,-4.6356,0.0049,44.00,5.2500,30,reversal
TXN,Long,2025-01-31T15:00:00+00:00,2025-01-31T20:45:00+00:00,187.3300,183.9800,2.7109,1.4576,1.2534,0.0042,35.00,5.7500,30,eod
NKE,Short,2025-02-03T15:00:00+00:00,2025-02-03T15:20:00+00:00,73.7100,74.1700,-3.5241,-1.1380,-2.3861,0.0048,-90.00,0.3333,30,reversal
NKE,Long,2025-02-03T15:05:00+00:00,2025-02-03T15:20:00+00:00,73.4400,74.1700,-3.8906,-0.5459,-3.3448,0.0053,91.00,0.2500,35,reversal
XOM,Long,2025-02-03T15:00:00+00:00,2025-02-03T15:35:00+00:00,106.6700,106.3200,1.8502,-1.1380,2.9883,0.0042,62.00,0.5833,30,reversal
CVX,Short,2025-02-03T15:00:00+00:00,2025-02-03T15:35:00+00:00,149.6200,149.4100,1.9905,-1.1380,3.1285,0.0050,-44.00,0.5833,30,reversal
HD,Short,2025-02-04T15:00:00+00:00,2025-02-04T20:30:00+00:00,407.1100,411.8800,-0.2405,2.7434,-2.9839,0.0041,-16.00,5.5000,30,reversal
XOM,Long,2025-02-04T15:10:00+00:00,2025-02-04T20:45:00+00:00,109.4400,109.9100,4.1342,2.7737,1.3605,0.0059,61.00,5.5833,40,eod
PFE,Long,2025-02-04T15:00:00+00:00,2025-02-04T20:45:00+00:00,26.1500,25.9200,-5.2722,2.7434,-8.0156,0.0043,256.00,5.7500,30,eod
SBUX,Long,2025-02-05T15:00:00+00:00,2025-02-05T17:05:00+00:00,110.7000,111.9700,1.3919,-0.5637,1.9556,0.0041,60.00,2.0833,30,reversal
NKE,Short,2025-02-05T15:00:00+00:00,2025-02-05T20:45:00+00:00,74.9500,74.5500,-3.3369,-0.5637,-2.7732,0.0052,-88.00,5.7500,30,eod
PFE,Short,2025-02-05T15:00:00+00:00,2025-02-05T20:45:00+00:00,26.3100,26.5700,3.8434,-0.5637,4.4071,0.0055,-253.00,5.7500,30,eod
DIS,Long,2025-02-05T15:00:00+00:00,2025-02-05T20:45:00+00:00,112.3100,110.4200,-4.9230,-0.5637,-4.3592,0.0059,59.00,5.7500,30,eod
AAPL,Long,2025-02-06T15:00:00+00:00,2025-02-06T15:10:00+00:00,232.7000,232.9300,1.3829,0.3120,1.0710,0.0049,28.00,0.1667,30,reversal
LIN,Short,2025-02-06T15:00:00+00:00,2025-02-06T16:15:00+00:00,459.2800,453.8200,3.6922,0.3120,3.3803,0.0037,-14.00,1.2500,30,reversal
DIS,Short,2025-02-06T15:00:00+00:00,2025-02-06T19:35:00+00:00,109.5500,111.3800,-2.5700,0.3120,-2.8819,0.0070,-60.00,4.5833,30,reversal
AMD,Long,2025-02-06T15:00:00+00:00,2025-02-06T20:45:00+00:00,110.0300,109.7700,-2.7928,0.3120,-3.1047,0.0067,60.00,5.7500,30,eod
QCOM,Long,2025-02-07T15:00:00+00:00,2025-02-07T20:45:00+00:00,168.8300,167.7500,-0.2630,-3.2262,2.9631,0.0067,39.00,5.7500,30,eod
GOOGL,Short,2025-02-07T15:30:00+00:00,2025-02-07T20:45:00+00:00,186.0000,185.1500,-3.2850,-2.1297,-1.1553,0.0073,-35.00,5.2500,60,eod
T,Short,2025-02-07T15:00:00+00:00,2025-02-07T20:45:00+00:00,24.4600,24.5700,1.5967,-3.2262,4.8228,0.0041,-270.00,5.7500,30,eod
AVGO,Long,2025-02-10T16:00:00+00:00,2025-02-10T20:45:00+00:00,234.3800,234.3600,2.2195,1.1370,1.0826,0.0121,27.00,4.7500,90,eod
JPM,Long,2025-02-10T15:00:00+00:00,2025-02-10T20:45:00+00:00,273.0000,271.3700,-2.4404,1.0022,-3.4426,0.0034,24.00,5.7500,30,eod
COIN,Short,2025-02-10T15:00:00+00:00,2025-02-10T20:45:00+00:00,276.1400,279.9500,-1.9838,1.0022,-2.9860,0.0156,-23.00,5.7500,30,eod
JPM,Short,2025-02-11T19:30:00+00:00,2025-02-11T20:45:00+00:00,275.0900,274.8700,3.2629,0.1902,3.0728,0.0056,-23.00,1.2500,300,eod
SCHW,Long,2025-02-11T15:00:00+00:00,2025-02-11T20:45:00+00:00,82.9400,83.5800,1.7918,0.1427,1.6491,0.0036,78.00,5.7500,30,eod
UNH,Short,2025-02-11T15:00:00+00:00,2025-02-11T20:45:00+00:00,532.2600,533.1100,-1.7982,0.1427,-1.9409,0.0078,-12.00,5.7500,30,eod
UNH,Long,2025-02-11T15:25:00+00:00,2025-02-11T20:45:00+00:00,529.8500,533.1100,-2.6144,0.6655,-3.2799,0.0071,12.00,5.3333,55,eod
NFLX,Long,2025-02-12T15:00:00+00:00,2025-02-12T15:25:00+00:00,100.6000,100.7400,1.9669,0.4207,1.5462,0.0036,65.00,0.4167,30,reversal
SCHW,Short,2025-02-12T15:00:00+00:00,2025-02-12T20:45:00+00:00,82.0700,81.8700,-1.8448,0.4207,-2.2655,0.0041,-79.00,5.7500,30,eod
SCHW,Long,2025-02-12T15:20:00+00:00,2025-02-12T20:45:00+00:00,82.1200,81.8700,-1.8641,1.6607,-3.5249,0.0037,79.00,5.4167,50,eod
NKE,Short,2025-02-13T15:00:00+00:00,2025-02-13T18:20:00+00:00,71.8200,72.8500,-2.2584,-0.1166,-2.1418,0.0060,-91.00,3.3333,30,reversal
MPC,Long,2025-02-13T15:00:00+00:00,2025-02-13T20:45:00+00:00,150.2800,154.7400,2.3423,-0.1166,2.4589,0.0093,43.00,5.7500,30,eod
DE,Short,2025-02-13T15:20:00+00:00,2025-02-13T20:45:00+00:00,466.0300,466.0700,3.8161,0.6038,3.2123,0.0041,-14.00,5.4167,50,eod
SCHW,Long,2025-02-13T15:15:00+00:00,2025-02-13T20:45:00+00:00,81.3300,81.2500,-3.0190,0.4683,-3.4872,0.0035,80.00,5.5000,45,eod
LLY,Long,2025-02-14T15:00:00+00:00,2025-02-14T16:15:00+00:00,870.3900,864.1500,1.6131,0.2825,1.3305,0.0043,7.00,1.2500,30,reversal
GS,Short,2025-02-14T15:00:00+00:00,2025-02-14T20:45:00+00:00,661.2200,660.5500,3.4468,0.2825,3.1643,0.0039,-9.00,5.7500,30,eod
LLY,Long,2025-02-14T18:55:00+00:00,2025-02-14T20:45:00+00:00,848.8700,843.1000,-2.5210,0.5352,-3.0562,0.0071,7.00,1.8333,265,eod
COIN,Short,2025-02-14T15:00:00+00:00,2025-02-14T20:45:00+00:00,279.8700,277.8100,-1.3598,0.2825,-1.6423,0.0150,-23.00,5.7500,30,eod
LLY,Long,2025-02-18T15:00:00+00:00,2025-02-18T16:35:00+00:00,859.7300,851.8400,1.3223,-1.3504,2.6726,0.0045,7.00,1.5833,30,reversal
META,Short,2025-02-18T15:00:00+00:00,2025-02-18T20:45:00+00:00,721.1800,710.2200,-2.6781,-1.3504,-1.3278,0.0061,-9.00,5.7500,30,eod
META,Long,2025-02-18T19:20:00+00:00,2025-02-18T20:45:00+00:00,708.5000,710.2200,-3.6624,-0.6492,-3.0132,0.0092,9.00,1.4167,290,eod
LIN,Short,2025-02-18T15:00:00+00:00,2025-02-18T20:45:00+00:00,455.6800,463.2100,1.8580,-1.3504,3.2084,0.0037,-14.00,5.7500,30,eod
TSLA,Long,2025-02-19T15:00:00+00:00,2025-02-19T16:30:00+00:00,364.6000,359.2000,1.2310,-0.9886,2.2195,0.0143,17.00,1.5000,30,reversal
DE,Short,2025-02-19T15:05:00+00:00,2025-02-19T20:45:00+00:00,502.7500,508.7800,1.9373,-1.1357,3.0731,0.0037,-12.00,5.6667,35,eod
PYPL,Short,2025-02-19T15:05:00+00:00,2025-02-19T20:45:00+00:00,77.7700,78.3900,-2.4036,-1.1357,-1.2678,0.0038,-83.00,5.6667,35,eod
TXN,Short,2025-02-20T15:00:00+00:00,2025-02-20T20:45:00+00:00,201.0500,203.4800,3.0309,-2.2874,5.3182,0.0039,-32.00,5.7500,30,eod
LIN,Long,2025-02-20T15:00:00+00:00,2025-02-20T20:45:00+00:00,460.8300,460.9600,0.6635,-2.2874,2.9509,0.0041,14.00,5.7500,30,eod
JPM,Short,2025-02-20T15:00:00+00:00,2025-02-20T20:45:00+00:00,274.2800,267.9300,-4.2776,-2.2874,-1.9902,0.0032,-23.00,5.7500,30,eod
GS,Long,2025-02-20T15:00:00+00:00,2025-02-20T20:45:00+00:00,653.8700,643.6400,-5.5975,-2.2874,-3.3101,0.0042,9.00,5.7500,30,eod
HD,Short,2025-02-21T15:00:00+00:00,2025-02-21T18:30:00+00:00,392.9600,387.2100,-2.6172,-0.9551,-1.6620,0.0033,-16.00,3.5000,30,reversal
SBUX,Long,2025-02-21T15:00:00+00:00,2025-02-21T20:45:00+00:00,114.1000,111.9900,1.4409,-0.9551,2.3960,0.0038,56.00,5.7500,30,eod
SBUX,Short,2025-02-21T15:20:00+00:00,2025-02-21T20:45:00+00:00,114.1500,111.9900,1.6367,-1.4354,3.0722,0.0036,-56.00,5.4167,50,eod
FCX,Long,2025-02-24T15:00:00+00:00,2025-02-24T20:45:00+00:00,37.0400,37.2000,-0.5888,-3.3140,2.7252,0.0064,175.00,5.7500,30,eod
JPM,Short,2025-02-24T15:00:00+00:00,2025-02-24T20:45:00+00:00,260.6900,261.3900,-4.8894,-3.3140,-1.5753,0.0044,-24.00,5.7500,30,eod
T,Short,2025-02-24T15:00:00+00:00,2025-02-24T20:45:00+00:00,26.9900,26.8000,2.5199,-3.3140,5.8339,0.0037,-240.00,5.7500,30,eod
QCOM,Long,2025-02-25T15:00:00+00:00,2025-02-25T20:45:00+00:00,162.0100,161.3200,0.5543,-2.0170,2.5712,0.0058,40.00,5.7500,30,eod
TXN,Short,2025-02-25T15:00:00+00:00,2025-02-25T20:45:00+00:00,201.0300,200.3100,3.3658,-2.0170,5.3828,0.0039,-32.00,5.7500,30,eod
PYPL,Short,2025-02-25T15:00:00+00:00,2025-02-25T20:45:00+00:00,73.5500,74.1600,-4.6492,-2.0170,-2.6323,0.0094,-88.00,5.7500,30,eod
PYPL,Long,2025-02-25T15:05:00+00:00,2025-02-25T20:45:00+00:00,73.2200,74.1600,-5.5464,-1.6865,-3.8599,0.0087,88.00,5.6667,35,eod
NKE,Short,2025-02-26T15:00:00+00:00,2025-02-26T15:30:00+00:00,81.3000,82.3800,-1.3431,1.2554,-2.5984,0.0054,-80.00,0.5000,30,reversal
TXN,Long,2025-02-26T15:00:00+00:00,2025-02-26T20:45:00+00:00,196.6800,198.0800,-2.7374,1.2554,-3.9928,0.0046,33.00,5.7500,30,eod
MSFT,Long,2025-02-26T15:00:00+00:00,2025-02-26T20:45:00+00:00,400.6800,399.6300,3.1248,1.2554,1.8694,0.0038,16.00,5.7500,30,eod
MU,Short,2025-02-27T15:00:00+00:00,2025-02-27T17:00:00+00:00,94.1700,95.4500,-4.7364,-3.6932,-1.0432,0.0109,-69.00,2.0000,30,reversal
SCHW,Long,2025-02-27T15:00:00+00:00,2025-02-27T20:45:00+00:00,78.7800,78.4300,-0.7414,-3.6932,2.9518,0.0055,82.00,5.7500,30,eod
HD,Short,2025-02-27T15:00:00+00:00,2025-02-27T20:45:00+00:00,392.1800,390.7700,3.0991,-3.6932,6.7923,0.0029,-16.00,5.7500,30,eod
SLB,Long,2025-02-28T15:00:00+00:00,2025-02-28T15:15:00+00:00,41.0000,40.8800,2.5886,1.3613,1.2272,0.0053,157.00,0.2500,30,reversal
LLY,Short,2025-02-28T15:00:00+00:00,2025-02-28T19:15:00+00:00,901.2700,907.0000,-0.7267,1.3613,-2.0880,0.0042,-7.00,4.2500,30,reversal
LLY,Long,2025-02-28T15:05:00+00:00,2025-02-28T19:15:00+00:00,898.3000,907.0000,-1.4318,1.6005,-3.0323,0.0044,7.00,4.1667,35,reversal
FCX,Short,2025-03-03T15:00:00+00:00,2025-03-03T15:15:00+00:00,37.2600,37.5000,-3.1558,-1.9904,-1.1655,0.0072,-173.00,0.2500,30,reversal
LIN,Long,2025-03-03T15:00:00+00:00,2025-03-03T16:25:00+00:00,470.3700,467.2400,0.8879,-1.9904,2.8782,0.0035,13.00,1.4167,30,reversal
T,Short,2025-03-03T15:00:00+00:00,2025-03-03T20:45:00+00:00,27.7700,27.6500,3.5244,-1.9904,5.5147,0.0034,-233.00,5.7500,30,eod
COP,Short,2025-03-04T15:00:00+00:00,2025-03-04T16:10:00+00:00,88.7100,89.9200,-3.4086,-0.7992,-2.6094,0.0065,-72.00,1.1667,30,reversal
UNH,Long,2025-03-04T15:00:00+00:00,2025-03-04T19:25:00+00:00,472.1300,477.0900,1.9610,-0.7992,2.7602,0.0050,13.00,4.4167,30,reversal
UNH,Short,2025-03-04T15:05:00+00:00,2025-03-04T19:25:00+00:00,474.1900,477.0900,2.4055,-1.0099,3.4155,0.0059,-13.00,4.3333,35,reversal
T,Long,2025-03-04T16:40:00+00:00,2025-03-04T20:45:00+00:00,26.7100,26.2500,-4.0086,-0.4417,-3.5669,0.0087,240.00,4.0833,130,eod
AAPL,Short,2025-03-05T15:00:00+00:00,2025-03-05T20:45:00+00:00,232.4100,235.4800,-2.3977,0.2799,-2.6776,0.0048,-27.00,5.7500,30,eod
MPC,Long,2025-03-05T17:55:00+00:00,2025-03-05T20:45:00+00:00,134.6300,135.6800,-1.8464,1.2858,-3.1323,0.0172,47.00,2.8333,205,eod
GE,Long,2025-03-05T15:00:00+00:00,2025-03-05T20:45:00+00:00,202.7700,202.5100,2.1293,0.2799,1.8495,0.0082,31.00,5.7500,30,eod
LIN,Short,2025-03-06T15:00:00+00:00,2025-03-06T16:00:00+00:00,463.8400,468.1900,-1.3226,0.6930,-2.0156,0.0040,-13.00,1.0000,30,reversal
DE,Long,2025-03-06T15:00:00+00:00,2025-03-06T20:45:00+00:00,472.6400,483.7900,2.2853,0.6930,1.5923,0.0060,13.00,5.7500,30,eod
DE,Short,2025-03-06T17:25:00+00:00,2025-03-06T20:45:00+00:00,477.4000,483.7900,2.0168,-1.0529,3.0697,0.0119,-13.00,3.3333,175,eod
SBUX,Long,2025-03-06T15:00:00+00:00,2025-03-06T20:45:00+00:00,107.4100,106.3100,-3.2813,0.6930,-3.9743,0.0035,59.00,5.7500,30,eod
HD,Long,2025-03-07T15:00:00+00:00,2025-03-07T17:20:00+00:00,375.1100,370.2200,-2.4989,0.5243,-3.0233,0.0033,16.00,2.3333,30,reversal
CRM,Short,2025-03-07T15:00:00+00:00,2025-03-07T20:45:00+00:00,286.4200,282.5900,-0.6145,0.5243,-1.1389,0.0086,-21.00,5.7500,30,eod
DE,Long,2025-03-07T15:00:00+00:00,2025-03-07T20:45:00+00:00,490.3300,497.5800,2.6036,0.5243,2.0793,0.0071,12.00,5.7500,30,eod
PFE,Short,2025-03-07T15:30:00+00:00,2025-03-07T20:45:00+00:00,26.8200,26.6600,2.4515,-1.0982,3.5497,0.0059,-235.00,5.2500,60,eod
LLY,Short,2025-03-10T14:00:00+00:00,2025-03-10T16:25:00+00:00,845.1300,842.1500,-3.6260,-0.9244,-2.7016,0.0040,-7.00,2.4167,30,reversal
NKE,Short,2025-03-10T14:00:00+00:00,2025-03-10T19:25:00+00:00,79.5800,76.5700,3.7830,-0.9244,4.7074,0.0050,-79.00,5.4167,30,reversal
SBUX,Long,2025-03-10T14:10:00+00:00,2025-03-10T19:45:00+00:00,102.6700,101.3100,-4.1808,-0.8056,-3.3752,0.0038,61.00,5.5833,40,eod
T,Long,2025-03-10T14:00:00+00:00,2025-03-10T19:45:00+00:00,27.0400,27.3900,1.7653,-0.9244,2.6897,0.0042,234.00,5.7500,30,eod
T,Short,2025-03-11T14:25:00+00:00,2025-03-11T15:10:00+00:00,26.7700,26.3000,2.4241,-0.7176,3.1417,0.0064,-238.00,0.7500,55,reversal
NFLX,Long,2025-03-11T14:00:00+00:00,2025-03-11T19:45:00+00:00,88.6300,90.3500,2.0558,-0.3036,2.3594,0.0085,72.00,5.7500,30,eod
CVX,Short,2025-03-11T14:00:00+00:00,2025-03-11T19:45:00+00:00,155.2100,154.0100,-3.2052,-0.3036,-2.9015,0.0055,-41.00,5.7500,30,eod
LIN,Long,2025-03-11T14:05:00+00:00,2025-03-11T19:45:00+00:00,455.2600,456.6100,-3.0017,0.7824,-3.7842,0.0035,14.00,5.6667,35,eod
T,Long,2025-03-12T14:00:00+00:00,2025-03-12T14:35:00+00:00,24.9300,25.4200,-4.4555,-0.6518,-3.8036,0.0060,260.00,0.5833,30,reversal
DIS,Short,2025-03-12T14:00:00+00:00,2025-03-12T17:55:00+00:00,97.0900,98.1800,-2.9949,-0.6518,-2.3431,0.0064,-66.00,3.9167,30,reversal
SCHW,Long,2025-03-12T14:00:00+00:00,2025-03-12T19:45:00+00:00,74.6800,74.3600,1.8899,-0.6518,2.5417,0.0066,86.00,5.7500,30,eod
UNH,Short,2025-03-12T14:40:00+00:00,2025-03-12T19:45:00+00:00,484.5500,483.5300,1.8193,-1.3661,3.1854,0.0042,-13.00,5.0833,70,eod
LLY,Short,2025-03-13T14:00:00+00:00,2025-03-13T17:20:00+00:00,805.2600,802.5500,-3.2838,-1.3355,-1.9483,0.0050,-8.00,3.3333,30,reversal
ADBE,Long,2025-03-13T14:50:00+00:00,2025-03-13T19:45:00+00:00,387.2400,375.2800,-4.0908,-0.6696,-3.4212,0.0042,16.00,4.9167,80,eod
LIN,Long,2025-03-13T14:00:00+00:00,2025-03-13T19:45:00+00:00,453.6400,452.9700,1.5329,-1.3355,2.8685,0.0042,14.00,5.7500,30,eod
T,Short,2025-03-13T14:00:00+00:00,2025-03-13T19:45:00+00:00,26.3500,26.1300,1.7249,-1.3355,3.0605,0.0067,-246.00,5.7500,30,eod
AAPL,Short,2025-03-14T14:00:00+00:00,2025-03-14T19:45:00+00:00,211.5700,213.0800,-1.2284,-0.0727,-1.1556,0.0070,-30.00,5.7500,30,eod
XOM,Long,2025-03-14T14:00:00+00:00,2025-03-14T19:45:00+00:00,109.9400,111.7500,2.2094,-0.0727,2.2822,0.0061,58.00,5.7500,30,eod
NKE,Long,2025-03-14T15:55:00+00:00,2025-03-14T19:45:00+00:00,72.0400,71.6200,-2.1204,0.9495,-3.0700,0.0073,89.00,3.8333,145,eod
UNH,Short,2025-03-14T14:50:00+00:00,2025-03-14T19:45:00+00:00,486.1300,487.5900,3.3071,0.1599,3.1472,0.0041,-13.00,4.9167,80,eod
SBUX,Short,2025-03-17T14:00:00+00:00,2025-03-17T16:00:00+00:00,97.4600,97.8100,-1.6761,-0.1434,-1.5327,0.0047,-65.00,2.0000,30,reversal
ADBE,Long,2025-03-17T14:00:00+00:00,2025-03-17T19:45:00+00:00,388.1700,397.8700,-3.8766,-0.1434,-3.7331,0.0047,16.00,5.7500,30,eod
UNH,Short,2025-03-17T14:50:00+00:00,2025-03-17T19:45:00+00:00,494.6400,499.9800,2.8966,-0.3964,3.2931,0.0050,-12.00,4.9167,80,eod
LLY,Long,2025-03-17T14:00:00+00:00,2025-03-17T19:45:00+00:00,826.1800,825.0400,2.1412,-0.1434,2.2847,0.0054,7.00,5.7500,30,eod
ADBE,Short,2025-03-18T14:00:00+00:00,2025-03-18T16:55:00+00:00,385.6400,390.2700,-3.5430,-1.4337,-2.1093,0.0056,-16.00,2.9167,30,reversal
DE,Long,2025-03-18T14:00:00+00:00,2025-03-18T19:45:00+00:00,484.2700,482.9700,1.2031,-1.4337,2.6368,0.0080,13.00,5.7500,30,eod
UNH,Short,2025-03-18T14:00:00+00:00,2025-03-18T19:45:00+00:00,502.0500,503.3800,1.7574,-1.4337,3.1911,0.0046,-12.00,5.7500,30,eod
AAPL,Long,2025-03-19T14:00:00+00:00,2025-03-19T14:50:00+00:00,218.3100,215.8100,2.0224,0.8705,1.1518,0.0076,29.00,0.8333,30,reversal
UNH,Short,2025-03-19T14:00:00+00:00,2025-03-19T19:45:00+00:00,502.1300,504.6700,-1.1248,0.8705,-1.9953,0.0048,-12.00,5.7500,30,eod
LOW,Long,2025-03-20T14:00:00+00:00,2025-03-20T19:45:00+00:00,228.5900,226.5900,2.6773,1.4995,1.1778,0.0059,27.00,5.7500,30,eod
PFE,Short,2025-03-20T14:00:00+00:00,2025-03-20T19:45:00+00:00,26.1400,26.1700,-0.6747,1.4995,-2.1742,0.0034,-243.00,5.7500,30,eod
LIN,Short,2025-03-21T14:00:00+00:00,2025-03-21T19:45:00+00:00,451.9200,455.3200,-1.8463,0.7395,-2.5858,0.0038,-14.00,5.7500,30,eod
LIN,Long,2025-03-21T14:10:00+00:00,2025-03-21T19:45:00+00:00,451.0600,455.3200,-2.4830,0.6461,-3.1292,0.0036,14.00,5.5833,40,eod
NKE,Long,2025-03-21T14:15:00+00:00,2025-03-21T19:45:00+00:00,66.7600,67.7200,1.7685,0.6228,1.1456,0.0066,94.00,5.5000,45,eod
AMD,Long,2025-03-24T14:05:00+00:00,2025-03-24T19:45:00+00:00,111.0400,114.5300,2.4706,0.5294,1.9412,0.0044,57.00,5.6667,35,eod
NKE,Short,2025-03-24T14:00:00+00:00,2025-03-24T19:45:00+00:00,67.5000,67.4600,-1.7273,0.9708,-2.6981,0.0059,-94.00,5.7500,30,eod
NKE,Long,2025-03-24T14:50:00+00:00,2025-03-24T19:45:00+00:00,67.0400,67.4600,-1.9459,1.1151,-3.0610,0.0087,95.00,4.9167,80,eod
AMD,Short,2025-03-25T14:00:00+00:00,2025-03-25T19:45:00+00:00,113.2900,114.4600,-2.4561,-0.2096,-2.2465,0.0041,-56.00,5.7500,30,eod
MU,Long,2025-03-25T15:25:00+00:00,2025-03-25T19:45:00+00:00,94.4800,94.4500,-2.5144,0.5354,-3.0497,0.0070,68.00,4.3333,115,eod
T,Long,2025-03-25T14:00:00+00:00,2025-03-25T19:45:00+00:00,27.3700,27.3000,1.2616,-0.2096,1.4713,0.0073,235.00,5.7500,30,eod
FCX,Short,2025-03-26T14:00:00+00:00,2025-03-26T16:35:00+00:00,41.7400,41.9800,-3.5133,-1.2117,-2.3017,0.0063,-153.00,2.5833,30,reversal
AMD,Long,2025-03-26T14:00:00+00:00,2025-03-26T19:45:00+00:00,112.1600,110.1300,-4.8157,-1.2117,-3.6040,0.0059,57.00,5.7500,30,eod
MPC,Long,2025-03-26T14:00:00+00:00,2025-03-26T19:45:00+00:00,152.0200,150.0000,1.6123,-1.2117,2.8239,0.0075,42.00,5.7500,30,eod
MPC,Short,2025-03-26T14:05:00+00:00,2025-03-26T19:45:00+00:00,152.2000,150.0000,1.9652,-1.3706,3.3358,0.0067,-42.00,5.6667,35,eod
AVGO,Short,2025-03-27T14:00:00+00:00,2025-03-27T19:45:00+00:00,175.0000,172.6700,-1.0906,1.0358,-2.1264,0.0077,-36.00,5.7500,30,eod
LIN,Long,2025-03-27T14:00:00+00:00,2025-03-27T19:45:00+00:00,464.4900,464.3500,2.2584,1.0358,1.2226,0.0037,13.00,5.7500,30,eod
AAPL,Long,2025-03-28T14:00:00+00:00,2025-03-28T19:45:00+00:00,223.3000,218.3100,1.0078,-0.3830,1.3908,0.0067,28.00,5.7500,30,eod
BAC,Short,2025-03-28T14:00:00+00:00,2025-03-28T19:45:00+00:00,41.7400,41.2800,-3.1055,-0.3830,-2.7225,0.0061,-153.00,5.7500,30,eod
PFE,Short,2025-03-28T15:15:00+00:00,2025-03-28T19:45:00+00:00,25.1200,25.1800,1.4083,-1.9919,3.4002,0.0046,-254.00,4.5000,105,eod
TXN,Short,2025-03-31T14:00:00+00:00,2025-03-31T16:40:00+00:00,177.2100,176.9000,4.2255,1.1925,3.0330,0.0043,-35.00,2.6667,30,reversal
COP,Long,2025-03-31T14:00:00+00:00,2025-03-31T18:20:00+00:00,104.2000,104.7000,2.6389,1.1925,1.4464,0.0057,61.00,4.3333,30,reversal
PFE,Short,2025-03-31T14:00:00+00:00,2025-03-31T19:40:00+00:00,24.8400,25.4200,-1.4395,1.1925,-2.6320,0.0028,-256.00,5.6667,30,reversal
PFE,Long,2025-03-31T14:05:00+00:00,2025-03-31T19:40:00+00:00,24.8300,25.4200,-1.5162,1.6392,-3.1554,0.0029,256.00,5.5833,35,reversal
AAPL,Long,2025-04-01T14:00:00+00:00,2025-04-01T15:50:00+00:00,223.0600,222.2700,2.5681,0.0457,2.5223,0.0056,28.00,1.8333,30,reversal
SCHW,Short,2025-04-01T14:00:00+00:00,2025-04-01T19:45:00+00:00,76.4300,77.6700,-2.2824,0.0457,-2.3281,0.0078,-84.00,5.7500,30,eod
PFE,Long,2025-04-01T14:00:00+00:00,2025-04-01T19:45:00+00:00,24.7900,24.5700,-4.9076,0.0457,-4.9533,0.0033,259.00,5.7500,30,eod
PFE,Long,2025-04-02T14:05:00+00:00,2025-04-02T16:15:00+00:00,24.6000,24.5100,2.5476,1.4173,1.1303,0.0037,258.00,2.1667,35,reversal
DE,Long,2025-04-02T14:00:00+00:00,2025-04-02T19:45:00+00:00,469.5700,471.7400,-1.2718,2.4003,-3.6721,0.0053,13.00,5.7500,30,eod
FCX,Short,2025-04-02T14:00:00+00:00,2025-04-02T19:45:00+00:00,37.7700,38.1100,-0.5263,2.4003,-2.9266,0.0055,-168.00,5.7500,30,eod
NKE,Short,2025-04-03T14:00:00+00:00,2025-04-03T15:15:00+00:00,56.1000,56.9000,-4.5689,-1.7456,-2.8233,0.0072,-112.00,1.2500,30,reversal
DE,Short,2025-04-03T14:00:00+00:00,2025-04-03T15:45:00+00:00,461.3500,452.7800,1.3730,-1.7456,3.1186,0.0053,-13.00,1.7500,30,reversal
MU,Long,2025-04-03T15:30:00+00:00,2025-04-03T19:45:00+00:00,77.5300,74.7800,-4.2782,-1.2508,-3.0274,0.0141,81.00,4.2500,120,eod
NFLX,Long,2025-04-03T14:00:00+00:00,2025-04-03T19:45:00+00:00,92.1700,91.9700,0.8779,-1.7456,2.6234,0.0083,68.00,5.7500,30,eod
FCX,Long,2025-04-04T14:00:00+00:00,2025-04-04T18:45:00+00:00,29.8700,29.2500,-4.1096,-0.1512,-3.9585,0.0074,209.00,4.7500,30,reversal
MSFT,Short,2025-04-04T14:00:00+00:00,2025-04-04T19:45:00+00:00,374.0800,363.6500,3.9991,-0.1512,4.1502,0.0055,-16.00,5.7500,30,eod
NKE,Long,2025-04-04T14:00:00+00:00,2025-04-04T19:45:00+00:00,53.9500,57.9800,2.3430,-0.1512,2.4941,0.0084,116.00,5.7500,30,eod
PFE,Short,2025-04-04T14:00:00+00:00,2025-04-04T19:45:00+00:00,23.5300,23.0700,-3.1431,-0.1512,-2.9920,0.0051,-266.00,5.7500,30,eod
HD,Short,2025-04-07T14:00:00+00:00,2025-04-07T14:10:00+00:00,337.7700,347.5200,0.7064,3.6287,-2.9223,0.0057,-19.00,0.1667,30,reversal
NVDA,Long,2025-04-07T14:00:00+00:00,2025-04-07T14:20:00+00:00,93.6700,93.5500,5.4102,3.6287,1.7815,0.0114,68.00,0.3333,30,reversal
UNH,Long,2025-04-07T14:00:00+00:00,2025-04-07T19:30:00+00:00,508.1500,525.6500,-2.8665,3.6287,-6.4952,0.0043,12.00,5.5000,30,reversal
UNH,Short,2025-04-08T14:00:00+00:00,2025-04-08T17:40:00+00:00,564.4400,557.1100,-1.5572,1.2025,-2.7597,0.0042,-11.00,3.6667,30,reversal
UNH,Long,2025-04-08T14:05:00+00:00,2025-04-08T17:40:00+00:00,562.6500,557.1100,-1.8087,1.4455,-3.2542,0.0054,11.00,3.5833,35,reversal
T,Long,2025-04-08T14:00:00+00:00,2025-04-08T19:45:00+00:00,26.8200,26.0400,2.2966,1.2025,1.0941,0.0063,240.00,5.7500,30,eod
T,Short,2025-04-08T15:10:00+00:00,2025-04-08T19:45:00+00:00,26.9800,26.0400,2.2945,-0.7760,3.0705,0.0089,-238.00,4.5833,100,eod
UNH,Long,2025-04-09T14:00:00+00:00,2025-04-09T14:05:00+00:00,569.4700,565.7200,3.5231,2.4781,1.0450,0.0051,11.00,0.0833,30,reversal
BAC,Short,2025-04-09T14:00:00+00:00,2025-04-09T17:20:00+00:00,34.2300,36.0100,-0.3342,2.4781,-2.8123,0.0078,-190.00,3.3333,30,reversal
ADBE,Long,2025-04-09T14:00:00+00:00,2025-04-09T17:30:00+00:00,338.2300,357.7100,-0.6692,2.4781,-3.1473,0.0077,19.00,3.5000,30,reversal
SLB,Short,2025-04-10T14:00:00+00:00,2025-04-10T19:45:00+00:00,33.2900,32.1700,-3.0869,-1.5359,-1.5509,0.0096,-195.00,5.7500,30,eod
T,Long,2025-04-10T14:00:00+00:00,2025-04-10T19:45:00+00:00,26.5700,26.3500,0.9337,-1.5359,2.4696,0.0065,244.00,5.7500,30,eod
UNH,Short,2025-04-11T14:25:00+00:00,2025-04-11T17:15:00+00:00,598.9000,598.8800,2.3833,-0.7270,3.1103,0.0041,-10.00,2.8333,55,reversal
CVX,Short,2025-04-11T14:00:00+00:00,2025-04-11T17:35:00+00:00,133.1400,135.4600,-1.3494,0.7688,-2.1182,0.0061,-49.00,3.5833,30,reversal
SCHW,Long,2025-04-11T14:00:00+00:00,2025-04-11T19:45:00+00:00,75.7800,77.1400,2.5789,0.7688,1.8101,0.0119,86.00,5.7500,30,eod
UNH,Short,2025-04-14T14:10:00+00:00,2025-04-14T19:45:00+00:00,586.9400,589.0800,-1.7502,-0.4831,-1.2671,0.0063,-11.00,5.5833,40,eod
UNH,Long,2025-04-14T14:35:00+00:00,2025-04-14T19:45:00+00:00,583.1100,589.0800,-3.1957,-0.1751,-3.0206,0.0055,11.00,5.1667,65,eod
T,Long,2025-04-14T14:00:00+00:00,2025-04-14T19:45:00+00:00,27.1700,27.3000,1.9449,-0.3704,2.3153,0.0073,240.00,5.7500,30,eod
UNH,Short,2025-04-15T14:00:00+00:00,2025-04-15T17:35:00+00:00,584.4600,586.3200,-0.9613,0.5434,-1.5047,0.0052,-11.00,3.5833,30,reversal
NFLX,Short,2025-04-15T14:35:00+00:00,2025-04-15T19:45:00+00:00,98.4000,98.1000,2.9310,-0.1290,3.0600,0.0114,-66.00,5.1667,65,eod
LIN,Long,2025-04-15T14:00:00+00:00,2025-04-15T19:45:00+00:00,452.2500,450.8400,2.5597,0.5434,2.0163,0.0034,14.00,5.7500,30,eod
DE,Long,2025-04-16T14:00:00+00:00,2025-04-16T19:45:00+00:00,459.6900,450.2400,0.9191,-0.6682,1.5873,0.0069,14.00,5.7500,30,eod
LLY,Short,2025-04-16T14:00:00+00:00,2025-04-16T19:45:00+00:00,734.3900,731.5500,-3.4711,-0.6682,-2.8029,0.0064,-8.00,5.7500,30,eod
GOOGL,Short,2025-04-17T14:00:00+00:00,2025-04-17T19:45:00+00:00,153.3900,150.9200,-0.9331,0.2905,-1.2236,0.0057,-42.00,5.7500,30,eod
UNH,Long,2025-04-17T14:00:00+00:00,2025-04-17T19:45:00+00:00,471.8000,452.6200,-3.3742,0.2905,-3.6646,0.0064,13.00,5.7500,30,eod
LLY,Long,2025-04-17T14:00:00+00:00,2025-04-17T19:45:00+00:00,842.3200,844.3000,2.8462,0.2905,2.5558,0.0078,7.00,5.7500,30,eod
LIN,Short,2025-04-21T14:00:00+00:00,2025-04-21T18:10:00+00:00,451.9800,440.8000,2.6751,-1.5431,4.2182,0.0031,-14.00,4.1667,30,reversal
XOM,Long,2025-04-21T14:00:00+00:00,2025-04-21T19:45:00+00:00,105.3000,104.9800,1.1473,-1.5431,2.6905,0.0066,61.00,5.7500,30,eod
UNH,Short,2025-04-21T14:00:00+00:00,2025-04-21T19:45:00+00:00,435.0000,427.0000,-2.6726,-1.5431,-1.1294,0.0076,-14.00,5.7500,30,eod
GE,Short,2025-04-22T14:00:00+00:00,2025-04-22T18:00:00+00:00,182.6000,186.6400,-1.7519,1.2391,-2.9910,0.0087,-35.00,4.0000,30,reversal
SLB,Long,2025-04-22T14:00:00+00:00,2025-04-22T19:45:00+00:00,33.9500,34.5900,-1.8449,1.2391,-3.0840,0.0090,192.00,5.7500,30,eod
COIN,Long,2025-04-22T14:00:00+00:00,2025-04-22T19:45:00+00:00,187.1900,190.1600,2.4924,1.2391,1.2533,0.0124,34.00,5.7500,30,eod
SLB,Long,2025-04-23T14:00:00+00:00,2025-04-23T14:15:00+00:00,35.3800,34.5600,2.3909,0.5396,1.8513,0.0104,185.00,0.2500,30,reversal
ADBE,Short,2025-04-23T14:00:00+00:00,2025-04-23T19:45:00+00:00,358.5300,350.8500,-1.0785,0.5396,-1.6181,0.0077,-18.00,5.7500,30,eod
XOM,Short,2025-04-24T14:00:00+00:00,2025-04-24T19:45:00+00:00,107.2000,108.6400,-0.5562,1.3927,-1.9488,0.0065,-61.00,5.7500,30,eod
DIS,Long,2025-04-24T14:00:00+00:00,2025-04-24T19:45:00+00:00,89.1700,90.1000,2.5106,1.3927,1.1179,0.0098,73.00,5.7500,30,eod
SLB,Long,2025-04-25T14:00:00+00:00,2025-04-25T18:10:00+00:00,34.8900,34.2700,2.1193,-0.2128,2.3321,0.0121,187.00,4.1667,30,reversal
GOOGL,Short,2025-04-25T14:00:00+00:00,2025-04-25T19:45:00+00:00,163.2500,161.7100,-1.4529,-0.2128,-1.2401,0.0066,-40.00,5.7500,30,eod
SLB,Short,2025-04-28T14:00:00+00:00,2025-04-28T19:45:00+00:00,34.1300,34.0900,-1.1865,0.0768,-1.2633,0.0119,-190.00,5.7500,30,eod
LLY,Long,2025-04-28T14:15:00+00:00,2025-04-28T19:45:00+00:00,881.6500,878.9300,1.0810,0.0387,1.0423,0.0123,7.00,5.5000,45,eod
PYPL,Long,2025-04-29T14:00:00+00:00,2025-04-29T16:30:00+00:00,64.7300,66.2700,-2.6418,0.8589,-3.5007,0.0062,100.00,2.5000,30,reversal
FCX,Short,2025-04-29T14:00:00+00:00,2025-04-29T19:45:00+00:00,37.0200,37.1900,-1.1492,0.8589,-2.0081,0.0082,-175.00,5.7500,30,eod
PFE,Long,2025-04-29T14:00:00+00:00,2025-04-29T19:45:00+00:00,23.4600,23.9600,3.4440,0.8589,2.5851,0.0072,277.00,5.7500,30,eod
PFE,Short,2025-04-29T15:30:00+00:00,2025-04-29T19:45:00+00:00,23.9400,23.9600,3.7699,0.4957,3.2741,0.0122,-274.00,4.2500,120,eod
NKE,Long,2025-04-30T14:00:00+00:00,2025-04-30T17:55:00+00:00,55.3900,55.6700,1.1452,-1.1319,2.2771,0.0072,118.00,3.9167,30,reversal
CAT,Long,2025-04-30T15:05:00+00:00,2025-04-30T19:45:00+00:00,305.6900,307.4300,-2.5072,0.8976,-3.4048,0.0060,21.00,4.6667,95,eod
SBUX,Short,2025-04-30T14:00:00+00:00,2025-04-30T19:45:00+00:00,78.5000,79.7800,2.3647,-1.1319,3.4966,0.0099,-83.00,5.7500,30,eod
PYPL,Short,2025-04-30T14:00:00+00:00,2025-04-30T19:45:00+00:00,64.0200,65.4500,-2.1810,-1.1319,-1.0491,0.0066,-102.00,5.7500,30,eod
MSFT,Short,2025-05-01T14:00:00+00:00,2025-05-01T19:45:00+00:00,429.9600,428.5500,-2.4812,-0.2766,-2.2046,0.0054,-15.00,5.7500,30,eod
DE,Short,2025-05-01T14:00:00+00:00,2025-05-01T19:45:00+00:00,480.3900,485.2700,3.2435,-0.2766,3.5201,0.0073,-13.00,5.7500,30,eod
LLY,Long,2025-05-01T15:35:00+00:00,2025-05-01T19:45:00+00:00,811.6700,801.0700,-2.2982,0.7777,-3.0760,0.0115,7.00,4.1667,125,eod
T,Long,2025-05-01T14:00:00+00:00,2025-05-01T19:45:00+00:00,27.6100,27.6900,2.5458,-0.2766,2.8224,0.0048,235.00,5.7500,30,eod
MSFT,Long,2025-05-02T14:00:00+00:00,2025-05-02T18:45:00+00:00,437.4800,434.8700,2.3477,0.2563,2.0914,0.0062,14.00,4.7500,30,reversal
MPC,Short,2025-05-02T14:00:00+00:00,2025-05-02T19:15:00+00:00,137.3800,141.4700,-2.6777,0.2563,-2.9341,0.0088,-47.00,5.2500,30,reversal
META,Short,2025-05-02T14:50:00+00:00,2025-05-02T19:45:00+00:00,596.3700,596.7400,3.7613,0.6599,3.1013,0.0066,-10.00,4.9167,80,eod
XOM,Long,2025-05-02T14:00:00+00:00,2025-05-02T19:45:00+00:00,104.6200,106.2400,-3.9927,0.2563,-4.2490,0.0071,61.00,5.7500,30,eod
AAPL,Short,2025-05-05T14:00:00+00:00,2025-05-05T19:45:00+00:00,199.6600,198.8300,-2.4216,0.3528,-2.7743,0.0065,-32.00,5.7500,30,eod
AAPL,Long,2025-05-05T14:40:00+00:00,2025-05-05T19:45:00+00:00,199.0000,198.8300,-2.5335,0.5069,-3.0404,0.0075,32.00,5.0833,70,eod
MPC,Short,2025-05-05T14:30:00+00:00,2025-05-05T19:45:00+00:00,143.6100,143.2300,3.0869,-0.1217,3.2086,0.0054,-44.00,5.2500,60,eod
PYPL,Long,2025-05-05T14:00:00+00:00,2025-05-05T19:45:00+00:00,68.2700,68.6300,2.2344,0.3528,1.8817,0.0066,93.00,5.7500,30,eod
GOOGL,Long,2025-05-06T14:00:00+00:00,2025-05-06T19:45:00+00:00,163.3900,163.8200,1.5932,-0.5522,2.1455,0.0053,39.00,5.7500,30,eod
LLY,Long,2025-05-06T18:55:00+00:00,2025-05-06T19:45:00+00:00,773.1300,774.5200,-2.4648,0.5995,-3.0643,0.0183,8.00,0.8333,325,eod
PFE,Short,2025-05-06T14:00:00+00:00,2025-05-06T19:45:00+00:00,23.3900,22.9400,-2.2050,-0.5522,-1.6527,0.0071,-274.00,5.7500,30,eod
AMD,Long,2025-05-07T14:00:00+00:00,2025-05-07T19:45:00+00:00,98.8800,99.7500,-4.4758,0.4440,-4.9198,0.0079,65.00,5.7500,30,eod
GOOGL,Short,2025-05-07T14:00:00+00:00,2025-05-07T19:45:00+00:00,163.4500,150.5500,-0.8224,0.4440,-1.2665,0.0054,-39.00,5.7500,30,eod
NKE,Long,2025-05-07T14:00:00+00:00,2025-05-07T19:45:00+00:00,58.5500,58.5800,2.1224,0.4440,1.6783,0.0064,110.00,5.7500,30,eod
MPC,Short,2025-05-08T14:10:00+00:00,2025-05-08T19:45:00+00:00,148.6300,150.8800,2.1135,-0.8867,3.0002,0.0066,-44.00,5.5833,40,eod
GE,Long,2025-05-08T14:00:00+00:00,2025-05-08T19:45:00+00:00,213.0200,215.8100,1.6881,-0.0949,1.7830,0.0050,31.00,5.7500,30,eod
LLY,Short,2025-05-08T14:00:00+00:00,2025-05-08T19:45:00+00:00,742.1100,754.5100,-2.5534,-0.0949,-2.4585,0.0088,-8.00,5.7500,30,eod
COIN,Short,2025-05-09T14:00:00+00:00,2025-05-09T14:25:00+00:00,211.4800,202.7400,3.2261,0.0171,3.2090,0.0107,-31.00,0.4167,30,reversal
CAT,Short,2025-05-09T14:05:00+00:00,2025-05-09T14:40:00+00:00,325.9400,324.7600,-1.0604,0.0399,-1.1003,0.0051,-20.00,0.5833,35,reversal
TSLA,Long,2025-05-09T14:00:00+00:00,2025-05-09T19:45:00+00:00,305.3000,298.3900,2.6944,0.0171,2.6773,0.0107,21.00,5.7500,30,eod
FCX,Short,2025-05-12T14:00:00+00:00,2025-05-12T19:45:00+00:00,39.5500,39.1300,-2.5852,-0.1359,-2.4493,0.0063,-167.00,5.7500,30,eod
FCX,Long,2025-05-12T14:15:00+00:00,2025-05-12T19:45:00+00:00,39.4600,39.1300,-2.7663,0.2604,-3.0267,0.0067,168.00,5.5000,45,eod
SCHW,Long,2025-05-12T14:00:00+00:00,2025-05-12T19:45:00+00:00,85.3100,85.1300,2.7097,-0.1359,2.8456,0.0033,77.00,5.7500,30,eod
SCHW,Short,2025-05-12T14:05:00+00:00,2025-05-12T19:45:00+00:00,85.4700,85.1300,2.9285,-0.1064,3.0348,0.0037,-77.00,5.6667,35,eod
SCHW,Long,2025-05-13T14:00:00+00:00,2025-05-13T14:20:00+00:00,86.6300,86.7500,3.4584,1.8511,1.6073,0.0039,76.00,0.3333,30,reversal
CAT,Short,2025-05-13T14:00:00+00:00,2025-05-13T19:45:00+00:00,348.6200,354.3600,-1.0744,1.8511,-2.9255,0.0062,-18.00,5.7500,30,eod
T,Long,2025-05-13T14:00:00+00:00,2025-05-13T19:45:00+00:00,26.5700,26.4800,-3.3794,1.8511,-5.2305,0.0047,248.00,5.7500,30,eod
COIN,Short,2025-05-13T17:35:00+00:00,2025-05-13T19:45:00+00:00,253.1300,257.5800,5.0185,1.8982,3.1203,0.0140,-25.00,2.1667,245,eod
NVDA,Short,2025-05-14T14:00:00+00:00,2025-05-14T15:05:00+00:00,132.6200,133.7700,-2.9526,-1.2004,-1.7521,0.0055,-49.00,1.0833,30,reversal
LOW,Long,2025-05-14T14:00:00+00:00,2025-05-14T19:20:00+00:00,230.7500,228.6600,1.6193,-1.2004,2.8198,0.0043,28.00,5.3333,30,reversal
HD,Short,2025-05-14T14:00:00+00:00,2025-05-14T19:45:00+00:00,375.0300,372.3600,2.4830,-1.2004,3.6834,0.0040,-17.00,5.7500,30,eod
LLY,Long,2025-05-14T15:15:00+00:00,2025-05-14T19:45:00+00:00,726.9500,717.3600,-3.5567,-0.4835,-3.0732,0.0107,8.00,4.5000,105,eod
MU,Short,2025-05-15T14:00:00+00:00,2025-05-15T18:05:00+00:00,93.0900,95.1600,-2.3195,-0.1152,-2.2043,0.0044,-69.00,4.0833,30,reversal
UNH,Long,2025-05-15T14:00:00+00:00,2025-05-15T18:35:00+00:00,259.4500,271.8300,-3.6582,-0.1152,-3.5430,0.0094,24.00,4.5833,30,reversal
NKE,Long,2025-05-15T14:00:00+00:00,2025-05-15T19:45:00+00:00,62.2700,62.3700,2.6705,-0.1152,2.7856,0.0067,103.00,5.7500,30,eod
T,Short,2025-05-15T14:10:00+00:00,2025-05-15T19:45:00+00:00,27.1100,27.3600,2.6421,-0.5809,3.2231,0.0057,-237.00,5.5833,40,eod
AVGO,Short,2025-05-16T14:00:00+00:00,2025-05-16T16:00:00+00:00,228.0600,229.8400,-1.7322,0.1193,-1.8515,0.0055,-28.00,2.0000,30,reversal
ADBE,Short,2025-05-16T14:00:00+00:00,2025-05-16T16:25:00+00:00,421.5100,414.4700,4.1493,0.1193,4.0300,0.0042,-15.00,2.4167,30,reversal
MU,Long,2025-05-16T14:00:00+00:00,2025-05-16T19:45:00+00:00,97.8300,98.0000,2.7029,0.1193,2.5837,0.0054,66.00,5.7500,30,eod
TXN,Long,2025-05-19T14:30:00+00:00,2025-05-19T15:20:00+00:00,187.7600,186.9900,3.1994,2.0702,1.1292,0.0041,34.00,0.8333,60,reversal
SBUX,Long,2025-05-19T14:00:00+00:00,2025-05-19T19:45:00+00:00,84.5200,84.3600,-0.7618,2.8441,-3.6059,0.0074,76.00,5.7500,30,eod
T,Short,2025-05-19T14:00:00+00:00,2025-05-19T19:45:00+00:00,27.8400,27.9900,-0.1258,2.8441,-2.9699,0.0057,-233.00,5.7500,30,eod
TSLA,Short,2025-05-20T14:00:00+00:00,2025-05-20T18:10:00+00:00,344.4300,353.8800,-2.3122,-0.4342,-1.8780,0.0100,-18.00,4.1667,30,reversal
JPM,Long,2025-05-20T14:00:00+00:00,2025-05-20T19:45:00+00:00,266.0600,266.1000,1.2564,-0.4342,1.6906,0.0043,24.00,5.7500,30,eod
HD,Long,2025-05-20T16:35:00+00:00,2025-05-20T19:45:00+00:00,376.9100,376.0000,-2.7710,0.3259,-3.0968,0.0067,17.00,3.1667,185,eod
PFE,Short,2025-05-20T14:00:00+00:00,2025-05-20T19:45:00+00:00,23.6200,23.4900,2.7959,-0.4342,3.2301,0.0060,-274.00,5.7500,30,eod
COP,Short,2025-05-21T14:00:00+00:00,2025-05-21T17:30:00+00:00,88.2000,88.1900,-1.0484,1.9074,-2.9557,0.0066,-72.00,3.5000,30,reversal
LLY,Long,2025-05-21T14:00:00+00:00,2025-05-21T19:10:00+00:00,740.3700,727.8700,-1.4484,1.9074,-3.3558,0.0080,8.00,5.1667,30,reversal
GOOGL,Long,2025-05-21T14:15:00+00:00,2025-05-21T19:45:00+00:00,169.2700,169.1500,4.0727,1.2203,2.8524,0.0064,37.00,5.5000,45,eod
GOOGL,Short,2025-05-21T14:00:00+00:00,2025-05-21T19:45:00+00:00,169.7500,169.1500,5.2954,1.9074,3.3881,0.0055,-37.00,5.7500,30,eod
GOOGL,Long,2025-05-22T14:05:00+00:00,2025-05-22T14:50:00+00:00,176.6700,173.7500,4.4216,3.0277,1.3939,0.0072,36.00,0.7500,35,reversal
COP,Long,2025-05-22T14:00:00+00:00,2025-05-22T17:05:00+00:00,84.9500,85.7400,-0.7134,3.6514,-4.3648,0.0058,75.00,3.0833,30,reversal
GE,Short,2025-05-22T14:00:00+00:00,2025-05-22T19:45:00+00:00,232.4000,231.3400,0.7061,3.6514,-2.9452,0.0053,-27.00,5.7500,30,eod
MU,Short,2025-05-23T14:00:00+00:00,2025-05-23T16:05:00+00:00,91.2400,92.7900,-1.7845,0.3652,-2.1496,0.0067,-69.00,2.0833,30,reversal
CRM,Long,2025-05-23T19:15:00+00:00,2025-05-23T19:45:00+00:00,272.5900,272.4600,-2.9344,0.9813,-3.9157,0.0083,23.00,0.5000,345,eod
GS,Long,2025-05-23T14:00:00+00:00,2025-05-23T19:45:00+00:00,595.5200,599.8500,1.9168,0.3652,1.5516,0.0037,10.00,5.7500,30,eod
QCOM,Long,2025-05-27T14:00:00+00:00,2025-05-27T17:05:00+00:00,148.4100,148.8700,2.8831,1.7912,1.0919,0.0041,42.00,3.0833,30,reversal
SLB,Short,2025-05-27T14:00:00+00:00,2025-05-27T19:45:00+00:00,33.5300,33.8700,-1.0410,1.7912,-2.8322,0.0046,-188.00,5.7500,30,eod
DE,Long,2025-05-27T14:00:00+00:00,2025-05-27T19:45:00+00:00,509.1800,509.1200,-1.8496,1.7912,-3.6408,0.0040,12.00,5.7500,30,eod
AAPL,Short,2025-05-28T14:00:00+00:00,2025-05-28T16:00:00+00:00,200.1500,201.1900,-2.8860,-0.8438,-2.0422,0.0038,-31.00,2.0000,30,reversal
LOW,Long,2025-05-28T14:00:00+00:00,2025-05-28T18:50:00+00:00,226.3200,225.0500,0.8948,-0.8438,1.7386,0.0030,27.00,4.8333,30,reversal
DIS,Long,2025-05-29T14:00:00+00:00,2025-05-29T15:55:00+00:00,112.2200,110.6700,0.8607,-1.9769,2.8377,0.0029,56.00,1.9167,30,reversal
MU,Short,2025-05-29T14:45:00+00:00,2025-05-29T16:00:00+00:00,96.6600,96.4000,-2.6643,-1.5201,-1.1442,0.0089,-64.00,1.2500,75,reversal
CVX,Short,2025-05-29T14:00:00+00:00,2025-05-29T19:45:00+00:00,136.9700,137.8100,1.6973,-1.9769,3.6742,0.0025,-45.00,5.7500,30,eod
NVDA,Short,2025-05-30T14:00:00+00:00,2025-05-30T19:45:00+00:00,136.6900,135.2100,-1.5836,-0.3408,-1.2428,0.0083,-45.00,5.7500,30,eod
LLY,Long,2025-05-30T14:00:00+00:00,2025-05-30T19:45:00+00:00,731.3900,743.7600,2.2561,-0.3408,2.5969,0.0068,8.00,5.7500,30,eod
DIS,Short,2025-05-30T14:00:00+00:00,2025-05-30T19:45:00+00:00,112.5600,113.0900,2.9867,-0.3408,3.3275,0.0032,-55.00,5.7500,30,eod
LIN,Short,2025-06-02T14:00:00+00:00,2025-06-02T18:45:00+00:00,464.3200,463.7000,2.3921,-1.7712,4.1633,0.0021,-13.00,4.7500,30,reversal
TSLA,Short,2025-06-02T14:00:00+00:00,2025-06-02T19:45:00+00:00,337.0200,342.2100,-2.9580,-1.7712,-1.1868,0.0092,-18.00,5.7500,30,eod
ADBE,Long,2025-06-02T15:40:00+00:00,2025-06-02T19:45:00+00:00,397.1400,402.8300,-3.6171,-0.0877,-3.5295,0.0062,15.00,4.0833,130,eod
NKE,Long,2025-06-02T14:00:00+00:00,2025-06-02T19:45:00+00:00,60.3200,61.3400,0.5832,-1.7712,2.3543,0.0054,104.00,5.7500,30,eod
CVX,Long,2025-06-03T14:00:00+00:00,2025-06-03T19:45:00+00:00,138.5500,139.9400,3.4870,1.1035,2.3835,0.0034,45.00,5.7500,30,eod
CVX,Short,2025-06-03T14:05:00+00:00,2025-06-03T19:45:00+00:00,138.8900,139.9400,3.9914,0.6785,3.3129,0.0036,-45.00,5.6667,35,eod
GS,Short,2025-06-03T14:00:00+00:00,2025-06-03T19:45:00+00:00,594.8500,603.2900,-1.7185,1.1035,-2.8220,0.0053,-10.00,5.7500,30,eod
T,Long,2025-06-03T14:00:00+00:00,2025-06-03T19:45:00+00:00,27.7900,27.9100,-2.4547,1.1035,-3.5582,0.0042,226.00,5.7500,30,eod
AAPL,Short,2025-06-04T14:00:00+00:00,2025-06-04T15:40:00+00:00,205.5200,202.9400,2.2885,-0.8242,3.1127,0.0054,-30.00,1.6667,30,reversal
QCOM,Short,2025-06-04T14:00:00+00:00,2025-06-04T16:15:00+00:00,147.3900,149.3500,-3.1155,-0.8242,-2.2913,0.0052,-42.00,2.2500,30,reversal
MSFT,Long,2025-06-04T14:00:00+00:00,2025-06-04T19:45:00+00:00,465.3800,464.2000,1.9953,-0.8242,2.8195,0.0023,13.00,5.7500,30,eod
MPC,Long,2025-06-04T15:20:00+00:00,2025-06-04T19:45:00+00:00,157.2900,157.1700,-2.8212,0.1919,-3.0131,0.0105,39.00,4.4167,110,eod
TSLA,Long,2025-06-05T18:35:00+00:00,2025-06-05T19:45:00+00:00,294.9900,284.5600,-3.7719,-0.6820,-3.0899,0.0205,21.00,1.1667,305,eod
NFLX,Long,2025-06-05T14:00:00+00:00,2025-06-05T19:45:00+00:00,125.3100,125.4000,1.7309,-0.8401,2.5710,0.0050,49.00,5.7500,30,eod
T,Short,2025-06-05T14:00:00+00:00,2025-06-05T19:45:00+00:00,27.6300,27.8300,2.4345,-0.8401,3.2745,0.0036,-226.00,5.7500,30,eod
COIN,Short,2025-06-05T14:00:00+00:00,2025-06-05T19:45:00+00:00,255.3000,244.6900,-3.1707,-0.8401,-2.3306,0.0083,-24.00,5.7500,30,eod
MSFT,Long,2025-06-06T14:00:00+00:00,2025-06-06T15:15:00+00:00,472.3500,470.0400,2.3344,0.5338,1.8006,0.0026,13.00,1.2500,30,reversal
PYPL,Short,2025-06-06T14:00:00+00:00,2025-06-06T19:45:00+00:00,72.9600,73.5000,-1.4966,0.5338,-2.0304,0.0046,-85.00,5.7500,30,eod
LIN,Long,2025-06-09T14:05:00+00:00,2025-06-09T15:40:00+00:00,468.3500,472.8500,-2.7539,0.4865,-3.2404,0.0025,13.00,1.5833,35,reversal
FCX,Long,2025-06-09T14:00:00+00:00,2025-06-09T19:45:00+00:00,42.5400,42.4100,2.7500,0.3086,2.4415,0.0060,145.00,5.7500,30,eod
LOW,Short,2025-06-09T14:00:00+00:00,2025-06-09T19:45:00+00:00,223.6900,223.9700,-1.9651,0.3086,-2.2736,0.0025,-27.00,5.7500,30,eod
PFE,Short,2025-06-09T16:25:00+00:00,2025-06-09T19:45:00+00:00,24.0600,24.0200,3.6116,0.4802,3.1314,0.0047,-258.00,3.3333,175,eod
NFLX,Short,2025-06-10T14:00:00+00:00,2025-06-10T19:45:00+00:00,120.6100,120.0200,-1.3605,0.4387,-1.7992,0.0049,-51.00,5.7500,30,eod
SLB,Long,2025-06-10T14:00:00+00:00,2025-06-10T19:45:00+00:00,35.1100,35.3700,2.8130,0.4387,2.3743,0.0056,176.00,5.7500,30,eod
SLB,Short,2025-06-10T14:30:00+00:00,2025-06-10T19:45:00+00:00,35.4100,35.3700,3.7771,0.7500,3.0271,0.0064,-176.00,5.2500,60,eod
DE,Long,2025-06-10T14:00:00+00:00,2025-06-10T19:45:00+00:00,512.2000,513.7100,-3.3538,0.4387,-3.7925,0.0039,12.00,5.7500,30,eod
GE,Short,2025-06-11T14:00:00+00:00,2025-06-11T19:45:00+00:00,244.0500,245.2600,3.6291,0.2513,3.3777,0.0054,-25.00,5.7500,30,eod
SCHW,Long,2025-06-11T14:00:00+00:00,2025-06-11T19:45:00+00:00,88.9700,88.1600,3.1150,0.2513,2.8637,0.0034,70.00,5.7500,30,eod
HD,Long,2025-06-11T14:10:00+00:00,2025-06-11T19:45:00+00:00,363.7600,359.5500,-3.3183,0.5212,-3.8395,0.0031,17.00,5.5833,40,eod
NKE,Short,2025-06-11T14:00:00+00:00,2025-06-11T19:45:00+00:00,63.7100,63.1000,-2.1897,0.2513,-2.4410,0.0052,-97.00,5.7500,30,eod
NFLX,Short,2025-06-12T14:00:00+00:00,2025-06-12T19:45:00+00:00,122.1000,121.4300,-1.3231,0.1036,-1.4267,0.0049,-50.00,5.7500,30,eod
XOM,Long,2025-06-12T14:00:00+00:00,2025-06-12T19:45:00+00:00,109.6000,109.5600,2.4964,0.1036,2.3928,0.0036,56.00,5.7500,30,eod
LIN,Short,2025-06-12T14:00:00+00:00,2025-06-12T19:45:00+00:00,471.7500,470.5400,3.7609,0.1036,3.6572,0.0026,-13.00,5.7500,30,eod
META,Long,2025-06-13T14:00:00+00:00,2025-06-13T15:35:00+00:00,692.1900,692.3000,0.6025,-0.6229,1.2254,0.0035,8.00,1.5833,30,reversal
ADBE,Long,2025-06-13T14:00:00+00:00,2025-06-13T18:20:00+00:00,384.6300,393.8200,-5.3611,-0.6229,-4.7381,0.0041,16.00,4.3333,30,reversal
PYPL,Short,2025-06-13T14:00:00+00:00,2025-06-13T19:45:00+00:00,72.2400,70.7100,-3.3580,-0.6229,-2.7351,0.0043,-85.00,5.7500,30,eod
ADBE,Long,2025-06-16T14:00:00+00:00,2025-06-16T14:20:00+00:00,404.7700,398.9100,3.7425,1.6477,2.0949,0.0053,15.00,0.3333,30,reversal
AMD,Short,2025-06-16T14:40:00+00:00,2025-06-16T19:45:00+00:00,126.2200,126.4800,5.0255,1.6545,3.3710,0.0102,-49.00,5.0833,70,eod
AVGO,Short,2025-06-16T14:00:00+00:00,2025-06-16T19:45:00+00:00,250.0600,252.3400,-1.3057,1.6477,-2.9534,0.0068,-25.00,5.7500,30,eod
COP,Long,2025-06-16T14:00:00+00:00,2025-06-16T19:45:00+00:00,94.3600,94.9300,-3.3947,1.6477,-5.0424,0.0065,66.00,5.7500,30,eod
DIS,Short,2025-06-17T14:00:00+00:00,2025-06-17T17:30:00+00:00,118.1400,118.2900,-1.5385,-0.1111,-1.4274,0.0044,-52.00,3.5000,30,reversal
ADBE,Long,2025-06-17T19:00:00+00:00,2025-06-17T19:45:00+00:00,382.6200,382.8400,-4.3219,-1.2032,-3.1187,0.0058,16.00,0.7500,330,eod
CVX,Short,2025-06-17T18:20:00+00:00,2025-06-17T19:45:00+00:00,149.8000,148.6400,1.6187,-1.4827,3.1014,0.0080,-41.00,1.4167,290,eod
LLY,Long,2025-06-17T14:00:00+00:00,2025-06-17T19:45:00+00:00,800.1400,792.7700,1.9353,-0.1111,2.0464,0.0056,7.00,5.7500,30,eod
NFLX,Short,2025-06-18T14:00:00+00:00,2025-06-18T19:45:00+00:00,122.5300,122.3700,-1.0058,1.6786,-2.6843,0.0050,-50.00,5.7500,30,eod
JPM,Long,2025-06-18T14:10:00+00:00,2025-06-18T19:45:00+00:00,275.1200,274.4600,2.6292,1.5408,1.0884,0.0045,22.00,5.5833,40,eod
HD,Long,2025-06-18T14:00:00+00:00,2025-06-18T19:45:00+00:00,347.2400,347.3100,-2.3156,1.6786,-3.9942,0.0030,17.00,5.7500,30,eod
COIN,Short,2025-06-18T15:50:00+00:00,2025-06-18T19:45:00+00:00,279.0000,296.9900,5.4573,1.9731,3.4842,0.0190,-22.00,3.9167,140,eod
META,Short,2025-06-20T14:00:00+00:00,2025-06-20T14:55:00+00:00,692.7200,687.3000,-2.9976,-1.3567,-1.6409,0.0035,-8.00,0.9167,30,reversal
GE,Long,2025-06-20T14:00:00+00:00,2025-06-20T19:45:00+00:00,239.1600,238.8000,1.4365,-1.3567,2.7931,0.0046,25.00,5.7500,30,eod
PYPL,Short,2025-06-20T14:00:00+00:00,2025-06-20T19:45:00+00:00,70.1400,69.9700,1.9486,-1.3567,3.3053,0.0053,-86.00,5.7500,30,eod
TSLA,Long,2025-06-23T14:25:00+00:00,2025-06-23T17:20:00+00:00,353.0400,349.6100,3.6448,2.5770,1.0678,0.0169,17.00,2.9167,55,reversal
XOM,Long,2025-06-23T14:00:00+00:00,2025-06-23T19:45:00+00:00,114.4000,111.6800,-3.0326,2.8128,-5.8455,0.0059,53.00,5.7500,30,eod
PFE,Short,2025-06-23T14:00:00+00:00,2025-06-23T19:45:00+00:00,24.0200,23.9800,0.0000,2.8128,-2.8128,0.0041,-253.00,5.7500,30,eod
MPC,Long,2025-06-24T14:00:00+00:00,2025-06-24T15:50:00+00:00,166.9500,165.2300,2.2395,0.1452,2.0943,0.0070,36.00,1.8333,30,reversal
DE,Short,2025-06-24T14:00:00+00:00,2025-06-24T19:45:00+00:00,509.6200,513.5900,-2.2880,0.1452,-2.4332,0.0046,-11.00,5.7500,30,eod
SBUX,Long,2025-06-24T14:50:00+00:00,2025-06-24T19:45:00+00:00,91.4400,91.5500,-2.7197,0.4167,-3.1364,0.0076,65.00,4.9167,80,eod
COIN,Short,2025-06-24T14:00:00+00:00,2025-06-24T19:45:00+00:00,333.2300,345.7800,4.5734,0.1452,4.4281,0.0138,-18.00,5.7500,30,eod
TXN,Short,2025-06-25T14:00:00+00:00,2025-06-25T18:55:00+00:00,204.3200,204.7700,-2.0922,-0.2578,-1.8344,0.0045,-28.00,4.9167,30,reversal
NVDA,Long,2025-06-25T14:00:00+00:00,2025-06-25T19:45:00+00:00,151.2900,153.7500,1.9800,-0.2578,2.2378,0.0048,39.00,5.7500,30,eod
NVDA,Short,2025-06-25T14:10:00+00:00,2025-06-25T19:45:00+00:00,151.5200,153.7500,2.4312,-0.6045,3.0357,0.0045,-38.00,5.5833,40,eod
MU,Long,2025-06-26T16:30:00+00:00,2025-06-26T19:45:00+00:00,124.9700,125.7000,-2.0044,1.0702,-3.0746,0.0102,46.00,3.2500,180,eod
CAT,Long,2025-06-26T14:00:00+00:00,2025-06-26T19:45:00+00:00,377.4900,381.5600,2.1218,0.5752,1.5466,0.0044,15.00,5.7500,30,eod
PYPL,Short,2025-06-26T14:00:00+00:00,2025-06-26T19:45:00+00:00,72.0300,73.1300,-1.9743,0.5752,-2.5495,0.0057,-81.00,5.7500,30,eod
QCOM,Long,2025-06-27T14:05:00+00:00,2025-06-27T14:30:00+00:00,160.8900,159.8600,2.5507,1.3325,1.2182,0.0037,36.00,0.4167,35,reversal
AVGO,Short,2025-06-27T14:00:00+00:00,2025-06-27T19:45:00+00:00,269.4700,269.2200,-0.8723,1.5241,-2.3964,0.0055,-21.00,5.7500,30,eod
COIN,Long,2025-06-27T14:00:00+00:00,2025-06-27T19:45:00+00:00,357.8900,354.8300,-1.8705,1.5241,-3.3946,0.0155,16.00,5.7500,30,eod
GOOGL,Short,2025-06-30T14:00:00+00:00,2025-06-30T19:45:00+00:00,177.7200,176.3800,-2.4661,0.1247,-2.5909,0.0047,-32.00,5.7500,30,eod
GOOGL,Long,2025-06-30T14:20:00+00:00,2025-06-30T19:45:00+00:00,177.0600,176.3800,-3.0537,-0.0413,-3.0124,0.0050,32.00,5.4167,50,eod
T,Long,2025-06-30T14:00:00+00:00,2025-06-30T19:45:00+00:00,28.6000,28.9400,2.2289,0.1247,2.1041,0.0033,203.00,5.7500,30,eod
MU,Short,2025-07-01T14:00:00+00:00,2025-07-01T19:45:00+00:00,122.4800,121.0700,-1.3041,0.0185,-1.3225,0.0058,-47.00,5.7500,30,eod
PFE,Long,2025-07-01T14:00:00+00:00,2025-07-01T19:45:00+00:00,24.4900,25.0800,3.0076,0.0185,2.9891,0.0025,238.00,5.7500,30,eod
PFE,Short,2025-07-01T14:05:00+00:00,2025-07-01T19:45:00+00:00,24.5000,25.0800,3.2086,-0.0571,3.2657,0.0024,-238.00,5.6667,35,eod
CRM,Short,2025-07-02T14:00:00+00:00,2025-07-02T19:45:00+00:00,266.8800,268.5400,-1.2663,1.3310,-2.5973,0.0049,-21.00,5.7500,30,eod
ADBE,Long,2025-07-02T14:00:00+00:00,2025-07-02T19:45:00+00:00,374.0000,377.6700,-1.7046,1.3310,-3.0356,0.0068,15.00,5.7500,30,eod
FCX,Long,2025-07-02T14:00:00+00:00,2025-07-02T19:45:00+00:00,45.6100,45.7300,2.8452,1.3310,1.5142,0.0058,127.00,5.7500,30,eod
MSFT,Long,2025-07-03T14:15:00+00:00,2025-07-07T13:30:00+00:00,498.6500,496.9300,2.2921,1.2510,1.0411,0.0032,11.00,95.2500,45,reversal
META,Long,2025-07-03T14:00:00+00:00,2025-07-07T13:35:00+00:00,718.7700,716.8100,-2.8530,1.4007,-4.2537,0.0045,8.00,95.5833,30,reversal
PFE,Long,2025-07-07T14:00:00+00:00,2025-07-07T14:30:00+00:00,25.5300,25.3500,2.5210,0.0981,2.4229,0.0030,227.00,0.5000,30,reversal
GOOGL,Short,2025-07-03T14:00:00+00:00,2025-07-07T19:45:00+00:00,178.1500,176.0400,-1.0862,1.4007,-2.4869,0.0042,-32.00,101.7500,30,eod
AAPL,Long,2025-07-07T17:05:00+00:00,2025-07-07T19:45:00+00:00,210.2200,209.4100,-3.8357,-0.5348,-3.3009,0.0051,27.00,2.6667,215,eod
PFE,Long,2025-07-08T14:00:00+00:00,2025-07-08T17:05:00+00:00,25.5000,25.3400,1.8439,-0.1275,1.9714,0.0030,227.00,3.0833,30,reversal
COP,Short,2025-07-08T14:10:00+00:00,2025-07-08T19:45:00+00:00,94.4100,95.9400,3.1515,-0.3106,3.4621,0.0054,-61.00,5.5833,40,eod
BAC,Long,2025-07-08T14:40:00+00:00,2025-07-08T19:45:00+00:00,47.1400,47.3000,-2.8022,0.2838,-3.0860,0.0040,122.00,5.0833,70,eod
NKE,Short,2025-07-08T14:00:00+00:00,2025-07-08T19:45:00+00:00,73.9700,74.0300,-2.4015,-0.1275,-2.2740,0.0050,-78.00,5.7500,30,eod
MSFT,Long,2025-07-09T14:00:00+00:00,2025-07-09T15:50:00+00:00,506.0700,500.1900,2.8029,1.3796,1.4233,0.0029,11.00,1.8333,30,reversal
UNH,Short,2025-07-09T14:00:00+00:00,2025-07-09T16:10:00+00:00,300.8100,301.0000,-1.4076,1.3796,-2.7871,0.0039,-19.00,2.1667,30,reversal
FCX,Long,2025-07-09T14:00:00+00:00,2025-07-09T19:45:00+00:00,45.9100,45.4000,-3.1667,1.3796,-4.5462,0.0059,125.00,5.7500,30,eod
AVGO,Short,2025-07-10T14:00:00+00:00,2025-07-10T19:45:00+00:00,273.9000,274.9900,-3.4830,-2.0392,-1.4437,0.0056,-20.00,5.7500,30,eod
LOW,Short,2025-07-10T14:00:00+00:00,2025-07-10T19:45:00+00:00,228.8900,228.1500,3.5906,-2.0392,5.6299,0.0043,-24.00,5.7500,30,eod
UNH,Long,2025-07-10T14:00:00+00:00,2025-07-10T19:45:00+00:00,299.9900,300.4800,0.9152,-2.0392,2.9545,0.0040,18.00,5.7500,30,eod
GE,Long,2025-07-11T14:05:00+00:00,2025-07-11T19:45:00+00:00,255.5100,255.2500,1.9357,0.3821,1.5535,0.0052,22.00,5.6667,35,eod
LOW,Short,2025-07-11T14:00:00+00:00,2025-07-11T19:45:00+00:00,223.8000,224.7200,-1.6281,0.5213,-2.1493,0.0047,-25.00,5.7500,30,eod
T,Long,2025-07-11T14:15:00+00:00,2025-07-11T19:45:00+00:00,27.0500,27.0100,-2.1995,0.8381,-3.0376,0.0033,210.00,5.5000,45,eod
T,Long,2025-07-14T14:00:00+00:00,2025-07-14T14:25:00+00:00,27.4400,27.2800,2.4817,-0.0284,2.5101,0.0034,206.00,0.4167,30,reversal
GOOGL,Short,2025-07-14T14:00:00+00:00,2025-07-14T19:45:00+00:00,180.2000,181.6900,-1.9678,-0.0284,-1.9394,0.0059,-31.00,5.7500,30,eod
MPC,Long,2025-07-14T14:20:00+00:00,2025-07-14T19:45:00+00:00,174.7600,175.8300,-2.4101,0.6911,-3.1012,0.0058,32.00,5.4167,50,eod
NFLX,Long,2025-07-15T14:00:00+00:00,2025-07-15T19:45:00+00:00,126.1200,126.1600,2.0279,-0.7967,2.8246,0.0056,44.00,5.7500,30,eod
LIN,Short,2025-07-15T14:00:00+00:00,2025-07-15T19:45:00+00:00,464.5500,462.0300,-3.6349,-0.7967,-2.8381,0.0019,-12.00,5.7500,30,eod
FCX,Long,2025-07-15T14:05:00+00:00,2025-07-15T19:45:00+00:00,43.8400,44.0400,-3.2352,0.0252,-3.2605,0.0073,128.00,5.6667,35,eod
COP,Short,2025-07-16T14:00:00+00:00,2025-07-16T15:25:00+00:00,91.9200,91.4200,-2.5589,-1.4998,-1.0591,0.0045,-61.00,1.4167,30,reversal
TSLA,Long,2025-07-16T14:00:00+00:00,2025-07-16T19:45:00+00:00,317.6800,322.4300,1.0302,-1.4998,2.5300,0.0091,17.00,5.7500,30,eod
BAC,Long,2025-07-16T14:25:00+00:00,2025-07-16T19:45:00+00:00,45.7200,46.0300,-3.5749,-0.5025,-3.0723,0.0037,124.00,5.3333,55,eod
LLY,Short,2025-07-16T14:00:00+00:00,2025-07-16T19:45:00+00:00,785.3300,789.6500,3.0356,-1.4998,4.5354,0.0039,-7.00,5.7500,30,eod
JPM,Long,2025-07-17T14:00:00+00:00,2025-07-17T14:35:00+00:00,289.5000,286.8800,3.1151,2.0836,1.0316,0.0045,19.00,0.5833,30,reversal
ADBE,Short,2025-07-17T14:00:00+00:00,2025-07-17T19:45:00+00:00,361.5800,366.1800,-0.9079,2.0836,-2.9915,0.0041,-15.00,5.7500,30,eod
UNH,Long,2025-07-17T14:00:00+00:00,2025-07-17T19:45:00+00:00,285.2000,287.6100,-4.4173,2.0836,-6.5009,0.0051,19.00,5.7500,30,eod
TSLA,Long,2025-07-18T14:00:00+00:00,2025-07-18T19:45:00+00:00,329.9500,328.8700,1.8062,-1.0169,2.8231,0.0081,17.00,5.7500,30,eod
CVX,Long,2025-07-18T18:40:00+00:00,2025-07-18T19:45:00+00:00,146.8200,147.6600,-4.0175,-1.0120,-3.0055,0.0122,38.00,1.0833,310,eod
SCHW,Short,2025-07-18T14:00:00+00:00,2025-07-18T19:45:00+00:00,96.0300,95.4800,-3.4352,-1.0169,-2.4183,0.0035,-58.00,5.7500,30,eod
LLY,Short,2025-07-18T14:00:00+00:00,2025-07-18T19:45:00+00:00,768.3200,774.5200,2.2317,-1.0169,3.2485,0.0040,-7.00,5.7500,30,eod
XOM,Short,2025-07-21T14:00:00+00:00,2025-07-21T19:45:00+00:00,108.1500,107.8700,-0.7485,2.0542,-2.8028,0.0047,-52.00,5.7500,30,eod
LIN,Long,2025-07-21T14:10:00+00:00,2025-07-21T19:45:00+00:00,470.9500,470.5600,3.5651,1.8878,1.6773,0.0027,11.00,5.5833,40,eod
SBUX,Long,2025-07-21T14:00:00+00:00,2025-07-21T19:45:00+00:00,93.9800,93.0000,-1.6510,2.0542,-3.7052,0.0050,60.00,5.7500,30,eod
QCOM,Short,2025-07-22T14:00:00+00:00,2025-07-22T14:20:00+00:00,156.5900,157.4700,-4.5195,-2.8894,-1.6301,0.0031,-35.00,0.3333,30,reversal
T,Short,2025-07-22T14:00:00+00:00,2025-07-22T15:35:00+00:00,27.7100,27.3000,3.1494,-2.8894,6.0388,0.0034,-203.00,1.5833,30,reversal
CAT,Long,2025-07-22T14:00:00+00:00,2025-07-22T19:45:00+00:00,411.0000,417.5600,-0.3574,-2.8894,2.5320,0.0022,13.00,5.7500,30,eod
SCHW,Long,2025-07-23T14:00:00+00:00,2025-07-23T15:40:00+00:00,95.7700,94.9800,1.5935,-1.0292,2.6227,0.0039,59.00,1.6667,30,reversal
TXN,Long,2025-07-23T18:20:00+00:00,2025-07-23T19:45:00+00:00,186.4700,185.6000,-2.0320,1.1848,-3.2168,0.0109,30.00,1.4167,290,eod
SBUX,Short,2025-07-23T14:45:00+00:00,2025-07-23T19:45:00+00:00,96.4000,95.7600,-1.9888,-0.6476,-1.3412,0.0064,-58.00,5.0000,75,eod
T,Short,2025-07-23T14:00:00+00:00,2025-07-23T19:45:00+00:00,27.2100,27.6100,5.3502,-1.0292,6.3794,0.0049,-208.00,5.7500,30,eod
BAC,Long,2025-07-24T14:00:00+00:00,2025-07-24T18:35:00+00:00,48.8800,48.5900,2.4933,-0.4317,2.9250,0.0043,114.00,4.5833,30,reversal
GOOGL,Short,2025-07-24T14:00:00+00:00,2025-07-24T19:45:00+00:00,192.8100,192.2300,-2.3051,-0.4317,-1.8733,0.0072,-29.00,5.7500,30,eod
LIN,Short,2025-07-24T14:00:00+00:00,2025-07-24T19:45:00+00:00,470.8200,470.8000,4.3640,-0.4317,4.7957,0.0041,-11.00,5.7500,30,eod
UNH,Long,2025-07-24T17:10:00+00:00,2025-07-24T19:45:00+00:00,280.3000,279.2500,-2.5532,0.5805,-3.1338,0.0091,20.00,2.5833,220,eod
T,Long,2025-07-25T14:00:00+00:00,2025-07-25T16:15:00+00:00,28.2800,28.0600,2.6600,0.4507,2.2093,0.0059,197.00,2.2500,30,reversal
DIS,Short,2025-07-25T14:00:00+00:00,2025-07-25T19:45:00+00:00,121.4300,121.5000,-2.2847,0.4507,-2.7353,0.0028,-46.00,5.7500,30,eod
DIS,Long,2025-07-25T14:20:00+00:00,2025-07-25T19:45:00+00:00,121.1600,121.5000,-2.5461,0.6101,-3.1562,0.0034,46.00,5.4167,50,eod
AMD,Long,2025-07-28T14:00:00+00:00,2025-07-28T19:45:00+00:00,174.3600,173.3300,2.3137,0.3100,2.0036,0.0076,32.00,5.7500,30,eod
TSLA,Short,2025-07-28T14:10:00+00:00,2025-07-28T19:45:00+00:00,324.4600,326.2500,3.5701,0.3832,3.1869,0.0064,-17.00,5.5833,40,eod
FCX,Long,2025-07-28T14:20:00+00:00,2025-07-28T19:45:00+00:00,43.2500,43.7100,-3.0632,0.0914,-3.1547,0.0090,128.00,5.4167,50,eod
DIS,Short,2025-07-28T14:00:00+00:00,2025-07-28T19:45:00+00:00,120.6200,120.4300,-1.3875,0.3100,-1.6975,0.0030,-46.00,5.7500,30,eod
AAPL,Short,2025-07-29T14:00:00+00:00,2025-07-29T15:30:00+00:00,212.5300,212.0500,-2.2226,-1.1210,-1.1016,0.0040,-26.00,1.5000,30,reversal
AMD,Long,2025-07-29T14:00:00+00:00,2025-07-29T19:45:00+00:00,179.6500,177.6600,1.4777,-1.1210,2.5988,0.0083,31.00,5.7500,30,eod
TXN,Short,2025-07-29T14:00:00+00:00,2025-07-29T19:45:00+00:00,190.8800,191.1000,2.1243,-1.1210,3.2453,0.0038,-29.00,5.7500,30,eod
T,Long,2025-07-30T14:00:00+00:00,2025-07-30T18:10:00+00:00,27.6400,27.4500,1.7803,-0.1626,1.9429,0.0064,200.00,4.1667,30,reversal
SBUX,Long,2025-07-30T14:00:00+00:00,2025-07-30T19:45:00+00:00,90.8000,92.3300,-5.9713,-0.1626,-5.8087,0.0090,61.00,5.7500,30,eod
PYPL,Short,2025-07-30T14:00:00+00:00,2025-07-30T19:45:00+00:00,70.7600,69.7800,-3.0188,-0.1626,-2.8562,0.0039,-78.00,5.7500,30,eod
JPM,Short,2025-07-31T14:00:00+00:00,2025-07-31T14:50:00+00:00,297.8800,297.9700,-2.0683,-0.1501,-1.9182,0.0036,-18.00,0.8333,30,reversal
QCOM,Long,2025-07-31T14:00:00+00:00,2025-07-31T19:45:00+00:00,151.6200,147.1000,-4.7934,-0.1501,-4.6433,0.0058,36.00,5.7500,30,eod
CAT,Short,2025-07-31T14:00:00+00:00,2025-07-31T19:45:00+00:00,438.6400,438.4400,3.0633,-0.1501,3.2133,0.0021,-12.00,5.7500,30,eod
DE,Long,2025-07-31T14:00:00+00:00,2025-07-31T19:45:00+00:00,520.6100,524.5000,2.1559,-0.1501,2.3060,0.0032,10.00,5.7500,30,eod
AMZN,Long,2025-08-01T14:00:00+00:00,2025-08-01T14:55:00+00:00,218.1600,216.3600,0.0795,-2.8425,2.9220,0.0040,25.00,0.9167,30,reversal
AAPL,Short,2025-08-01T14:00:00+00:00,2025-08-01T19:45:00+00:00,206.2200,202.7500,-4.7385,-2.8425,-1.8960,0.0056,-26.00,5.7500,30,eod
AAPL,Long,2025-08-01T14:20:00+00:00,2025-08-01T19:45:00+00:00,204.9800,202.7500,-5.3396,-1.0006,-4.3390,0.0060,27.00,5.4167,50,eod
LIN,Short,2025-08-01T14:00:00+00:00,2025-08-01T19:45:00+00:00,461.2100,460.0500,3.5645,-2.8425,6.4070,0.0057,-12.00,5.7500,30,eod
META,Long,2025-08-04T15:25:00+00:00,2025-08-04T16:10:00+00:00,770.7000,770.4500,2.2133,1.1878,1.0255,0.0044,7.00,0.7500,115,reversal
SLB,Short,2025-08-04T14:00:00+00:00,2025-08-04T19:45:00+00:00,32.7900,32.8700,-0.9717,1.8958,-2.8675,0.0084,-168.00,5.7500,30,eod
LLY,Long,2025-08-04T14:00:00+00:00,2025-08-04T19:45:00+00:00,756.8700,768.9700,-2.0286,1.8958,-3.9244,0.0073,7.00,5.7500,30,eod
META,Long,2025-08-05T14:00:00+00:00,2025-08-05T14:30:00+00:00,779.6800,771.8800,1.6582,0.2931,1.3650,0.0035,7.00,0.5000,30,reversal
CAT,Long,2025-08-05T14:00:00+00:00,2025-08-05T15:00:00+00:00,431.1100,433.0300,-3.5070,0.2931,-3.8001,0.0038,12.00,1.0000,30,reversal
JPM,Short,2025-08-05T14:00:00+00:00,2025-08-05T19:45:00+00:00,291.9500,291.2300,-2.2661,0.2931,-2.5592,0.0042,-18.00,5.7500,30,eod
PFE,Short,2025-08-05T14:40:00+00:00,2025-08-05T19:45:00+00:00,24.7100,24.7900,1.8121,-2.0083,3.8203,0.0056,-223.00,5.0833,70,eod
DIS,Long,2025-08-06T14:00:00+00:00,2025-08-06T14:10:00+00:00,114.3700,113.7300,2.1072,0.7885,1.3187,0.0033,48.00,0.1667,30,reversal
LOW,Short,2025-08-06T14:00:00+00:00,2025-08-06T14:25:00+00:00,236.7000,237.6600,-1.7456,0.7885,-2.5341,0.0039,-23.00,0.4167,30,reversal
PFE,Long,2025-08-06T14:00:00+00:00,2025-08-06T19:45:00+00:00,24.2800,23.9200,-2.7002,0.7885,-3.4887,0.0048,226.00,5.7500,30,eod
COP,Long,2025-08-07T14:00:00+00:00,2025-08-07T16:30:00+00:00,91.6600,94.3000,-4.9002,0.4130,-5.3133,0.0069,59.00,2.5000,30,reversal
AMD,Long,2025-08-07T14:00:00+00:00,2025-08-07T19:45:00+00:00,171.4700,172.0400,1.8931,0.4130,1.4801,0.0109,31.00,5.7500,30,eod
AMD,Short,2025-08-07T15:00:00+00:00,2025-08-07T19:45:00+00:00,172.1500,172.0400,1.9539,-1.2266,3.1805,0.0126,-31.00,4.7500,90,eod
TXN,Short,2025-08-07T14:00:00+00:00,2025-08-07T19:45:00+00:00,187.8900,185.8800,-2.1632,0.4130,-2.5763,0.0066,-29.00,5.7500,30,eod
DIS,Long,2025-08-08T14:00:00+00:00,2025-08-08T14:30:00+00:00,113.6500,113.5700,2.8498,1.6296,1.2203,0.0034,48.00,0.5000,30,reversal
MU,Short,2025-08-08T15:25:00+00:00,2025-08-08T19:45:00+00:00,119.0600,118.7500,4.4236,1.4081,3.0155,0.0140,-46.00,4.3333,115,eod
LLY,Short,2025-08-08T14:00:00+00:00,2025-08-08T19:45:00+00:00,644.2000,626.2400,-1.2288,1.6296,-2.8583,0.0092,-8.00,5.7500,30,eod
LLY,Long,2025-08-08T14:05:00+00:00,2025-08-08T19:45:00+00:00,640.9700,626.2400,-2.0175,2.0253,-4.0428,0.0081,8.00,5.6667,35,eod
AVGO,Long,2025-08-11T14:00:00+00:00,2025-08-11T16:10:00+00:00,306.9500,306.9000,1.8295,0.7120,1.1175,0.0076,17.00,2.1667,30,reversal
XOM,Short,2025-08-11T14:00:00+00:00,2025-08-11T19:45:00+00:00,106.7600,106.0600,-1.9645,0.7120,-2.6765,0.0029,-51.00,5.7500,30,eod
NKE,Long,2025-08-11T14:00:00+00:00,2025-08-11T19:45:00+00:00,73.3800,74.0800,-3.0794,0.7120,-3.7914,0.0052,74.00,5.7500,30,eod
CVX,Short,2025-08-12T14:00:00+00:00,2025-08-12T19:35:00+00:00,155.4400,155.1800,2.8764,-2.0757,4.9521,0.0040,-35.00,5.5833,30,reversal
AMZN,Short,2025-08-12T14:00:00+00:00,2025-08-12T19:45:00+00:00,219.5800,221.7400,-3.1143,-2.0757,-1.0386,0.0047,-25.00,5.7500,30,eod
BAC,Long,2025-08-12T14:00:00+00:00,2025-08-12T19:45:00+00:00,47.0300,47.4700,0.8336,-2.0757,2.9093,0.0046,117.00,5.7500,30,eod
ADBE,Long,2025-08-13T14:00:00+00:00,2025-08-13T19:45:00+00:00,341.7700,351.4900,1.6675,-1.1555,2.8231,0.0046,16.00,5.7500,30,eod
DE,Short,2025-08-13T14:00:00+00:00,2025-08-13T19:45:00+00:00,511.2000,512.2800,3.4088,-1.1555,4.5643,0.0061,-10.00,5.7500,30,eod
GE,Short,2025-08-13T14:00:00+00:00,2025-08-13T19:45:00+00:00,275.3700,268.1900,-3.5159,-1.1555,-2.3603,0.0050,-19.00,5.7500,30,eod
GE,Long,2025-08-13T18:00:00+00:00,2025-08-13T19:45:00+00:00,266.9500,268.1900,-4.0721,-0.9552,-3.1169,0.0117,20.00,1.7500,270,eod
CRM,Short,2025-08-14T14:00:00+00:00,2025-08-14T19:45:00+00:00,234.4600,233.7600,-1.8664,0.3602,-2.2266,0.0052,-23.00,5.7500,30,eod
SCHW,Long,2025-08-14T14:00:00+00:00,2025-08-14T19:45:00+00:00,97.0000,97.6500,2.6907,0.3602,2.3305,0.0041,57.00,5.7500,30,eod
CRM,Long,2025-08-15T14:00:00+00:00,2025-08-15T19:45:00+00:00,240.3000,242.6000,2.5601,-0.0679,2.6280,0.0062,23.00,5.7500,30,eod
GS,Short,2025-08-15T14:00:00+00:00,2025-08-15T19:45:00+00:00,739.1400,731.9500,-2.1844,-0.0679,-2.1165,0.0045,-7.00,5.7500,30,eod
UNH,Short,2025-08-15T15:35:00+00:00,2025-08-15T19:45:00+00:00,308.4100,306.3600,2.3237,-0.9971,3.3208,0.0153,-18.00,4.1667,125,eod
AVGO,Short,2025-08-18T14:00:00+00:00,2025-08-18T16:45:00+00:00,300.1700,303.5600,-2.4732,-0.5929,-1.8803,0.0075,-18.00,2.7500,30,reversal
SBUX,Short,2025-08-18T14:35:00+00:00,2025-08-18T19:45:00+00:00,93.2700,92.7600,2.4061,-0.8559,3.2620,0.0109,-60.00,5.1667,65,eod
T,Long,2025-08-18T14:00:00+00:00,2025-08-18T19:45:00+00:00,29.1200,28.9500,2.1997,-0.5929,2.7926,0.0038,193.00,5.7500,30,eod
UNH,Short,2025-08-19T14:00:00+00:00,2025-08-19T15:00:00+00:00,304.7900,302.5100,-1.3101,0.9610,-2.2711,0.0122,-18.00,1.0000,30,reversal
NFLX,Long,2025-08-19T14:00:00+00:00,2025-08-19T18:05:00+00:00,120.7400,121.2500,-3.0381,0.9610,-3.9992,0.0057,46.00,4.0833,30,reversal
LIN,Short,2025-08-19T14:40:00+00:00,2025-08-19T19:45:00+00:00,482.1600,479.5000,2.0795,-1.2658,3.3453,0.0050,-11.00,5.0833,70,eod
HD,Long,2025-08-19T14:00:00+00:00,2025-08-19T19:45:00+00:00,413.0100,407.0000,3.2366,0.9610,2.2756,0.0049,13.00,5.7500,30,eod
LOW,Short,2025-08-20T15:30:00+00:00,2025-08-20T16:00:00+00:00,256.8100,257.7800,-2.3047,-1.2964,-1.0082,0.0102,-21.00,0.5000,120,reversal
ADBE,Long,2025-08-20T14:00:00+00:00,2025-08-20T16:20:00+00:00,359.3300,354.9500,-0.1028,-2.9943,2.8915,0.0049,15.00,2.3333,30,reversal
XOM,Short,2025-08-20T14:00:00+00:00,2025-08-20T19:45:00+00:00,108.9500,109.0000,1.7087,-2.9943,4.7030,0.0041,-51.00,5.7500,30,eod
CRM,Short,2025-08-21T14:00:00+00:00,2025-08-21T14:40:00+00:00,241.5700,243.8100,-1.1606,0.2590,-1.4196,0.0062,-23.00,0.6667,30,reversal
GE,Long,2025-08-21T14:00:00+00:00,2025-08-21T19:45:00+00:00,271.2000,269.1100,2.7979,0.2590,2.5388,0.0050,20.00,5.7500,30,eod
HD,Long,2025-08-22T15:50:00+00:00,2025-08-22T19:45:00+00:00,413.7700,413.7900,4.1561,3.0664,1.0897,0.0089,13.00,3.9167,140,eod
PFE,Short,2025-08-22T14:00:00+00:00,2025-08-22T19:45:00+00:00,26.0700,25.8200,0.5027,3.4461,-2.9434,0.0046,-212.00,5.7500,30,eod
T,Long,2025-08-22T14:00:00+00:00,2025-08-22T19:45:00+00:00,29.4400,28.7100,-1.8540,3.4461,-5.3001,0.0033,188.00,5.7500,30,eod
NFLX,Long,2025-08-25T14:00:00+00:00,2025-08-25T19:45:00+00:00,122.7100,121.9900,2.4833,1.0116,1.4717,0.0067,44.00,5.7500,30,eod
CRM,Short,2025-08-25T14:00:00+00:00,2025-08-25T19:45:00+00:00,247.1300,247.6800,-1.3342,1.0116,-2.3458,0.0063,-22.00,5.7500,30,eod
PFE,Long,2025-08-25T14:00:00+00:00,2025-08-25T19:45:00+00:00,25.4500,25.1400,-2.7822,1.0116,-3.7938,0.0054,216.00,5.7500,30,eod
SBUX,Long,2025-08-26T14:00:00+00:00,2025-08-26T15:05:00+00:00,86.9300,86.3600,1.3711,0.0588,1.3123,0.0050,62.00,1.0833,30,reversal
ADBE,Short,2025-08-26T14:00:00+00:00,2025-08-26T19:45:00+00:00,358.4000,356.3300,-1.8184,0.0588,-1.8772,0.0061,-15.00,5.7500,30,eod
T,Long,2025-08-26T14:15:00+00:00,2025-08-26T19:45:00+00:00,28.4200,28.4900,-3.0113,0.1382,-3.1496,0.0047,192.00,5.5000,45,eod
META,Short,2025-08-27T14:00:00+00:00,2025-08-27T19:45:00+00:00,748.8000,747.4200,-1.3608,-0.2780,-1.0828,0.0044,-7.00,5.7500,30,eod
LIN,Long,2025-08-27T14:00:00+00:00,2025-08-27T19:45:00+00:00,482.8000,482.6600,1.6577,-0.2780,1.9356,0.0037,11.00,5.7500,30,eod
FCX,Long,2025-08-28T14:00:00+00:00,2025-08-28T19:45:00+00:00,44.2400,44.4700,1.1868,-1.6311,2.8179,0.0054,123.00,5.7500,30,eod
DIS,Short,2025-08-28T14:30:00+00:00,2025-08-28T19:45:00+00:00,116.8800,117.5700,-1.7223,-0.7107,-1.0115,0.0059,-46.00,5.2500,60,eod
SLB,Long,2025-08-29T14:00:00+00:00,2025-08-29T19:45:00+00:00,36.8900,36.8000,0.9538,-1.9881,2.9420,0.0066,147.00,5.7500,30,eod
PFE,Short,2025-08-29T14:00:00+00:00,2025-08-29T19:45:00+00:00,24.8500,24.7500,1.9304,-1.9881,3.9185,0.0048,-219.00,5.7500,30,eod
JPM,Long,2025-09-02T14:00:00+00:00,2025-09-02T14:20:00+00:00,298.0700,296.3400,2.8510,1.7206,1.1303,0.0039,18.00,0.3333,30,reversal
LLY,Short,2025-09-02T14:00:00+00:00,2025-09-02T16:10:00+00:00,729.1300,729.4100,-0.7641,1.7206,-2.4847,0.0051,-7.00,2.1667,30,reversal
FCX,Short,2025-09-02T15:25:00+00:00,2025-09-02T19:45:00+00:00,44.3300,44.8000,3.3632,0.3082,3.0551,0.0076,-122.00,4.3333,115,eod
NKE,Long,2025-09-02T14:00:00+00:00,2025-09-02T19:45:00+00:00,75.2200,74.1500,-1.5301,1.7206,-3.2507,0.0060,72.00,5.7500,30,eod
GOOGL,Long,2025-09-03T14:00:00+00:00,2025-09-03T14:25:00+00:00,229.9800,227.4600,3.1285,0.4795,2.6490,0.0045,23.00,0.4167,30,reversal
SBUX,Long,2025-09-03T14:00:00+00:00,2025-09-03T19:45:00+00:00,87.1200,87.1000,-5.0307,0.4795,-5.5102,0.0051,61.00,5.7500,30,eod
DIS,Short,2025-09-03T14:00:00+00:00,2025-09-03T19:45:00+00:00,117.1600,117.2700,-2.2122,0.4795,-2.6917,0.0045,-46.00,5.7500,30,eod
LLY,Long,2025-09-04T14:00:00+00:00,2025-09-04T19:15:00+00:00,742.6200,744.1400,1.6491,-1.2552,2.9043,0.0050,7.00,5.2500,30,reversal
GOOGL,Short,2025-09-04T14:00:00+00:00,2025-09-04T19:35:00+00:00,226.7300,231.8700,-2.8641,-1.2552,-1.6089,0.0049,-23.00,5.5833,30,reversal
T,Short,2025-09-04T14:00:00+00:00,2025-09-04T19:45:00+00:00,29.5800,29.5200,2.9072,-1.2552,4.1624,0.0045,-181.00,5.7500,30,eod
PYPL,Long,2025-09-04T14:15:00+00:00,2025-09-04T19:45:00+00:00,66.9400,68.5100,-4.2732,-0.9481,-3.3251,0.0077,80.00,5.5000,45,eod
GE,Long,2025-09-05T14:00:00+00:00,2025-09-05T16:35:00+00:00,273.8900,277.1100,-4.0985,-0.1478,-3.9507,0.0070,19.00,2.5833,30,reversal
MSFT,Short,2025-09-05T14:00:00+00:00,2025-09-05T19:45:00+00:00,501.2600,493.6500,-3.0378,-0.1478,-2.8901,0.0038,-10.00,5.7500,30,eod
CRM,Short,2025-09-05T14:00:00+00:00,2025-09-05T19:45:00+00:00,250.5700,249.7100,2.8980,-0.1478,3.0457,0.0058,-21.00,5.7500,30,eod
NKE,Long,2025-09-05T14:00:00+00:00,2025-09-05T19:45:00+00:00,75.2000,73.9100,2.5647,-0.1478,2.7125,0.0056,71.00,5.7500,30,eod
COIN,Long,2025-09-08T14:00:00+00:00,2025-09-08T14:15:00+00:00,303.2500,299.2600,1.4718,0.4322,1.0396,0.0106,17.00,0.2500,30,reversal
ADBE,Short,2025-09-08T19:10:00+00:00,2025-09-08T19:45:00+00:00,356.6500,357.8000,2.5544,-0.4599,3.0143,0.0107,-14.00,0.5833,340,eod
COP,Long,2025-09-08T14:00:00+00:00,2025-09-08T19:45:00+00:00,90.8400,90.8000,-3.9407,0.4322,-4.3730,0.0062,59.00,5.7500,30,eod
PFE,Short,2025-09-08T14:00:00+00:00,2025-09-08T19:45:00+00:00,24.4600,24.4800,-2.5068,0.4322,-2.9390,0.0055,-219.00,5.7500,30,eod
XOM,Long,2025-09-09T14:00:00+00:00,2025-09-09T16:15:00+00:00,112.1600,111.2300,1.4553,-0.5456,2.0010,0.0047,47.00,2.2500,30,reversal
DE,Short,2025-09-09T14:00:00+00:00,2025-09-09T19:45:00+00:00,472.9400,474.9900,-3.3916,-0.5456,-2.8459,0.0047,-11.00,5.7500,30,eod
DE,Long,2025-09-09T14:05:00+00:00,2025-09-09T19:45:00+00:00,472.2000,474.9900,-3.5721,-0.1226,-3.4495,0.0049,11.00,5.6667,35,eod
LLY,Short,2025-09-09T14:25:00+00:00,2025-09-09T19:45:00+00:00,750.9400,749.0300,2.8637,-0.2807,3.1443,0.0060,-7.00,5.3333,55,eod
MPC,Long,2025-09-10T14:40:00+00:00,2025-09-10T18:55:00+00:00,178.8700,181.5700,-3.1616,0.1146,-3.2762,0.0080,29.00,4.2500,70,reversal
AAPL,Short,2025-09-10T14:00:00+00:00,2025-09-10T19:45:00+00:00,228.9100,226.6100,-1.8994,-0.0147,-1.8846,0.0040,-23.00,5.7500,30,eod
JPM,Long,2025-09-10T14:00:00+00:00,2025-09-10T19:45:00+00:00,299.8800,300.9400,2.4357,-0.0147,2.4505,0.0056,17.00,5.7500,30,eod
JPM,Short,2025-09-10T14:10:00+00:00,2025-09-10T19:45:00+00:00,300.7300,300.9400,3.1140,-0.0625,3.1765,0.0053,-17.00,5.5833,40,eod
MU,Short,2025-09-11T14:00:00+00:00,2025-09-11T15:40:00+00:00,151.9400,154.4800,-1.4779,-0.0817,-1.3962,0.0054,-35.00,1.6667,30,reversal
NFLX,Long,2025-09-11T14:40:00+00:00,2025-09-11T19:45:00+00:00,121.5400,120.5500,-2.9158,0.2880,-3.2039,0.0061,44.00,5.0833,70,eod
CAT,Short,2025-09-11T14:00:00+00:00,2025-09-11T19:45:00+00:00,434.2500,431.6200,3.8436,-0.0817,3.9253,0.0057,-12.00,5.7500,30,eod
LOW,Long,2025-09-11T14:00:00+00:00,2025-09-11T19:45:00+00:00,271.3600,272.7200,2.7843,-0.0817,2.8659,0.0051,19.00,5.7500,30,eod
TSLA,Long,2025-09-12T14:00:00+00:00,2025-09-12T19:45:00+00:00,385.9700,394.4500,2.7336,0.2101,2.5236,0.0114,13.00,5.7500,30,eod
AMZN,Short,2025-09-12T14:00:00+00:00,2025-09-12T19:45:00+00:00,228.7300,227.9000,-1.8804,0.2101,-2.0904,0.0037,-23.00,5.7500,30,eod
NKE,Long,2025-09-12T14:30:00+00:00,2025-09-12T19:45:00+00:00,72.2400,73.0700,-2.8137,0.4789,-3.2926,0.0081,74.00,5.2500,60,eod
TXN,Long,2025-09-15T14:00:00+00:00,2025-09-15T15:50:00+00:00,177.5300,177.1500,2.4129,0.8975,1.5154,0.0045,30.00,1.8333,30,reversal
TXN,Short,2025-09-15T14:40:00+00:00,2025-09-15T15:50:00+00:00,179.1700,177.1500,3.9256,0.6794,3.2462,0.0051,-30.00,1.1667,70,reversal
DE,Short,2025-09-15T14:00:00+00:00,2025-09-15T19:45:00+00:00,466.2100,469.7600,-2.0651,0.8975,-2.9625,0.0050,-11.00,5.7500,30,eod
DE,Long,2025-09-15T14:05:00+00:00,2025-09-15T19:45:00+00:00,465.5000,469.7600,-2.1993,0.9002,-3.0995,0.0054,11.00,5.6667,35,eod
TSLA,Long,2025-09-16T14:00:00+00:00,2025-09-16T19:45:00+00:00,419.0200,422.5100,1.2348,-0.5907,1.8256,0.0106,12.00,5.7500,30,eod
AAPL,Short,2025-09-16T14:00:00+00:00,2025-09-16T19:45:00+00:00,240.9800,239.0100,3.3866,-0.5907,3.9773,0.0050,-22.00,5.7500,30,eod
LIN,Short,2025-09-16T14:00:00+00:00,2025-09-16T19:45:00+00:00,472.7000,472.7000,-3.2969,-0.5907,-2.7061,0.0033,-11.00,5.7500,30,eod
LIN,Long,2025-09-16T14:10:00+00:00,2025-09-16T19:45:00+00:00,471.5100,472.7000,-3.9140,-0.6069,-3.3071,0.0034,11.00,5.5833,40,eod
META,Short,2025-09-17T14:00:00+00:00,2025-09-17T15:45:00+00:00,770.8400,773.8300,-1.8620,-0.5443,-1.3177,0.0046,-7.00,1.7500,30,reversal
LLY,Short,2025-09-17T14:05:00+00:00,2025-09-17T19:30:00+00:00,770.7100,762.3000,2.4020,-0.7151,3.1170,0.0054,-7.00,5.4167,35,reversal
ADBE,Long,2025-09-17T14:00:00+00:00,2025-09-17T19:45:00+00:00,360.1900,361.8200,2.3002,-0.5443,2.8446,0.0063,15.00,5.7500,30,eod
MU,Long,2025-09-18T14:00:00+00:00,2025-09-18T19:45:00+00:00,168.1200,168.7200,2.3699,0.3787,1.9913,0.0058,32.00,5.7500,30,eod
LIN,Short,2025-09-18T14:00:00+00:00,2025-09-18T19:45:00+00:00,474.3100,476.2000,-2.3329,0.3787,-2.7116,0.0034,-11.00,5.7500,30,eod
LIN,Long,2025-09-18T14:05:00+00:00,2025-09-18T19:45:00+00:00,474.0500,476.2000,-2.2321,0.8671,-3.0992,0.0038,11.00,5.6667,35,eod
COIN,Short,2025-09-18T16:00:00+00:00,2025-09-18T19:45:00+00:00,347.5000,343.7600,3.8219,0.7895,3.0324,0.0157,-15.00,3.7500,150,eod
NVDA,Long,2025-09-19T14:05:00+00:00,2025-09-19T16:05:00+00:00,177.4000,176.1000,1.6995,0.6459,1.0536,0.0050,30.00,2.0000,35,reversal
META,Long,2025-09-19T15:50:00+00:00,2025-09-19T19:45:00+00:00,775.6400,775.0000,-3.1616,0.1881,-3.3497,0.0044,7.00,3.9167,140,eod
LLY,Short,2025-09-19T14:00:00+00:00,2025-09-19T19:45:00+00:00,756.4000,753.8000,-1.7874,0.8992,-2.6866,0.0045,-7.00,5.7500,30,eod
PFE,Long,2025-09-22T14:00:00+00:00,2025-09-22T16:00:00+00:00,24.7300,24.5200,3.1902,0.5947,2.5955,0.0052,221.00,2.0000,30,reversal
PFE,Short,2025-09-22T14:10:00+00:00,2025-09-22T16:00:00+00:00,24.7300,24.5200,3.8351,0.3553,3.4797,0.0043,-221.00,1.8333,40,reversal
GOOGL,Long,2025-09-22T15:30:00+00:00,2025-09-22T19:45:00+00:00,251.3700,251.3700,-2.6368,0.8819,-3.5188,0.0056,21.00,4.2500,120,eod
FCX,Short,2025-09-22T14:00:00+00:00,2025-09-22T19:45:00+00:00,44.6600,45.1800,-1.5592,0.5947,-2.1539,0.0081,-122.00,5.7500,30,eod
AMZN,Short,2025-09-23T14:00:00+00:00,2025-09-23T17:45:00+00:00,222.1300,221.9700,-3.8307,-1.4665,-2.3642,0.0038,-24.00,3.7500,30,reversal
MPC,Short,2025-09-23T14:00:00+00:00,2025-09-23T19:45:00+00:00,191.5500,191.1200,3.3444,-1.4665,4.8109,0.0056,-28.00,5.7500,30,eod
JPM,Long,2025-09-23T14:00:00+00:00,2025-09-23T19:45:00+00:00,315.7700,312.0800,1.4162,-1.4665,2.8826,0.0055,17.00,5.7500,30,eod
T,Short,2025-09-24T14:00:00+00:00,2025-09-24T15:50:00+00:00,28.3800,28.3300,-2.2116,-0.1247,-2.0870,0.0044,-191.00,1.8333,30,reversal
QCOM,Short,2025-09-24T14:50:00+00:00,2025-09-24T19:45:00+00:00,172.2100,173.5300,2.5808,-0.7645,3.3453,0.0065,-31.00,4.9167,80,eod
FCX,Long,2025-09-24T17:25:00+00:00,2025-09-24T19:45:00+00:00,38.7900,37.9800,-4.4762,-1.4473,-3.0288,0.0139,139.00,2.3333,235,eod
DIS,Long,2025-09-24T14:00:00+00:00,2025-09-24T19:45:00+00:00,113.7100,113.5900,2.0520,-0.1247,2.1767,0.0039,47.00,5.7500,30,eod
SCHW,Long,2025-09-25T14:00:00+00:00,2025-09-25T15:50:00+00:00,93.4800,94.3300,2.6923,-0.0323,2.7246,0.0043,57.00,1.8333,30,reversal
NKE,Long,2025-09-25T14:00:00+00:00,2025-09-25T19:45:00+00:00,69.3200,69.2700,-3.2727,-0.0323,-3.2404,0.0062,77.00,5.7500,30,eod
PYPL,Short,2025-09-25T14:00:00+00:00,2025-09-25T19:45:00+00:00,66.4700,66.7000,-1.9566,-0.0323,-1.9242,0.0046,-80.00,5.7500,30,eod
UNH,Short,2025-09-26T14:00:00+00:00,2025-09-26T14:10:00+00:00,343.5700,343.4600,-2.2156,-0.7557,-1.4599,0.0069,-15.00,0.1667,30,reversal
XOM,Short,2025-09-26T14:00:00+00:00,2025-09-26T19:45:00+00:00,117.6500,117.4700,2.3911,-0.7557,3.1468,0.0050,-45.00,5.7500,30,eod
COP,Long,2025-09-26T14:00:00+00:00,2025-09-26T19:45:00+00:00,98.4400,98.6000,1.6710,-0.7557,2.4268,0.0066,54.00,5.7500,30,eod
GE,Long,2025-09-26T17:05:00+00:00,2025-09-26T19:45:00+00:00,293.3400,295.1000,-2.9895,0.0647,-3.0542,0.0087,18.00,2.6667,215,eod
T,Short,2025-09-29T14:00:00+00:00,2025-09-29T19:20:00+00:00,28.1000,28.0600,-1.0804,1.9174,-2.9978,0.0036,-191.00,5.3333,30,reversal
NFLX,Long,2025-09-29T14:00:00+00:00,2025-09-29T19:45:00+00:00,121.7000,120.2600,4.2419,1.9174,2.3245,0.0051,44.00,5.7500,30,eod
CVX,Long,2025-09-29T14:00:00+00:00,2025-09-29T19:45:00+00:00,156.5500,155.8200,-3.0895,1.9174,-5.0070,0.0038,34.00,5.7500,30,eod
PYPL,Short,2025-09-29T14:40:00+00:00,2025-09-29T19:45:00+00:00,70.1500,69.7000,4.5250,1.4038,3.1212,0.0061,-76.00,5.0833,70,eod
NVDA,Long,2025-09-30T14:00:00+00:00,2025-09-30T19:45:00+00:00,184.6900,185.8300,2.9879,1.3909,1.5971,0.0058,29.00,5.7500,30,eod
DE,Long,2025-09-30T14:00:00+00:00,2025-09-30T19:45:00+00:00,455.4700,456.0900,-2.5905,1.3909,-3.9814,0.0054,11.00,5.7500,30,eod
BAC,Short,2025-09-30T14:00:00+00:00,2025-09-30T19:45:00+00:00,52.0800,51.5500,-1.5215,1.3909,-2.9124,0.0055,-103.00,5.7500,30,eod
PFE,Short,2025-09-30T14:05:00+00:00,2025-09-30T19:45:00+00:00,24.4600,25.4900,3.2837,-0.1592,3.4429,0.0064,-218.00,5.6667,35,eod
PYPL,Long,2025-10-01T14:00:00+00:00,2025-10-01T14:30:00+00:00,67.6600,67.1600,2.5876,0.3214,2.2661,0.0050,78.00,0.5000,30,reversal
CVX,Short,2025-10-01T14:00:00+00:00,2025-10-01T19:45:00+00:00,153.5900,154.6600,-2.2268,0.3214,-2.5482,0.0041,-34.00,5.7500,30,eod
HD,Long,2025-10-01T14:15:00+00:00,2025-10-01T19:45:00+00:00,399.8000,397.9100,-2.7099,1.1275,-3.8373,0.0045,13.00,5.5000,45,eod
PFE,Short,2025-10-01T14:00:00+00:00,2025-10-01T19:45:00+00:00,26.2700,27.2000,3.8630,0.3214,3.5416,0.0064,-202.00,5.7500,30,eod
GE,Short,2025-10-02T14:00:00+00:00,2025-10-02T15:05:00+00:00,298.1100,298.4700,-2.4719,-1.4045,-1.0674,0.0062,-17.00,1.0833,30,reversal
TXN,Short,2025-10-02T14:00:00+00:00,2025-10-02T19:45:00+00:00,184.0900,182.1000,2.7964,-1.4045,4.2009,0.0076,-28.00,5.7500,30,eod
UNH,Long,2025-10-02T14:00:00+00:00,2025-10-02T19:45:00+00:00,350.6200,352.5600,1.5488,-1.4045,2.9533,0.0075,14.00,5.7500,30,eod
HD,Long,2025-10-03T14:00:00+00:00,2025-10-03T15:25:00+00:00,395.5300,393.8100,1.1308,-1.8641,2.9949,0.0032,13.00,1.4167,30,reversal
TSLA,Short,2025-10-03T14:25:00+00:00,2025-10-03T19:20:00+00:00,428.1300,427.5000,-2.2963,-0.9364,-1.3598,0.0136,-12.00,4.9167,55,reversal
PYPL,Short,2025-10-03T14:00:00+00:00,2025-10-03T19:45:00+00:00,68.6500,69.3500,1.8588,-1.8641,3.7229,0.0055,-76.00,5.7500,30,eod
META,Long,2025-10-06T14:00:00+00:00,2025-10-06T19:45:00+00:00,705.2800,712.4800,2.6705,0.3444,2.3261,0.0046,7.00,5.7500,30,eod
HD,Long,2025-10-06T14:00:00+00:00,2025-10-06T19:45:00+00:00,386.1800,389.0200,-3.7259,0.3444,-4.0703,0.0039,13.00,5.7500,30,eod
T,Short,2025-10-06T14:00:00+00:00,2025-10-06T19:45:00+00:00,26.3600,25.9100,-2.3480,0.3444,-2.6924,0.0035,-197.00,5.7500,30,eod
CRM,Short,2025-10-07T14:00:00+00:00,2025-10-07T15:55:00+00:00,242.3000,238.4200,-3.4346,-0.6657,-2.7689,0.0052,-21.00,1.9167,30,reversal
CRM,Long,2025-10-07T14:05:00+00:00,2025-10-07T15:55:00+00:00,241.9100,238.4200,-3.6535,0.1598,-3.8133,0.0053,21.00,1.8333,35,reversal
NVDA,Long,2025-10-07T14:00:00+00:00,2025-10-07T19:45:00+00:00,188.4300,185.5300,1.5096,-0.6657,2.1753,0.0066,27.00,5.7500,30,eod
PYPL,Short,2025-10-07T14:00:00+00:00,2025-10-07T19:45:00+00:00,75.4400,74.2900,3.0248,-0.6657,3.6905,0.0066,-69.00,5.7500,30,eod
AMD,Long,2025-10-08T14:00:00+00:00,2025-10-08T19:45:00+00:00,221.8800,233.9100,3.6356,2.4069,1.2286,0.0124,23.00,5.7500,30,eod
AMD,Short,2025-10-08T18:00:00+00:00,2025-10-08T19:45:00+00:00,232.8600,233.9100,4.6141,1.5334,3.0808,0.0210,-22.00,1.7500,270,eod
SCHW,Long,2025-10-08T14:00:00+00:00,2025-10-08T19:45:00+00:00,92.9500,94.0400,-1.9639,2.4069,-4.3709,0.0046,56.00,5.7500,30,eod
SBUX,Short,2025-10-08T14:00:00+00:00,2025-10-08T19:45:00+00:00,80.3900,80.1600,-0.5749,2.4069,-2.9819,0.0050,-64.00,5.7500,30,eod
NVDA,Long,2025-10-09T14:00:00+00:00,2025-10-09T19:45:00+00:00,194.1700,192.7200,1.7908,-0.8223,2.6131,0.0071,27.00,5.7500,30,eod
NFLX,Short,2025-10-09T14:00:00+00:00,2025-10-09T19:45:00+00:00,122.8200,123.1900,2.2244,-0.8223,3.0467,0.0051,-43.00,5.7500,30,eod
CVX,Long,2025-10-09T18:45:00+00:00,2025-10-09T19:45:00+00:00,151.8200,151.9000,-3.9003,-0.7531,-3.1472,0.0044,35.00,1.0000,315,eod
SLB,Short,2025-10-09T14:00:00+00:00,2025-10-09T19:45:00+00:00,33.9200,33.1600,-2.6261,-0.8223,-1.8039,0.0056,-156.00,5.7500,30,eod
ADBE,Short,2025-10-10T14:00:00+00:00,2025-10-10T15:05:00+00:00,344.0900,340.0300,-2.5172,0.2069,-2.7241,0.0046,-15.00,1.0833,30,reversal
PYPL,Long,2025-10-10T14:20:00+00:00,2025-10-10T15:10:00+00:00,74.4700,73.8100,-3.0443,0.1544,-3.1986,0.0084,71.00,0.8333,50,reversal
AVGO,Long,2025-10-10T14:00:00+00:00,2025-10-10T19:45:00+00:00,349.4700,327.2700,2.5854,0.2069,2.3785,0.0063,15.00,5.7500,30,eod
T,Short,2025-10-10T15:00:00+00:00,2025-10-10T19:45:00+00:00,25.8900,25.8600,1.0955,-3.4014,4.4969,0.0043,-203.00,4.7500,90,eod
MPC,Short,2025-10-13T14:00:00+00:00,2025-10-13T15:00:00+00:00,184.9100,183.7500,0.9874,3.8577,-2.8702,0.0071,-28.00,1.0000,30,reversal
AVGO,Long,2025-10-13T14:20:00+00:00,2025-10-13T19:45:00+00:00,354.3300,356.5200,2.8107,1.4541,1.3566,0.0076,14.00,5.4167,50,eod
AVGO,Short,2025-10-13T14:45:00+00:00,2025-10-13T19:45:00+00:00,357.5600,356.5200,3.7467,0.7084,3.0384,0.0082,-14.00,5.0000,75,eod
T,Long,2025-10-13T14:00:00+00:00,2025-10-13T19:45:00+00:00,25.5400,25.5800,-2.6154,3.8577,-6.4731,0.0036,204.00,5.7500,30,eod
JPM,Short,2025-10-14T14:00:00+00:00,2025-10-14T14:35:00+00:00,296.5300,303.0300,-1.7544,1.2154,-2.9698,0.0048,-17.00,0.5833,30,reversal
DE,Long,2025-10-14T14:00:00+00:00,2025-10-14T17:30:00+00:00,442.7000,447.1900,3.4087,1.2154,2.1934,0.0058,11.00,3.5000,30,reversal
CRM,Long,2025-10-14T14:20:00+00:00,2025-10-14T19:45:00+00:00,243.2800,241.4900,-1.0675,2.2705,-3.3380,0.0089,21.00,5.4167,50,eod
AAPL,Long,2025-10-15T14:00:00+00:00,2025-10-15T14:10:00+00:00,251.7200,250.8400,3.6900,1.8119,1.8781,0.0028,20.00,0.1667,30,reversal
MU,Short,2025-10-15T14:00:00+00:00,2025-10-15T15:55:00+00:00,189.1800,189.6300,-0.8850,1.8119,-2.6969,0.0090,-27.00,1.9167,30,reversal
GS,Long,2025-10-15T14:05:00+00:00,2025-10-15T17:00:00+00:00,772.4400,774.7100,-0.6832,2.4803,-3.1635,0.0074,6.00,2.9167,35,reversal
AMZN,Long,2025-10-16T14:00:00+00:00,2025-10-16T14:45:00+00:00,218.3000,218.0700,1.2853,-0.5236,1.8088,0.0037,23.00,0.7500,30,reversal
NKE,Short,2025-10-16T14:00:00+00:00,2025-10-16T16:35:00+00:00,67.8900,67.0800,-2.1198,-0.5236,-1.5962,0.0060,-76.00,2.5833,30,reversal
NKE,Long,2025-10-16T14:35:00+00:00,2025-10-16T16:35:00+00:00,67.4900,67.0800,-2.6673,0.5459,-3.2132,0.0069,76.00,2.0000,65,reversal
T,Short,2025-10-16T16:15:00+00:00,2025-10-16T19:45:00+00:00,26.3700,26.2400,1.6796,-1.3624,3.0420,0.0066,-196.00,3.5000,165,eod
SCHW,Long,2025-10-17T14:05:00+00:00,2025-10-17T14:15:00+00:00,94.0800,93.7800,1.9831,0.7928,1.1904,0.0055,55.00,0.1667,35,reversal
CRM,Short,2025-10-17T14:00:00+00:00,2025-10-17T19:45:00+00:00,247.6100,243.8200,-1.4401,1.4463,-2.8864,0.0077,-20.00,5.7500,30,eod
DE,Long,2025-10-17T14:00:00+00:00,2025-10-17T19:45:00+00:00,456.8300,458.7700,-2.3675,1.4463,-3.8137,0.0076,11.00,5.7500,30,eod
ADBE,Long,2025-10-20T14:00:00+00:00,2025-10-20T19:45:00+00:00,339.4200,343.9800,2.4441,1.1483,1.2958,0.0049,15.00,5.7500,30,eod
SLB,Long,2025-10-20T14:00:00+00:00,2025-10-20T19:45:00+00:00,32.7300,33.4100,-3.7921,1.1483,-4.9404,0.0055,158.00,5.7500,30,eod
T,Short,2025-10-20T14:00:00+00:00,2025-10-20T19:45:00+00:00,26.2100,26.0500,-1.5249,1.1483,-2.6733,0.0030,-198.00,5.7500,30,eod
GE,Short,2025-10-21T14:00:00+00:00,2025-10-21T19:45:00+00:00,307.5200,306.7500,-3.3627,-1.1264,-2.2363,0.0060,-17.00,5.7500,30,eod
GE,Long,2025-10-21T14:15:00+00:00,2025-10-21T19:45:00+00:00,305.8000,306.7500,-3.8630,-0.0861,-3.7769,0.0067,17.00,5.5000,45,eod
HD,Long,2025-10-21T14:00:00+00:00,2025-10-21T19:45:00+00:00,389.5600,391.2000,1.7208,-1.1264,2.8472,0.0050,13.00,5.7500,30,eod
SBUX,Short,2025-10-21T14:00:00+00:00,2025-10-21T19:45:00+00:00,84.7500,86.4000,2.0487,-1.1264,3.1751,0.0056,-62.00,5.7500,30,eod
NFLX,Short,2025-10-22T14:00:00+00:00,2025-10-22T18:20:00+00:00,113.3200,112.3000,-1.3226,1.2568,-2.5794,0.0052,-46.00,4.3333,30,reversal
MSFT,Long,2025-10-22T14:00:00+00:00,2025-10-22T19:45:00+00:00,523.8000,520.7300,2.5813,1.2568,1.3246,0.0027,10.00,5.7500,30,eod
T,Short,2025-10-22T14:00:00+00:00,2025-10-22T19:45:00+00:00,25.3600,25.6300,5.4791,1.2568,4.2223,0.0048,-206.00,5.7500,30,eod
TSLA,Long,2025-10-23T15:10:00+00:00,2025-10-23T19:45:00+00:00,429.1600,448.5800,2.8149,1.6618,1.1531,0.0108,12.00,4.5833,100,eod
CAT,Short,2025-10-23T14:00:00+00:00,2025-10-23T19:45:00+00:00,514.6200,521.2500,-0.7986,2.1638,-2.9624,0.0060,-10.00,5.7500,30,eod
T,Long,2025-10-23T14:00:00+00:00,2025-10-23T19:45:00+00:00,25.0800,24.5900,-2.6652,2.1638,-4.8290,0.0056,208.00,5.7500,30,eod
QCOM,Short,2025-10-24T14:00:00+00:00,2025-10-24T19:45:00+00:00,170.4800,169.7700,-1.5387,0.4267,-1.9653,0.0057,-30.00,5.7500,30,eod
TXN,Long,2025-10-24T14:00:00+00:00,2025-10-24T19:45:00+00:00,171.0900,169.3400,-2.6366,0.4267,-3.0633,0.0043,30.00,5.7500,30,eod
GOOGL,Long,2025-10-24T14:00:00+00:00,2025-10-24T19:45:00+00:00,260.8100,260.0400,2.7933,0.4267,2.3666,0.0045,20.00,5.7500,30,eod
GE,Long,2025-10-27T14:10:00+00:00,2025-10-27T14:40:00+00:00,310.0700,308.7300,1.8017,0.5788,1.2228,0.0058,16.00,0.5000,40,reversal
MU,Long,2025-10-27T14:00:00+00:00,2025-10-27T19:45:00+00:00,218.3800,220.1800,-2.5046,0.7263,-3.2309,0.0088,23.00,5.7500,30,eod
QCOM,Short,2025-10-27T14:00:00+00:00,2025-10-27T19:45:00+00:00,178.2100,187.3500,5.4840,0.7263,4.7577,0.0085,-29.00,5.7500,30,eod
CVX,Short,2025-10-27T14:00:00+00:00,2025-10-27T19:45:00+00:00,155.3100,155.5300,-1.4275,0.7263,-2.1539,0.0042,-33.00,5.7500,30,eod
PYPL,Short,2025-10-28T14:00:00+00:00,2025-10-28T17:40:00+00:00,77.9100,76.0800,4.5857,-0.0144,4.6001,0.0067,-65.00,3.6667,30,reversal
TSLA,Long,2025-10-28T14:00:00+00:00,2025-10-28T19:45:00+00:00,459.7000,459.1300,2.0234,-0.0144,2.0378,0.0080,11.00,5.7500,30,eod
GOOGL,Short,2025-10-28T14:00:00+00:00,2025-10-28T19:45:00+00:00,267.7000,267.9300,-1.9598,-0.0144,-1.9454,0.0046,-19.00,5.7500,30,eod
AAPL,Long,2025-10-29T14:00:00+00:00,2025-10-29T14:35:00+00:00,271.1600,269.7700,2.1502,0.1562,1.9940,0.0026,18.00,0.5833,30,reversal
AMZN,Short,2025-10-29T14:00:00+00:00,2025-10-29T15:15:00+00:00,228.2300,230.6900,-2.8366,0.1562,-2.9928,0.0042,-22.00,1.2500,30,reversal
ADBE,Long,2025-10-29T14:00:00+00:00,2025-10-29T19:45:00+00:00,342.4700,338.7500,-3.3361,0.1562,-3.4923,0.0043,15.00,5.7500,30,eod
CAT,Short,2025-10-29T14:00:00+00:00,2025-10-29T19:45:00+00:00,588.8800,583.7600,3.6887,0.1562,3.5325,0.0059,-8.00,5.7500,30,eod
XOM,Short,2025-10-30T14:00:00+00:00,2025-10-30T14:55:00+00:00,115.4700,115.9800,-1.8766,1.0694,-2.9460,0.0033,-44.00,0.9167,30,reversal
CVX,Long,2025-10-30T14:00:00+00:00,2025-10-30T14:55:00+00:00,153.5600,154.8300,-2.1799,1.0694,-3.2493,0.0035,33.00,0.9167,30,reversal
CRM,Long,2025-10-30T14:00:00+00:00,2025-10-30T19:45:00+00:00,256.9900,257.6500,3.6335,1.0694,2.5642,0.0059,19.00,5.7500,30,eod
DIS,Short,2025-10-30T14:00:00+00:00,2025-10-30T19:45:00+00:00,111.6700,111.8900,4.1516,1.0694,3.0822,0.0035,-45.00,5.7500,30,eod
MSFT,Short,2025-10-31T14:00:00+00:00,2025-10-31T19:45:00+00:00,517.4100,517.6400,-3.7949,-1.5363,-2.2586,0.0041,-9.00,5.7500,30,eod
CVX,Short,2025-10-31T14:00:00+00:00,2025-10-31T19:45:00+00:00,158.3600,158.5000,3.2643,-1.5363,4.8006,0.0044,-32.00,5.7500,30,eod
MPC,Long,2025-10-31T14:00:00+00:00,2025-10-31T19:45:00+00:00,195.6500,195.2900,1.4389,-1.5363,2.9752,0.0044,26.00,5.7500,30,eod
COIN,Long,2025-11-03T15:00:00+00:00,2025-11-03T18:25:00+00:00,337.0400,329.7500,0.7699,-2.0655,2.8354,0.0119,15.00,3.4167,30,reversal
TSLA,Short,2025-11-03T15:00:00+00:00,2025-11-03T20:45:00+00:00,471.0500,469.5600,3.4520,-2.0655,5.5175,0.0094,-10.00,5.7500,30,eod
LIN,Short,2025-11-03T15:00:00+00:00,2025-11-03T20:45:00+00:00,412.3000,410.9300,-4.1007,-2.0655,-2.0351,0.0038,-12.00,5.7500,30,eod
PFE,Long,2025-11-04T15:00:00+00:00,2025-11-04T15:40:00+00:00,24.9400,24.7000,4.2117,2.9427,1.2690,0.0045,203.00,0.6667,30,reversal
NFLX,Short,2025-11-04T15:00:00+00:00,2025-11-04T17:20:00+00:00,109.2600,109.4900,-0.0322,2.9427,-2.9748,0.0057,-46.00,2.3333,30,reversal
LOW,Long,2025-11-04T15:00:00+00:00,2025-11-04T17:20:00+00:00,234.5700,236.5200,-1.8396,2.9427,-4.7823,0.0040,21.00,2.3333,30,reversal
MPC,Short,2025-11-04T17:05:00+00:00,2025-11-04T20:45:00+00:00,182.9600,185.2500,3.4641,0.4460,3.0181,0.0079,-27.00,3.6667,155,eod
GOOGL,Long,2025-11-05T15:10:00+00:00,2025-11-05T15:25:00+00:00,283.7200,283.1400,3.0646,2.0617,1.0029,0.0068,17.00,0.2500,40,reversal
SCHW,Short,2025-11-05T15:00:00+00:00,2025-11-05T20:45:00+00:00,93.2300,93.7600,-0.8151,2.1248,-2.9399,0.0055,-53.00,5.7500,30,eod
HD,Long,2025-11-05T15:00:00+00:00,2025-11-05T20:45:00+00:00,378.7600,374.2500,-2.6593,2.1248,-4.7841,0.0037,13.00,5.7500,30,eod
CRM,Short,2025-11-06T15:05:00+00:00,2025-11-06T15:45:00+00:00,240.0100,236.1500,-3.6112,-2.5956,-1.0156,0.0070,-20.00,0.6667,35,reversal
COP,Short,2025-11-06T15:00:00+00:00,2025-11-06T20:45:00+00:00,87.3800,86.0300,2.0885,-2.6611,4.7497,0.0059,-57.00,5.7500,30,eod
PFE,Long,2025-11-06T15:00:00+00:00,2025-11-06T20:45:00+00:00,24.7100,24.8700,0.3127,-2.6611,2.9739,0.0039,202.00,5.7500,30,eod
LLY,Short,2025-11-07T15:00:00+00:00,2025-11-07T15:55:00+00:00,903.6200,913.2300,-3.1342,-1.3550,-1.7792,0.0080,-5.00,0.9167,30,reversal
COP,Long,2025-11-07T15:00:00+00:00,2025-11-07T20:45:00+00:00,87.1200,86.8000,1.6151,-1.3550,2.9701,0.0060,57.00,5.7500,30,eod
SBUX,Short,2025-11-07T15:00:00+00:00,2025-11-07T20:45:00+00:00,84.8000,85.6900,3.4764,-1.3550,4.8314,0.0083,-59.00,5.7500,30,eod
XOM,Short,2025-11-10T15:00:00+00:00,2025-11-10T16:00:00+00:00,115.7100,116.8400,-2.2088,0.7790,-2.9878,0.0048,-43.00,1.0000,30,reversal
LLY,Long,2025-11-10T15:00:00+00:00,2025-11-10T18:50:00+00:00,978.9800,964.2500,2.4806,0.7790,1.7016,0.0096,5.00,3.8333,30,reversal
TXN,Long,2025-11-10T15:00:00+00:00,2025-11-10T20:45:00+00:00,159.4700,160.6400,-3.8580,0.7790,-4.6370,0.0044,31.00,5.7500,30,eod
TXN,Long,2025-11-11T15:00:00+00:00,2025-11-11T18:00:00+00:00,161.6600,160.2300,1.8436,-0.2286,2.0722,0.0048,30.00,3.0000,30,reversal
MU,Short,2025-11-11T15:00:00+00:00,2025-11-11T20:45:00+00:00,244.0100,241.6400,-1.6532,-0.2286,-1.4246,0.0114,-20.00,5.7500,30,eod
NKE,Short,2025-11-11T15:00:00+00:00,2025-11-11T20:45:00+00:00,62.7900,63.1400,4.1867,-0.2286,4.4153,0.0049,-79.00,5.7500,30,eod
META,Short,2025-11-12T15:00:00+00:00,2025-11-12T20:45:00+00:00,618.1300,608.9500,-1.8026,-0.6198,-1.1828,0.0067,-8.00,5.7500,30,eod
GE,Long,2025-11-12T15:00:00+00:00,2025-11-12T20:45:00+00:00,309.3100,309.3500,2.1315,-0.6198,2.7513,0.0062,16.00,5.7500,30,eod
UNH,Short,2025-11-12T15:00:00+00:00,2025-11-12T20:45:00+00:00,341.7200,340.7100,3.8060,-0.6198,4.4258,0.0088,-14.00,5.7500,30,eod
GE,Short,2025-11-13T15:00:00+00:00,2025-11-13T17:50:00+00:00,305.5100,305.7300,-2.5661,-1.1472,-1.4189,0.0069,-16.00,2.8333,30,reversal
LIN,Long,2025-11-13T15:00:00+00:00,2025-11-13T20:45:00+00:00,425.1500,428.0200,1.7476,-1.1472,2.8948,0.0048,11.00,5.7500,30,eod
PFE,Short,2025-11-13T15:00:00+00:00,2025-11-13T20:45:00+00:00,26.3900,25.7500,3.7543,-1.1472,4.9016,0.0055,-188.00,5.7500,30,eod
MU,Long,2025-11-14T15:00:00+00:00,2025-11-14T15:10:00+00:00,247.7700,245.2500,3.7288,2.7095,1.0193,0.0144,20.00,0.1667,30,reversal
TXN,Short,2025-11-14T15:00:00+00:00,2025-11-14T20:45:00+00:00,158.8200,158.7300,0.1803,2.7095,-2.5292,0.0038,-31.00,5.7500,30,eod
LOW,Long,2025-11-14T15:00:00+00:00,2025-11-14T20:45:00+00:00,227.5000,227.1800,-3.7274,2.7095,-6.4369,0.0049,22.00,5.7500,30,eod
AMZN,Short,2025-11-17T15:00:00+00:00,2025-11-17T16:25:00+00:00,230.0200,232.4200,-2.2020,0.2442,-2.4461,0.0075,-21.00,1.4167,30,reversal
TSLA,Long,2025-11-17T15:00:00+00:00,2025-11-17T20:45:00+00:00,414.6200,408.2100,1.8271,0.2442,1.5829,0.0130,12.00,5.7500,30,eod
LIN,Long,2025-11-18T15:00:00+00:00,2025-11-18T16:30:00+00:00,418.1100,415.7800,0.1515,-2.5451,2.6966,0.0051,11.00,1.5000,30,reversal
MSFT,Short,2025-11-18T16:10:00+00:00,2025-11-18T20:45:00+00:00,488.9400,494.3100,-2.3784,-1.3697,-1.0087,0.0091,-10.00,4.5833,100,eod
NFLX,Short,2025-11-18T15:00:00+00:00,2025-11-18T20:45:00+00:00,111.4100,114.3700,1.9634,-2.5451,4.5086,0.0044,-44.00,5.7500,30,eod
CVX,Short,2025-11-19T15:00:00+00:00,2025-11-19T16:30:00+00:00,150.3100,151.2800,-0.7370,2.1332,-2.8702,0.0049,-32.00,1.5000,30,reversal
LOW,Short,2025-11-19T17:30:00+00:00,2025-11-19T20:20:00+00:00,232.3400,229.3500,2.7988,-0.3754,3.1742,0.0068,-20.00,2.8333,180,reversal
AVGO,Long,2025-11-19T15:00:00+00:00,2025-11-19T20:45:00+00:00,358.4700,354.1300,3.6265,2.1332,1.4933,0.0159,13.00,5.7500,30,eod
HD,Long,2025-11-19T15:00:00+00:00,2025-11-19T20:45:00+00:00,334.0800,333.8100,-2.1281,2.1332,-4.2613,0.0058,14.00,5.7500,30,eod
NFLX,Short,2025-11-20T15:00:00+00:00,2025-11-20T16:10:00+00:00,108.6100,109.3600,-2.3451,0.6219,-2.9670,0.0053,-44.00,1.1667,30,reversal
COP,Short,2025-11-20T16:10:00+00:00,2025-11-20T20:45:00+00:00,90.3400,87.5700,2.1352,-1.0292,3.1644,0.0083,-53.00,4.5833,100,eod
SBUX,Long,2025-11-20T15:05:00+00:00,2025-11-20T20:45:00+00:00,84.5000,82.9700,1.4721,0.0700,1.4021,0.0075,57.00,5.6667,35,eod
GS,Short,2025-11-21T15:00:00+00:00,2025-11-21T20:45:00+00:00,762.1600,775.7400,-2.3565,-0.6600,-1.6965,0.0082,-6.00,5.7500,30,eod
LOW,Long,2025-11-21T15:00:00+00:00,2025-11-21T20:45:00+00:00,232.9400,235.9400,1.7403,-0.6600,2.4003,0.0055,20.00,5.7500,30,eod
LOW,Short,2025-11-21T15:05:00+00:00,2025-11-21T20:45:00+00:00,233.6800,235.9400,2.4145,-0.6178,3.0322,0.0053,-20.00,5.6667,35,eod
FCX,Long,2025-11-24T15:00:00+00:00,2025-11-24T16:45:00+00:00,40.8800,40.7000,2.0237,0.3871,1.6365,0.0084,117.00,1.7500,30,reversal
LOW,Short,2025-11-24T15:00:00+00:00,2025-11-24T20:45:00+00:00,230.3900,228.8000,-1.8665,0.3871,-2.2536,0.0057,-20.00,5.7500,30,eod
SLB,Short,2025-11-25T15:00:00+00:00,2025-11-25T20:45:00+00:00,35.1900,35.9100,-2.7035,-1.2328,-1.4708,0.0063,-136.00,5.7500,30,eod
HD,Long,2025-11-25T15:00:00+00:00,2025-11-25T20:45:00+00:00,343.8500,352.6900,1.4964,-1.2328,2.7291,0.0066,14.00,5.7500,30,eod
LOW,Short,2025-11-25T15:00:00+00:00,2025-11-25T20:45:00+00:00,234.9900,238.5300,2.8599,-1.2328,4.0926,0.0065,-20.00,5.7500,30,eod
DE,Short,2025-11-26T15:00:00+00:00,2025-11-26T15:45:00+00:00,480.3700,470.3100,3.7759,-0.4736,4.2495,0.0046,-9.00,0.7500,30,reversal
MU,Short,2025-11-26T15:00:00+00:00,2025-11-26T20:45:00+00:00,227.0500,231.8600,-1.6095,-0.4736,-1.1359,0.0153,-21.00,5.7500,30,eod
CVX,Long,2025-11-26T15:00:00+00:00,2025-11-26T20:45:00+00:00,149.1900,149.6000,1.1010,-0.4736,1.5747,0.0044,32.00,5.7500,30,eod
COP,Short,2025-11-28T15:00:00+00:00,2025-12-01T14:30:00+00:00,88.7400,89.4300,3.2187,-0.2682,3.4869,0.0050,-53.00,71.5000,30,reversal
SLB,Long,2025-11-28T15:00:00+00:00,2025-12-01T14:30:00+00:00,36.1800,36.5100,1.9861,-0.2682,2.2543,0.0071,132.00,71.5000,30,reversal
GOOGL,Short,2025-11-28T15:00:00+00:00,2025-12-01T20:45:00+00:00,318.1100,315.9200,-2.2396,-0.2682,-1.9714,0.0110,-15.00,77.7500,30,eod
COP,Long,2025-12-01T15:00:00+00:00,2025-12-01T20:45:00+00:00,90.6500,90.3000,2.5993,0.4476,2.1517,0.0052,52.00,5.7500,30,eod
PYPL,Short,2025-12-01T15:00:00+00:00,2025-12-01T20:45:00+00:00,63.1400,62.7500,3.4633,0.4476,3.0157,0.0046,-75.00,5.7500,30,eod
COP,Short,2025-12-02T15:00:00+00:00,2025-12-02T16:25:00+00:00,88.7400,89.3400,-1.8788,0.9114,-2.7902,0.0055,-54.00,1.4167,30,reversal
ADBE,Long,2025-12-02T15:35:00+00:00,2025-12-02T20:45:00+00:00,321.4400,323.2800,1.3480,0.2405,1.1076,0.0053,14.00,5.1667,65,eod
CVX,Long,2025-12-02T15:00:00+00:00,2025-12-02T20:45:00+00:00,149.6600,150.2700,-2.6434,0.9114,-3.5548,0.0045,32.00,5.7500,30,eod
TXN,Long,2025-12-03T15:00:00+00:00,2025-12-03T15:45:00+00:00,179.3400,178.2000,3.1290,0.8000,2.3290,0.0039,26.00,0.7500,30,reversal
NFLX,Short,2025-12-03T15:00:00+00:00,2025-12-03T20:45:00+00:00,103.1300,103.7100,-2.1958,0.8000,-2.9957,0.0062,-46.00,5.7500,30,eod
UNH,Short,2025-12-03T18:30:00+00:00,2025-12-03T20:45:00+00:00,339.1300,340.6500,4.0900,0.8361,3.2538,0.0101,-14.00,2.2500,240,eod
LLY,Long,2025-12-03T15:00:00+00:00,2025-12-03T20:45:00+00:00,1028.2000,1033.0500,-2.5659,0.8000,-3.3659,0.0080,4.00,5.7500,30,eod
DE,Short,2025-12-04T15:00:00+00:00,2025-12-04T16:15:00+00:00,478.7300,482.1700,-1.7995,0.0000,-1.7995,0.0043,-9.00,1.2500,30,reversal
META,Long,2025-12-04T15:00:00+00:00,2025-12-04T18:05:00+00:00,666.7700,662.5300,1.0464,0.0000,1.0464,0.0069,7.00,3.0833,30,reversal
XOM,Long,2025-12-04T15:40:00+00:00,2025-12-04T20:45:00+00:00,117.0600,116.8900,-2.5981,0.4698,-3.0679,0.0037,40.00,5.0833,70,eod
NFLX,Long,2025-12-05T15:00:00+00:00,2025-12-05T16:55:00+00:00,102.8400,100.1900,3.1945,0.4710,2.7236,0.0076,46.00,1.9167,30,reversal
GE,Short,2025-12-05T15:00:00+00:00,2025-12-05T20:45:00+00:00,288.8900,283.5500,-0.7923,0.4710,-1.2633,0.0080,-16.00,5.7500,30,eod
BAC,Short,2025-12-05T15:00:00+00:00,2025-12-05T20:45:00+00:00,54.8100,53.9100,3.5072,0.4710,3.0363,0.0044,-86.00,5.7500,30,eod
T,Short,2025-12-08T15:00:00+00:00,2025-12-08T15:55:00+00:00,24.8600,24.8900,-2.2772,-0.6095,-1.6677,0.0052,-190.00,0.9167,30,reversal
MPC,Short,2025-12-08T15:00:00+00:00,2025-12-08T20:45:00+00:00,191.1200,189.6200,2.6338,-0.6095,3.2433,0.0061,-24.00,5.7500,30,eod
GE,Long,2025-12-08T15:00:00+00:00,2025-12-08T20:45:00+00:00,288.1900,286.4100,1.9438,-0.6095,2.5533,0.0083,16.00,5.7500,30,eod
XOM,Long,2025-12-09T15:00:00+00:00,2025-12-09T15:40:00+00:00,120.1800,118.6900,2.6269,0.5584,2.0685,0.0054,39.00,0.6667,30,reversal
T,Short,2025-12-09T15:00:00+00:00,2025-12-09T20:45:00+00:00,24.5400,24.5300,-2.3956,0.5584,-2.9540,0.0062,-193.00,5.7500,30,eod
T,Long,2025-12-09T15:05:00+00:00,2025-12-09T20:45:00+00:00,24.5100,24.5300,-2.5266,0.7274,-3.2540,0.0064,193.00,5.6667,35,eod
DE,Short,2025-12-10T15:00:00+00:00,2025-12-10T15:45:00+00:00,455.9100,460.2200,-1.8579,0.1040,-1.9618,0.0057,-10.00,0.7500,30,reversal
TXN,Long,2025-12-10T15:00:00+00:00,2025-12-10T19:40:00+00:00,180.0600,179.5700,2.5109,0.1040,2.4069,0.0047,26.00,4.6667,30,reversal
QCOM,Short,2025-12-10T15:15:00+00:00,2025-12-10T20:45:00+00:00,179.1100,182.6300,3.7948,0.3805,3.4143,0.0050,-26.00,5.5000,45,eod
MPC,Long,2025-12-10T15:15:00+00:00,2025-12-10T20:45:00+00:00,188.9400,192.1000,-2.9116,0.3805,-3.2921,0.0045,24.00,5.5000,45,eod
AAPL,Short,2025-12-11T15:00:00+00:00,2025-12-11T16:30:00+00:00,274.6900,276.7900,-3.0446,-1.6867,-1.3579,0.0041,-17.00,1.5000,30,reversal
HD,Long,2025-12-11T15:00:00+00:00,2025-12-11T18:40:00+00:00,359.0000,358.5000,1.2711,-1.6867,2.9578,0.0058,13.00,3.6667,30,reversal
META,Short,2025-12-11T15:00:00+00:00,2025-12-11T20:45:00+00:00,651.9400,651.0200,2.3519,-1.6867,4.0386,0.0055,-7.00,5.7500,30,eod
GOOGL,Long,2025-12-11T18:20:00+00:00,2025-12-11T20:45:00+00:00,310.6300,312.1000,-2.8709,0.4334,-3.3043,0.0092,15.00,2.4167,230,eod
CAT,Short,2025-12-12T20:20:00+00:00,2025-12-12T20:45:00+00:00,601.7400,599.5400,-2.5909,-1.5800,-1.0108,0.0142,-7.00,0.4167,350,eod
GE,Short,2025-12-12T15:00:00+00:00,2025-12-12T20:45:00+00:00,300.4600,300.1600,2.2362,-1.2780,3.5142,0.0079,-15.00,5.7500,30,eod
T,Long,2025-12-12T15:00:00+00:00,2025-12-12T20:45:00+00:00,24.7000,24.5800,1.4094,-1.2780,2.6874,0.0064,189.00,5.7500,30,eod
CRM,Short,2025-12-15T15:00:00+00:00,2025-12-15T15:30:00+00:00,255.1500,253.9800,-3.7118,-1.9369,-1.7748,0.0053,-18.00,0.5000,30,reversal
LLY,Long,2025-12-15T15:00:00+00:00,2025-12-15T20:45:00+00:00,1051.6500,1058.0100,0.7618,-1.9369,2.6987,0.0074,4.00,5.7500,30,eod
PFE,Short,2025-12-15T15:00:00+00:00,2025-12-15T20:45:00+00:00,26.2500,26.5100,2.7811,-1.9369,4.7180,0.0042,-177.00,5.7500,30,eod
TSLA,Long,2025-12-16T15:00:00+00:00,2025-12-16T20:45:00+00:00,478.8400,489.6200,2.8067,0.9607,1.8460,0.0089,9.00,5.7500,30,eod
TSLA,Short,2025-12-16T19:45:00+00:00,2025-12-16T20:45:00+00:00,484.0600,489.6200,3.3011,0.2642,3.0369,0.0110,-9.00,1.0000,315,eod
CVX,Short,2025-12-16T15:00:00+00:00,2025-12-16T20:45:00+00:00,147.1300,146.9200,-1.5868,0.9607,-2.5475,0.0043,-31.00,5.7500,30,eod
PFE,Long,2025-12-16T15:00:00+00:00,2025-12-16T20:45:00+00:00,25.7000,25.4700,-3.1885,0.9607,-4.1492,0.0053,181.00,5.7500,30,eod
AVGO,Short,2025-12-17T15:00:00+00:00,2025-12-17T16:15:00+00:00,334.1500,324.0400,-2.3029,-1.1934,-1.1096,0.0082,-13.00,1.2500,30,reversal
CRM,Long,2025-12-17T15:00:00+00:00,2025-12-17T20:45:00+00:00,260.0900,259.2200,1.5464,-1.1934,2.7397,0.0058,17.00,5.7500,30,eod
PYPL,Short,2025-12-17T15:00:00+00:00,2025-12-17T20:45:00+00:00,62.0400,60.4200,2.0816,-1.1934,3.2750,0.0064,-74.00,5.7500,30,eod
MU,Short,2025-12-18T15:00:00+00:00,2025-12-18T20:45:00+00:00,253.8300,251.3800,-2.7325,-0.0064,-2.7261,0.0094,-18.00,5.7500,30,eod
MU,Long,2025-12-18T15:05:00+00:00,2025-12-18T20:45:00+00:00,251.7700,251.3800,-3.6971,-0.5437,-3.1534,0.0091,18.00,5.6667,35,eod
MSFT,Long,2025-12-18T15:00:00+00:00,2025-12-18T20:45:00+00:00,484.2100,485.4300,2.4088,-0.0064,2.4152,0.0030,9.00,5.7500,30,eod
MSFT,Short,2025-12-18T15:05:00+00:00,2025-12-18T20:45:00+00:00,485.1400,485.4300,2.6709,-0.5437,3.2146,0.0034,-9.00,5.6667,35,eod
AMD,Long,2025-12-19T15:00:00+00:00,2025-12-19T20:45:00+00:00,211.7500,214.8700,3.5892,1.5790,2.0102,0.0075,22.00,5.7500,30,eod
CRM,Long,2025-12-19T15:00:00+00:00,2025-12-19T20:45:00+00:00,257.1000,257.9600,-1.6062,1.5790,-3.1851,0.0062,18.00,5.7500,30,eod
LOW,Short,2025-12-19T15:00:00+00:00,2025-12-19T20:45:00+00:00,243.4000,243.2000,-1.2404,1.5790,-2.8194,0.0061,-19.00,5.7500,30,eod
SBUX,Long,2025-12-22T15:00:00+00:00,2025-12-22T17:20:00+00:00,88.0900,87.4400,1.6596,0.0062,1.6534,0.0044,53.00,2.3333,30,reversal
MPC,Short,2025-12-22T15:00:00+00:00,2025-12-22T20:45:00+00:00,167.8900,165.4500,-2.0165,0.0062,-2.0226,0.0061,-28.00,5.7500,30,eod
SLB,Short,2025-12-23T15:00:00+00:00,2025-12-23T20:45:00+00:00,38.1300,38.1500,-2.3977,-1.0502,-1.3475,0.0066,-124.00,5.7500,30,eod
JPM,Long,2025-12-23T15:00:00+00:00,2025-12-23T20:45:00+00:00,324.5900,325.4200,1.1723,-1.0502,2.2225,0.0031,14.00,5.7500,30,eod
MU,Long,2025-12-24T15:00:00+00:00,2025-12-26T14:30:00+00:00,287.1300,286.8600,1.7216,-0.0846,1.8062,0.0124,16.00,47.5000,30,reversal
NKE,Short,2025-12-24T15:00:00+00:00,2025-12-26T14:30:00+00:00,60.4800,60.2400,2.9529,-0.0846,3.0375,0.0058,-78.00,47.5000,30,reversal
TSLA,Short,2025-12-24T15:00:00+00:00,2025-12-26T14:35:00+00:00,480.6400,487.2400,-1.1789,-0.0846,-1.0944,0.0086,-9.00,47.5833,30,reversal
JPM,Short,2025-12-26T15:05:00+00:00,2025-12-26T20:45:00+00:00,328.3500,327.3900,-1.9556,-0.5350,-1.4206,0.0035,-14.00,5.6667,35,eod
UNH,Long,2025-12-26T15:00:00+00:00,2025-12-26T20:45:00+00:00,329.3000,330.9500,1.4902,-0.6324,2.1226,0.0050,14.00,5.7500,30,eod
AMZN,Long,2025-12-29T15:00:00+00:00,2025-12-29T20:45:00+00:00,232.3600,232.2600,1.2871,-0.1990,1.4861,0.0037,20.00,5.7500,30,eod
BAC,Short,2025-12-29T15:00:00+00:00,2025-12-29T20:45:00+00:00,55.7900,55.3400,-2.9821,-0.1990,-2.7831,0.0022,-84.00,5.7500,30,eod
BAC,Long,2025-12-29T15:05:00+00:00,2025-12-29T20:45:00+00:00,55.7200,55.3400,-3.6775,-0.6548,-3.0227,0.0021,84.00,5.6667,35,eod
UNH,Long,2025-12-30T15:00:00+00:00,2025-12-30T16:55:00+00:00,335.7900,331.6000,2.2745,0.2408,2.0338,0.0054,14.00,1.9167,30,reversal
MPC,Short,2025-12-30T15:00:00+00:00,2025-12-30T20:30:00+00:00,163.4800,164.6500,-1.3658,0.2408,-1.6066,0.0053,-28.00,5.5000,30,reversal
NVDA,Short,2025-12-31T15:00:00+00:00,2025-12-31T16:00:00+00:00,188.7100,188.5700,-2.1094,-0.9776,-1.1318,0.0037,-24.00,1.0000,30,reversal
AMD,Long,2025-12-31T15:00:00+00:00,2025-12-31T20:45:00+00:00,216.5700,214.6200,0.7130,-0.9776,1.6906,0.0083,21.00,5.7500,30,eod
NKE,Short,2025-12-31T16:20:00+00:00,2025-12-31T20:45:00+00:00,63.4000,63.9000,2.3279,-0.9064,3.2342,0.0082,-73.00,4.4167,110,eod
AAPL,Long,2026-01-02T15:00:00+00:00,2026-01-02T17:15:00+00:00,277.1800,269.9300,3.5282,0.9999,2.5283,0.0041,16.00,2.2500,30,reversal
MSFT,Long,2026-01-02T15:00:00+00:00,2026-01-02T20:45:00+00:00,478.9500,471.3300,-2.8268,0.9999,-3.8266,0.0032,9.00,5.7500,30,eod
ADBE,Short,2026-01-02T15:00:00+00:00,2026-01-02T20:45:00+00:00,341.1200,334.2400,-1.9567,0.9999,-2.9565,0.0071,-13.00,5.7500,30,eod
LLY,Short,2026-01-02T15:05:00+00:00,2026-01-02T20:45:00+00:00,1067.6400,1077.5100,3.4179,0.3798,3.0382,0.0037,-4.00,5.6667,35,eod
SLB,Short,2026-01-05T15:00:00+00:00,2026-01-05T15:20:00+00:00,43.0800,43.8300,-1.3974,0.8539,-2.2513,0.0059,-106.00,0.3333,30,reversal
CVX,Long,2026-01-05T15:00:00+00:00,2026-01-05T16:40:00+00:00,159.6400,164.2400,-5.7289,0.8539,-6.5828,0.0042,28.00,1.6667,30,reversal
AMZN,Long,2026-01-05T15:00:00+00:00,2026-01-05T20:45:00+00:00,231.5300,232.8600,3.7041,0.8539,2.8502,0.0040,19.00,5.7500,30,eod
GS,Short,2026-01-05T15:00:00+00:00,2026-01-05T20:45:00+00:00,953.8300,952.4800,5.2043,0.8539,4.3504,0.0042,-4.00,5.7500,30,eod
MSFT,Short,2026-01-06T15:00:00+00:00,2026-01-06T17:55:00+00:00,471.2600,475.6000,-1.0552,1.8348,-2.8900,0.0035,-9.00,2.9167,30,reversal
TXN,Long,2026-01-06T15:00:00+00:00,2026-01-06T20:45:00+00:00,188.6000,191.7000,3.8356,1.8348,2.0008,0.0043,24.00,5.7500,30,eod
CVX,Long,2026-01-06T15:00:00+00:00,2026-01-06T20:45:00+00:00,160.6300,157.1400,-3.3069,1.8348,-5.1417,0.0052,28.00,5.7500,30,eod
DE,Short,2026-01-06T15:00:00+00:00,2026-01-06T20:45:00+00:00,480.4600,486.8700,7.4292,1.8348,5.5944,0.0038,-9.00,5.7500,30,eod
GOOGL,Long,2026-01-07T15:00:00+00:00,2026-01-07T16:45:00+00:00,320.2100,319.5600,2.3424,0.4099,1.9324,0.0054,14.00,1.7500,30,reversal
QCOM,Long,2026-01-07T15:00:00+00:00,2026-01-07T20:45:00+00:00,179.1400,178.7800,-3.9657,0.4099,-4.3756,0.0055,25.00,5.7500,30,eod
BAC,Short,2026-01-07T15:00:00+00:00,2026-01-07T20:45:00+00:00,56.0700,55.6100,-2.5661,0.4099,-2.9760,0.0034,-81.00,5.7500,30,eod
LLY,Short,2026-01-07T15:00:00+00:00,2026-01-07T20:45:00+00:00,1115.8800,1102.8300,3.4791,0.4099,3.0692,0.0084,-4.00,5.7500,30,eod
NVDA,Short,2026-01-08T15:05:00+00:00,2026-01-08T20:45:00+00:00,186.0700,185.0100,-2.0736,-0.6730,-1.4006,0.0055,-24.00,5.6667,35,eod
XOM,Long,2026-01-08T15:00:00+00:00,2026-01-08T20:45:00+00:00,120.2900,122.8300,0.9215,-2.0668,2.9883,0.0048,38.00,5.7500,30,eod
GE,Long,2026-01-08T16:45:00+00:00,2026-01-08T20:45:00+00:00,316.7500,313.9400,-3.4709,-0.4130,-3.0579,0.0070,14.00,4.0000,135,eod
LOW,Short,2026-01-08T15:00:00+00:00,2026-01-08T20:45:00+00:00,250.9700,255.8000,3.9649,-2.0668,6.0317,0.0055,-18.00,5.7500,30,eod
LIN,Long,2026-01-09T15:00:00+00:00,2026-01-09T15:15:00+00:00,442.9000,441.3500,2.7796,0.8333,1.9463,0.0027,10.00,0.2500,30,reversal
LIN,Short,2026-01-09T15:05:00+00:00,2026-01-09T15:15:00+00:00,442.8900,441.3500,2.4296,-0.8642,3.2938,0.0031,-10.00,0.1667,35,reversal
BAC,Short,2026-01-09T15:00:00+00:00,2026-01-09T20:45:00+00:00,55.9800,55.9100,-2.1304,0.8333,-2.9637,0.0043,-81.00,5.7500,30,eod
PYPL,Long,2026-01-09T15:00:00+00:00,2026-01-09T20:45:00+00:00,57.3800,57.5400,-2.6859,0.8333,-3.5192,0.0054,79.00,5.7500,30,eod
PFE,Short,2026-01-12T15:00:00+00:00,2026-01-12T15:20:00+00:00,25.7300,25.4200,3.4789,0.4206,3.0583,0.0045,-177.00,0.3333,30,reversal
SBUX,Long,2026-01-12T15:00:00+00:00,2026-01-12T19:25:00+00:00,89.7600,89.5600,3.0025,0.4206,2.5818,0.0078,50.00,4.4167,30,reversal
META,Short,2026-01-12T15:00:00+00:00,2026-01-12T20:45:00+00:00,646.7400,643.3000,-2.4024,0.4206,-2.8231,0.0042,-7.00,5.7500,30,eod
META,Long,2026-01-12T15:10:00+00:00,2026-01-12T20:45:00+00:00,647.7700,643.3000,-2.1852,0.9146,-3.0998,0.0039,7.00,5.5833,40,eod
COP,Long,2026-01-13T15:00:00+00:00,2026-01-13T16:55:00+00:00,97.2600,96.4200,1.1653,-1.3134,2.4787,0.0067,46.00,1.9167,30,reversal
CRM,Short,2026-01-13T15:00:00+00:00,2026-01-13T20:45:00+00:00,253.8400,240.6100,-3.8274,-1.3134,-2.5140,0.0066,-17.00,5.7500,30,eod
CRM,Long,2026-01-13T15:50:00+00:00,2026-01-13T20:45:00+00:00,248.7500,240.6100,-4.6199,-1.5693,-3.0506,0.0097,18.00,4.9167,80,eod
XOM,Short,2026-01-13T15:05:00+00:00,2026-01-13T20:45:00+00:00,125.8200,125.9100,1.1086,-1.9885,3.0971,0.0049,-36.00,5.6667,35,eod
NFLX,Short,2026-01-14T15:10:00+00:00,2026-01-14T16:00:00+00:00,89.0000,88.8900,-3.5740,-1.8974,-1.6766,0.0055,-50.00,0.8333,40,reversal
MPC,Short,2026-01-14T15:00:00+00:00,2026-01-14T20:45:00+00:00,181.3700,179.9000,3.5588,-3.9426,7.5015,0.0079,-24.00,5.7500,30,eod
LLY,Long,2026-01-14T15:00:00+00:00,2026-01-14T20:45:00+00:00,1066.2100,1070.2300,-1.0159,-3.9426,2.9267,0.0099,4.00,5.7500,30,eod
DIS,Short,2026-01-15T15:00:00+00:00,2026-01-15T19:05:00+00:00,112.7400,113.6600,-2.2351,-0.3371,-1.8980,0.0043,-40.00,4.0833,30,reversal
XOM,Long,2026-01-15T15:00:00+00:00,2026-01-15T20:45:00+00:00,130.0500,129.0200,1.9916,-0.3371,2.3286,0.0056,34.00,5.7500,30,eod
GS,Short,2026-01-15T15:00:00+00:00,2026-01-15T20:45:00+00:00,952.1800,972.8400,3.2256,-0.3371,3.5627,0.0075,-4.00,5.7500,30,eod
LLY,Long,2026-01-15T15:20:00+00:00,2026-01-15T20:45:00+00:00,1016.3100,1031.1700,-3.2468,0.1207,-3.3675,0.0116,4.00,5.4167,50,eod
META,Short,2026-01-16T15:00:00+00:00,2026-01-16T20:45:00+00:00,627.3600,621.8800,1.1487,-2.1616,3.3104,0.0062,-7.00,5.7500,30,eod
JPM,Long,2026-01-16T15:00:00+00:00,2026-01-16T20:45:00+00:00,312.2300,311.3500,0.8155,-2.1616,2.9772,0.0068,14.00,5.7500,30,eod
DIS,Short,2026-01-16T16:55:00+00:00,2026-01-16T20:45:00+00:00,111.9100,111.2200,-2.4787,-1.3992,-1.0796,0.0062,-40.00,3.8333,145,eod
AAPL,Short,2026-01-20T15:00:00+00:00,2026-01-20T20:45:00+00:00,251.5600,244.1200,-2.1893,-0.7324,-1.4569,0.0045,-17.00,5.7500,30,eod
AAPL,Long,2026-01-20T15:30:00+00:00,2026-01-20T20:45:00+00:00,251.4000,244.1200,-3.4694,0.4359,-3.9053,0.0030,17.00,5.2500,60,eod
BAC,Short,2026-01-20T15:05:00+00:00,2026-01-20T20:45:00+00:00,52.9200,52.0900,1.7276,-1.3340,3.0615,0.0062,-85.00,5.6667,35,eod
DIS,Long,2026-01-20T15:00:00+00:00,2026-01-20T20:45:00+00:00,110.0600,110.4500,2.0100,-0.7324,2.7425,0.0048,40.00,5.7500,30,eod
MU,Long,2026-01-21T16:00:00+00:00,2026-01-21T19:50:00+00:00,389.4900,391.0800,3.5517,2.5261,1.0255,0.0152,11.00,3.8333,90,reversal
LIN,Long,2026-01-21T15:00:00+00:00,2026-01-21T20:45:00+00:00,435.1400,439.7900,-1.1290,2.2089,-3.3379,0.0041,10.00,5.7500,30,eod
COIN,Short,2026-01-21T15:00:00+00:00,2026-01-21T20:45:00+00:00,228.3300,227.8900,-0.5747,2.2089,-2.7836,0.0086,-19.00,5.7500,30,eod
PYPL,Long,2026-01-22T15:00:00+00:00,2026-01-22T18:10:00+00:00,57.1400,56.9200,0.9416,-1.3746,2.3162,0.0071,78.00,3.1667,30,reversal
TXN,Short,2026-01-22T15:20:00+00:00,2026-01-22T20:45:00+00:00,195.2500,194.4500,-2.2103,-1.2008,-1.0095,0.0082,-23.00,5.4167,50,eod
FCX,Long,2026-01-22T15:00:00+00:00,2026-01-22T20:45:00+00:00,58.9200,59.1800,-5.4487,-1.3746,-4.0741,0.0071,76.00,5.7500,30,eod
PFE,Short,2026-01-22T15:00:00+00:00,2026-01-22T20:45:00+00:00,26.0400,26.0500,1.7542,-1.3746,3.1288,0.0062,-173.00,5.7500,30,eod
MSFT,Long,2026-01-23T15:00:00+00:00,2026-01-23T20:45:00+00:00,459.6700,468.5400,2.9969,1.4712,1.5258,0.0042,9.00,5.7500,30,eod
SLB,Long,2026-01-23T15:00:00+00:00,2026-01-23T20:45:00+00:00,50.1200,49.4400,-3.6717,1.4712,-5.1429,0.0058,89.00,5.7500,30,eod
CAT,Short,2026-01-23T15:00:00+00:00,2026-01-23T20:45:00+00:00,633.4300,627.6700,-1.1751,1.4712,-2.6463,0.0071,-7.00,5.7500,30,eod
MSFT,Long,2026-01-26T15:00:00+00:00,2026-01-26T20:45:00+00:00,469.4400,472.6400,2.5788,0.8415,1.7373,0.0043,9.00,5.7500,30,eod
GE,Long,2026-01-26T15:00:00+00:00,2026-01-26T20:45:00+00:00,293.0100,294.5500,-4.0139,0.8415,-4.8555,0.0042,15.00,5.7500,30,eod
LOW,Short,2026-01-26T15:00:00+00:00,2026-01-26T20:45:00+00:00,276.3100,278.1400,-1.0187,0.8415,-1.8602,0.0072,-16.00,5.7500,30,eod
GE,Long,2026-01-27T15:00:00+00:00,2026-01-27T15:40:00+00:00,299.3600,296.1400,2.5374,1.0956,1.4418,0.0048,15.00,0.6667,30,reversal
CRM,Long,2026-01-27T15:00:00+00:00,2026-01-27T20:45:00+00:00,229.7100,227.5600,-3.1211,1.0956,-4.2167,0.0069,19.00,5.7500,30,eod
COIN,Short,2026-01-27T15:00:00+00:00,2026-01-27T20:45:00+00:00,209.6000,211.4600,-1.6310,1.0956,-2.7266,0.0067,-21.00,5.7500,30,eod
TXN,Long,2026-01-28T15:00:00+00:00,2026-01-28T20:45:00+00:00,210.7500,215.7000,2.1618,0.0460,2.1158,0.0072,21.00,5.7500,30,eod
TXN,Short,2026-01-28T15:40:00+00:00,2026-01-28T20:45:00+00:00,213.1500,215.7000,2.6661,-0.5731,3.2392,0.0102,-21.00,5.0833,70,eod
SLB,Long,2026-01-28T15:05:00+00:00,2026-01-28T20:45:00+00:00,49.5700,48.8000,-3.1230,-0.0868,-3.0362,0.0061,90.00,5.6667,35,eod
GE,Short,2026-01-28T15:00:00+00:00,2026-01-28T20:45:00+00:00,293.1600,293.1100,-2.5926,0.0460,-2.6385,0.0053,-15.00,5.7500,30,eod
GOOGL,Short,2026-01-29T15:00:00+00:00,2026-01-29T16:05:00+00:00,328.6400,329.0800,-4.1279,-3.0149,-1.1129,0.0071,-13.00,1.0833,30,reversal
MU,Long,2026-01-29T15:00:00+00:00,2026-01-29T20:45:00+00:00,435.9000,434.1100,-0.1261,-3.0149,2.8888,0.0123,10.00,5.7500,30,eod
CAT,Short,2026-01-29T15:00:00+00:00,2026-01-29T20:45:00+00:00,668.0400,660.4800,2.5059,-3.0149,5.5208,0.0076,-6.00,5.7500,30,eod
UNH,Short,2026-01-30T15:05:00+00:00,2026-01-30T18:05:00+00:00,287.8800,286.8900,-1.8659,-0.0449,-1.8209,0.0082,-15.00,3.0000,35,reversal
AAPL,Short,2026-01-30T15:10:00+00:00,2026-01-30T20:45:00+00:00,258.2800,261.8000,3.5438,0.0423,3.5015,0.0047,-17.00,5.5833,40,eod
T,Long,2026-01-30T15:00:00+00:00,2026-01-30T20:45:00+00:00,25.4700,26.2000,2.0092,-0.7967,2.8059,0.0047,174.00,5.7500,30,eod
AMZN,Long,2026-02-02T15:00:00+00:00,2026-02-02T18:05:00+00:00,244.0900,244.6800,2.9030,1.5120,1.3910,0.0055,18.00,3.0833,30,reversal
NKE,Short,2026-02-02T15:00:00+00:00,2026-02-02T20:45:00+00:00,61.4000,62.2800,-1.3585,1.5120,-2.8705,0.0057,-72.00,5.7500,30,eod
COIN,Long,2026-02-02T15:00:00+00:00,2026-02-02T20:45:00+00:00,185.7100,188.4000,-2.1500,1.5120,-3.6619,0.0086,24.00,5.7500,30,eod
AVGO,Short,2026-02-03T15:00:00+00:00,2026-02-03T20:45:00+00:00,322.4100,317.9700,-3.8643,-2.1715,-1.6928,0.0097,-13.00,5.7500,30,eod
COP,Short,2026-02-03T15:00:00+00:00,2026-02-03T20:45:00+00:00,103.6900,104.9600,2.5820,-2.1715,4.7535,0.0053,-43.00,5.7500,30,eod
PFE,Long,2026-02-03T15:00:00+00:00,2026-02-03T20:45:00+00:00,25.6900,25.7700,0.7351,-2.1715,2.9067,0.0048,173.00,5.7500,30,eod
FCX,Long,2026-02-04T15:00:00+00:00,2026-02-04T15:25:00+00:00,65.5000,64.2100,1.7019,-1.1011,2.8030,0.0100,68.00,0.4167,30,reversal
GS,Short,2026-02-04T15:00:00+00:00,2026-02-04T17:20:00+00:00,910.5400,916.9700,-3.1028,-1.1011,-2.0018,0.0097,-4.00,2.3333,30,reversal
DIS,Short,2026-02-04T15:00:00+00:00,2026-02-04T20:45:00+00:00,106.0300,107.6800,3.3266,-1.1011,4.4276,0.0059,-42.00,5.7500,30,eod
CVX,Long,2026-02-05T15:00:00+00:00,2026-02-05T16:30:00+00:00,179.5300,177.8300,2.0320,-0.9316,2.9636,0.0034,24.00,1.5000,30,reversal
CRM,Short,2026-02-05T15:00:00+00:00,2026-02-05T20:45:00+00:00,192.6900,190.0000,-3.5184,-0.9316,-2.5867,0.0089,-22.00,5.7500,30,eod
DE,Short,2026-02-05T15:00:00+00:00,2026-02-05T20:45:00+00:00,573.3400,564.9700,3.0095,-0.9316,3.9411,0.0058,-7.00,5.7500,30,eod
NKE,Long,2026-02-05T16:25:00+00:00,2026-02-05T20:45:00+00:00,62.3000,62.5800,-3.8533,-0.2063,-3.6471,0.0063,70.00,4.3333,115,eod
COP,Long,2026-02-06T15:00:00+00:00,2026-02-06T16:25:00+00:00,107.1200,106.7400,2.4298,-0.4739,2.9037,0.0035,41.00,1.4167,30,reversal
META,Short,2026-02-06T15:00:00+00:00,2026-02-06T20:45:00+00:00,650.3900,660.9000,-3.4026,-0.4739,-2.9287,0.0075,-6.00,5.7500,30,eod
META,Long,2026-02-06T15:05:00+00:00,2026-02-06T20:45:00+00:00,647.8600,660.9000,-3.7053,-0.6112,-3.0941,0.0079,6.00,5.6667,35,eod
SLB,Short,2026-02-06T15:00:00+00:00,2026-02-06T20:45:00+00:00,50.5200,50.8500,2.6853,-0.4739,3.1592,0.0055,-87.00,5.7500,30,eod
COIN,Long,2026-02-09T15:00:00+00:00,2026-02-09T16:35:00+00:00,165.1700,165.2700,2.5544,0.9922,1.5622,0.0135,26.00,1.5833,30,reversal
HD,Short,2026-02-09T15:00:00+00:00,2026-02-09T20:45:00+00:00,381.0600,381.5500,-1.5904,0.9922,-2.5826,0.0046,-11.00,5.7500,30,eod
LLY,Long,2026-02-09T15:00:00+00:00,2026-02-09T20:45:00+00:00,1066.3200,1048.6000,-3.6913,0.9922,-4.6834,0.0096,4.00,5.7500,30,eod
SLB,Short,2026-02-10T15:00:00+00:00,2026-02-10T16:10:00+00:00,49.8900,50.5500,-1.8130,0.3162,-2.1292,0.0061,-88.00,1.1667,30,reversal
LIN,Long,2026-02-10T15:00:00+00:00,2026-02-10T20:45:00+00:00,460.6900,461.5200,2.3624,0.3162,2.0462,0.0028,9.00,5.7500,30,eod
SCHW,Long,2026-02-10T15:00:00+00:00,2026-02-10T20:45:00+00:00,106.1200,99.7400,-2.7098,0.3162,-3.0260,0.0036,41.00,5.7500,30,eod
NKE,Short,2026-02-10T16:25:00+00:00,2026-02-10T20:45:00+00:00,63.9800,63.1600,2.9840,-0.0788,3.0629,0.0071,-67.00,4.3333,115,eod
JPM,Short,2026-02-11T15:00:00+00:00,2026-02-11T20:45:00+00:00,320.1200,311.3700,-3.2944,-0.8903,-2.4041,0.0044,-13.00,5.7500,30,eod
SCHW,Long,2026-02-11T15:00:00+00:00,2026-02-11T20:45:00+00:00,98.2000,95.8000,-4.1745,-0.8903,-3.2842,0.0050,43.00,5.7500,30,eod
PFE,Long,2026-02-11T15:00:00+00:00,2026-02-11T20:45:00+00:00,27.5600,27.8000,1.8382,-0.8903,2.7285,0.0032,156.00,5.7500,30,eod
T,Short,2026-02-11T15:00:00+00:00,2026-02-11T20:45:00+00:00,28.0300,28.4800,4.3531,-0.8903,5.2434,0.0065,-153.00,5.7500,30,eod
SCHW,Short,2026-02-12T15:00:00+00:00,2026-02-12T16:20:00+00:00,94.5400,93.3000,-2.8881,-1.3076,-1.5804,0.0060,-45.00,1.3333,30,reversal
XOM,Long,2026-02-12T15:00:00+00:00,2026-02-12T17:55:00+00:00,154.6300,150.7500,1.5546,-1.3076,2.8622,0.0040,27.00,2.9167,30,reversal
UNH,Short,2026-02-12T15:25:00+00:00,2026-02-12T20:45:00+00:00,283.2000,283.2300,2.7328,-0.8249,3.5576,0.0059,-15.00,5.3333,55,eod
XOM,Short,2026-02-13T15:00:00+00:00,2026-02-13T20:45:00+00:00,149.8700,148.6200,-2.3422,0.2664,-2.6085,0.0047,-28.00,5.7500,30,eod
XOM,Long,2026-02-13T15:20:00+00:00,2026-02-13T20:45:00+00:00,148.9100,148.6200,-2.6279,0.4074,-3.0353,0.0066,28.00,5.4167,50,eod
CAT,Long,2026-02-13T15:00:00+00:00,2026-02-13T20:45:00+00:00,770.0900,774.5600,2.7078,0.2664,2.4415,0.0076,5.00,5.7500,30,eod
COIN,Short,2026-02-13T15:20:00+00:00,2026-02-13T20:45:00+00:00,161.2500,164.3100,3.6966,0.4074,3.2892,0.0209,-26.00,5.4167,50,eod
LLY,Long,2026-02-17T15:00:00+00:00,2026-02-17T16:15:00+00:00,1058.7400,1048.5900,1.1151,-1.7087,2.8238,0.0081,4.00,1.2500,30,reversal
COP,Short,2026-02-17T15:00:00+00:00,2026-02-17T20:45:00+00:00,108.7900,108.8000,-3.8159,-1.7087,-2.1072,0.0046,-39.00,5.7500,30,eod
GE,Short,2026-02-17T15:00:00+00:00,2026-02-17T20:45:00+00:00,321.7300,326.1900,3.2380,-1.7087,4.9468,0.0057,-13.00,5.7500,30,eod
CVX,Short,2026-02-18T15:00:00+00:00,2026-02-18T20:45:00+00:00,182.5100,183.3900,-1.0709,1.8818,-2.9527,0.0037,-23.00,5.7500,30,eod
T,Long,2026-02-18T15:00:00+00:00,2026-02-18T20:45:00+00:00,28.3600,27.9100,-1.6235,1.8818,-3.5053,0.0073,148.00,5.7500,30,eod
AVGO,Long,2026-02-19T15:00:00+00:00,2026-02-19T20:45:00+00:00,337.6100,332.6600,1.9042,0.6511,1.2531,0.0107,12.00,5.7500,30,eod
XOM,Short,2026-02-19T15:00:00+00:00,2026-02-19T20:45:00+00:00,151.3400,151.1800,-1.3467,0.6511,-1.9978,0.0052,-27.00,5.7500,30,eod
DE,Short,2026-02-19T15:00:00+00:00,2026-02-19T20:45:00+00:00,653.3800,653.8200,3.9056,0.6511,3.2545,0.0073,-6.00,5.7500,30,eod
PFE,Long,2026-02-19T15:00:00+00:00,2026-02-19T20:45:00+00:00,26.9600,26.8200,-2.9650,0.6511,-3.6161,0.0025,155.00,5.7500,30,eod
NKE,Long,2026-02-20T15:00:00+00:00,2026-02-20T15:40:00+00:00,67.6700,65.9900,4.0184,1.3178,2.7006,0.0079,61.00,0.6667,30,reversal
LLY,Short,2026-02-20T15:00:00+00:00,2026-02-20T20:45:00+00:00,1013.5500,1013.6700,-1.5240,1.3178,-2.8418,0.0087,-4.00,5.7500,30,eod
LLY,Long,2026-02-20T15:15:00+00:00,2026-02-20T20:45:00+00:00,1002.8300,1013.6700,-2.0348,1.1329,-3.1677,0.0116,4.00,5.5000,45,eod
XOM,Long,2026-02-23T15:00:00+00:00,2026-02-23T20:45:00+00:00,150.4300,150.7600,1.4060,-1.0104,2.4163,0.0054,27.00,5.7500,30,eod
JPM,Short,2026-02-23T15:00:00+00:00,2026-02-23T20:45:00+00:00,302.3000,298.3200,-3.8939,-1.0104,-2.8835,0.0070,-13.00,5.7500,30,eod
BAC,Long,2026-02-23T15:00:00+00:00,2026-02-23T20:45:00+00:00,51.8800,51.2800,-4.2552,-1.0104,-3.2448,0.0060,79.00,5.7500,30,eod
PFE,Short,2026-02-23T15:00:00+00:00,2026-02-23T20:45:00+00:00,26.8700,27.0500,2.1199,-1.0104,3.1303,0.0025,-154.00,5.7500,30,eod
GE,Long,2026-02-24T15:00:00+00:00,2026-02-24T20:45:00+00:00,336.7500,346.2200,3.2104,0.7931,2.4172,0.0056,12.00,5.7500,30,eod
T,Short,2026-02-24T15:00:00+00:00,2026-02-24T20:45:00+00:00,28.3300,28.3400,-1.9440,0.7931,-2.7372,0.0079,-145.00,5.7500,30,eod
T,Long,2026-02-24T15:20:00+00:00,2026-02-24T20:45:00+00:00,28.2900,28.3400,-1.7471,1.3211,-3.0683,0.0095,146.00,5.4167,50,eod
NFLX,Long,2026-02-25T15:10:00+00:00,2026-02-25T20:45:00+00:00,81.9200,82.9500,1.9190,0.6366,1.2825,0.0104,50.00,5.5833,40,eod
LIN,Short,2026-02-25T15:00:00+00:00,2026-02-25T20:45:00+00:00,501.5600,508.1100,-1.9523,0.9257,-2.8781,0.0047,-8.00,5.7500,30,eod
LOW,Long,2026-02-25T15:00:00+00:00,2026-02-25T20:45:00+00:00,266.2200,264.0600,-3.4735,0.9257,-4.3992,0.0070,15.00,5.7500,30,eod
CAT,Short,2026-02-26T15:00:00+00:00,2026-02-26T18:25:00+00:00,740.8200,747.2600,-3.2626,-0.8191,-2.4435,0.0090,-5.00,3.4167,30,reversal
COP,Long,2026-02-26T15:00:00+00:00,2026-02-26T20:45:00+00:00,109.5900,110.7800,1.7356,-0.8191,2.5546,0.0050,37.00,5.7500,30,eod
UNH,Short,2026-02-26T15:00:00+00:00,2026-02-26T20:45:00+00:00,293.9100,286.6300,2.9455,-0.8191,3.7646,0.0062,-14.00,5.7500,30,eod
TXN,Short,2026-02-27T15:00:00+00:00,2026-02-27T20:45:00+00:00,208.7100,210.3500,-2.4314,0.3786,-2.8100,0.0072,-20.00,5.7500,30,eod
BAC,Long,2026-02-27T15:00:00+00:00,2026-02-27T20:45:00+00:00,50.0900,49.7700,-2.6920,0.3786,-3.0705,0.0071,83.00,5.7500,30,eod
SBUX,Long,2026-02-27T15:00:00+00:00,2026-02-27T20:45:00+00:00,98.0600,98.0500,2.1648,0.3786,1.7862,0.0080,42.00,5.7500,30,eod
DE,Long,2026-03-02T15:00:00+00:00,2026-03-02T16:45:00+00:00,633.9700,629.6300,2.6060,0.4935,2.1124,0.0066,6.00,1.7500,30,reversal
XOM,Long,2026-03-02T15:25:00+00:00,2026-03-02T20:45:00+00:00,153.6100,154.7000,-2.7201,0.2971,-3.0172,0.0066,26.00,5.3333,55,eod
SLB,Short,2026-03-02T15:00:00+00:00,2026-03-02T20:45:00+00:00,51.1900,51.3600,3.7012,0.4935,3.2077,0.0088,-81.00,5.7500,30,eod
PYPL,Short,2026-03-02T15:00:00+00:00,2026-03-02T20:45:00+00:00,44.8400,45.7200,-1.6103,0.4935,-2.1039,0.0108,-92.00,5.7500,30,eod
COP,Short,2026-03-03T15:00:00+00:00,2026-03-03T15:30:00+00:00,117.3900,119.3200,-3.0596,-0.4128,-2.6468,0.0065,-35.00,0.5000,30,reversal
AAPL,Long,2026-03-03T15:00:00+00:00,2026-03-03T16:50:00+00:00,262.8900,262.6500,1.4695,-0.4128,1.8823,0.0040,15.00,1.8333,30,reversal
SLB,Long,2026-03-03T17:45:00+00:00,2026-03-03T20:45:00+00:00,49.1900,48.6300,-2.2260,0.8113,-3.0374,0.0102,83.00,3.0000,195,eod
AMZN,Long,2026-03-04T15:00:00+00:00,2026-03-04T20:45:00+00:00,214.9700,217.3400,2.3868,-0.3256,2.7125,0.0062,18.00,5.7500,30,eod
CVX,Short,2026-03-04T15:00:00+00:00,2026-03-04T20:45:00+00:00,185.2000,186.2300,-2.5785,-0.3256,-2.2528,0.0047,-21.00,5.7500,30,eod
CVX,Long,2026-03-04T16:40:00+00:00,2026-03-04T20:45:00+00:00,185.4200,186.2300,-2.1460,1.0137,-3.1597,0.0051,21.00,4.0833,130,eod
XOM,Short,2026-03-05T15:00:00+00:00,2026-03-05T18:30:00+00:00,149.8200,150.1400,-2.0330,0.7310,-2.7640,0.0079,-27.00,3.5000,30,reversal
AVGO,Long,2026-03-05T15:00:00+00:00,2026-03-05T20:45:00+00:00,335.3800,329.4100,2.7600,0.7310,2.0290,0.0106,12.00,5.7500,30,eod
MU,Long,2026-03-06T15:00:00+00:00,2026-03-06T17:35:00+00:00,387.8700,384.4100,2.3893,0.6046,1.7847,0.0086,10.00,2.5833,30,reversal
MPC,Long,2026-03-06T15:00:00+00:00,2026-03-06T20:25:00+00:00,215.4300,220.9400,-2.6955,0.6046,-3.3000,0.0078,18.00,5.4167,30,reversal
XOM,Short,2026-03-06T15:00:00+00:00,2026-03-06T20:45:00+00:00,150.1800,151.1600,-2.3787,0.6046,-2.9832,0.0089,-26.00,5.7500,30,eod
PFE,Short,2026-03-06T20:20:00+00:00,2026-03-06T20:45:00+00:00,26.9600,27.1100,3.0425,-0.1187,3.1612,0.0076,-150.00,0.4167,350,eod
AVGO,Long,2026-03-09T14:00:00+00:00,2026-03-09T19:45:00+00:00,336.1700,346.5300,1.8858,-0.1023,1.9882,0.0121,12.00,5.7500,30,eod
T,Short,2026-03-09T14:00:00+00:00,2026-03-09T19:45:00+00:00,27.5700,27.6000,-2.7109,-0.1023,-2.6086,0.0058,-146.00,5.7500,30,eod
T,Long,2026-03-09T19:20:00+00:00,2026-03-09T19:45:00+00:00,27.6600,27.6000,-1.0533,2.3089,-3.3623,0.0119,147.00,0.4167,350,eod
MPC,Long,2026-03-10T14:00:00+00:00,2026-03-10T17:15:00+00:00,216.0600,215.1200,1.4069,-0.6400,2.0470,0.0080,18.00,3.2500,30,reversal
COP,Long,2026-03-10T17:15:00+00:00,2026-03-10T19:45:00+00:00,113.1900,114.4500,-2.1965,0.8932,-3.0897,0.0078,35.00,2.5000,225,eod
UNH,Short,2026-03-10T14:00:00+00:00,2026-03-10T19:45:00+00:00,279.4100,283.0700,-3.2898,-0.6400,-2.6498,0.0071,-14.00,5.7500,30,eod
TSLA,Long,2026-03-11T14:00:00+00:00,2026-03-11T17:00:00+00:00,414.7600,407.0900,2.2184,0.5997,1.6188,0.0065,9.00,3.0000,30,reversal
COIN,Short,2026-03-11T14:00:00+00:00,2026-03-11T17:25:00+00:00,195.5600,198.6000,-2.2412,0.5997,-2.8408,0.0111,-20.00,3.4167,30,reversal
CVX,Short,2026-03-11T18:05:00+00:00,2026-03-11T19:45:00+00:00,190.3100,191.7300,2.1439,-0.8783,3.0222,0.0055,-21.00,1.6667,275,eod
AMD,Short,2026-03-12T14:00:00+00:00,2026-03-12T19:45:00+00:00,200.1300,197.6900,-2.3055,-1.2546,-1.0509,0.0060,-20.00,5.7500,30,eod
LIN,Short,2026-03-12T14:00:00+00:00,2026-03-12T19:45:00+00:00,489.1300,491.0700,2.3147,-1.2546,3.5693,0.0055,-8.00,5.7500,30,eod
SBUX,Long,2026-03-12T14:00:00+00:00,2026-03-12T19:45:00+00:00,102.2500,99.9800,1.4010,-1.2546,2.6556,0.0102,39.00,5.7500,30,eod
MU,Long,2026-03-13T14:00:00+00:00,2026-03-13T19:45:00+00:00,427.8900,425.1000,2.1552,0.7273,1.4279,0.0102,9.00,5.7500,30,eod
XOM,Short,2026-03-13T17:45:00+00:00,2026-03-13T19:45:00+00:00,155.8800,156.1800,1.5045,-1.5493,3.0539,0.0104,-25.00,2.0000,255,eod
FCX,Short,2026-03-13T14:00:00+00:00,2026-03-13T19:45:00+00:00,57.7800,56.1200,-1.5414,0.7273,-2.2687,0.0083,-68.00,5.7500,30,eod
QCOM,Short,2026-03-16T14:00:00+00:00,2026-03-16T19:45:00+00:00,129.8700,129.3900,-1.8011,0.2716,-2.0727,0.0055,-30.00,5.7500,30,eod
LOW,Long,2026-03-16T14:00:00+00:00,2026-03-16T19:45:00+00:00,243.4900,242.1000,2.1990,0.2716,1.9274,0.0052,16.00,5.7500,30,eod
CVX,Long,2026-03-17T14:00:00+00:00,2026-03-17T19:45:00+00:00,199.7200,198.2700,2.1059,0.1470,1.9589,0.0068,20.00,5.7500,30,eod
LLY,Short,2026-03-17T14:00:00+00:00,2026-03-17T19:45:00+00:00,963.3200,927.9000,-2.2452,0.1470,-2.3922,0.0065,-4.00,5.7500,30,eod
LLY,Long,2026-03-17T14:45:00+00:00,2026-03-17T19:45:00+00:00,959.7900,927.9000,-2.8320,0.2727,-3.1047,0.0064,4.00,5.0000,75,eod
PFE,Short,2026-03-17T18:30:00+00:00,2026-03-17T19:45:00+00:00,27.5900,27.5100,2.6790,-0.3411,3.0201,0.0080,-143.00,1.2500,300,eod
LLY,Short,2026-03-18T14:00:00+00:00,2026-03-18T14:50:00+00:00,908.6500,917.2000,-1.9721,-0.1163,-1.8558,0.0073,-4.00,0.8333,30,reversal
AMD,Long,2026-03-18T14:00:00+00:00,2026-03-18T19:45:00+00:00,199.6000,199.7300,2.6116,-0.1163,2.7279,0.0070,19.00,5.7500,30,eod
AMD,Short,2026-03-18T14:10:00+00:00,2026-03-18T19:45:00+00:00,199.3600,199.7300,2.5066,-0.7358,3.2424,0.0068,-19.00,5.5833,40,eod
MU,Long,2026-03-19T14:10:00+00:00,2026-03-19T19:45:00+00:00,447.6600,446.9000,3.4483,2.1998,1.2485,0.0133,8.00,5.5833,40,eod
NFLX,Long,2026-03-19T14:00:00+00:00,2026-03-19T19:45:00+00:00,93.6700,91.7800,-2.1714,2.7989,-4.9703,0.0055,41.00,5.7500,30,eod
DE,Short,2026-03-19T14:00:00+00:00,2026-03-19T19:45:00+00:00,563.2000,567.1100,-0.1881,2.7989,-2.9870,0.0058,-6.00,5.7500,30,eod
SBUX,Short,2026-03-20T14:40:00+00:00,2026-03-20T19:25:00+00:00,94.0800,92.7700,-2.3850,-1.3507,-1.0344,0.0066,-41.00,4.7500,70,reversal
DIS,Long,2026-03-20T14:00:00+00:00,2026-03-20T19:45:00+00:00,99.4800,98.9300,0.9373,-1.9844,2.9217,0.0034,39.00,5.7500,30,eod
T,Short,2026-03-20T14:00:00+00:00,2026-03-20T19:45:00+00:00,28.4400,28.3800,2.3667,-1.9844,4.3511,0.0047,-136.00,5.7500,30,eod
CAT,Long,2026-03-23T14:00:00+00:00,2026-03-23T14:20:00+00:00,708.0600,709.6900,3.7026,1.3269,2.3757,0.0046,5.00,0.3333,30,reversal
MU,Long,2026-03-23T14:00:00+00:00,2026-03-23T19:45:00+00:00,417.4100,406.0100,-1.8164,1.3269,-3.1433,0.0116,9.00,5.7500,30,eod
QCOM,Short,2026-03-23T14:00:00+00:00,2026-03-23T19:45:00+00:00,130.9100,128.8200,-1.4575,1.3269,-2.7844,0.0055,-29.00,5.7500,30,eod
PYPL,Short,2026-03-23T15:55:00+00:00,2026-03-23T19:45:00+00:00,45.1200,45.6300,2.4298,-0.8249,3.2547,0.0091,-85.00,3.8333,145,eod
TXN,Short,2026-03-24T14:00:00+00:00,2026-03-24T19:45:00+00:00,193.4700,194.7500,4.9800,-1.2359,6.2160,0.0041,-19.00,5.7500,30,eod
GOOGL,Short,2026-03-24T14:05:00+00:00,2026-03-24T19:45:00+00:00,297.4800,290.7600,-1.8165,-0.4675,-1.3490,0.0042,-12.00,5.6667,35,eod
MSFT,Long,2026-03-24T14:00:00+00:00,2026-03-24T19:45:00+00:00,374.9500,373.2100,-4.5235,-1.2359,-3.2876,0.0032,10.00,5.7500,30,eod
FCX,Long,2026-03-24T14:00:00+00:00,2026-03-24T19:45:00+00:00,55.0000,56.5600,1.6913,-1.2359,2.9273,0.0074,70.00,5.7500,30,eod
DE,Short,2026-03-25T14:00:00+00:00,2026-03-25T15:20:00+00:00,579.4300,580.9200,-2.9478,-1.1867,-1.7612,0.0047,-6.00,1.3333,30,reversal
MPC,Long,2026-03-25T14:00:00+00:00,2026-03-25T16:55:00+00:00,245.3500,241.0400,1.2693,-1.1867,2.4560,0.0101,15.00,2.9167,30,reversal
UNH,Long,2026-03-25T14:40:00+00:00,2026-03-25T19:45:00+00:00,268.7300,269.8300,-2.9416,0.3191,-3.2607,0.0064,14.00,5.0833,70,eod
XOM,Short,2026-03-26T14:00:00+00:00,2026-03-26T14:55:00+00:00,162.1500,163.1100,-1.2693,1.3342,-2.6034,0.0092,-23.00,0.9167,30,reversal
AMD,Long,2026-03-26T14:00:00+00:00,2026-03-26T19:45:00+00:00,215.7100,203.9300,-1.9745,1.3342,-3.3087,0.0079,17.00,5.7500,30,eod
QCOM,Long,2026-03-26T14:00:00+00:00,2026-03-26T19:45:00+00:00,131.8500,130.8600,3.6137,1.3342,2.2796,0.0062,29.00,5.7500,30,eod
AMZN,Short,2026-03-26T14:40:00+00:00,2026-03-26T19:45:00+00:00,211.8600,208.0200,3.1190,0.0111,3.1079,0.0050,-18.00,5.0833,70,eod
AMZN,Short,2026-03-27T14:00:00+00:00,2026-03-27T19:45:00+00:00,202.2200,199.5700,-2.0765,-0.9927,-1.0838,0.0043,-18.00,5.7500,30,eod
CVX,Short,2026-03-27T14:00:00+00:00,2026-03-27T19:45:00+00:00,210.4400,211.2900,2.2448,-0.9927,3.2375,0.0056,-18.00,5.7500,30,eod
COP,Long,2026-03-27T14:00:00+00:00,2026-03-27T19:45:00+00:00,134.1400,133.9000,1.8371,-0.9927,2.8298,0.0052,28.00,5.7500,30,eod
XOM,Short,2026-03-30T14:00:00+00:00,2026-03-30T19:45:00+00:00,174.8800,171.7000,1.1159,-2.0851,3.2010,0.0083,-21.00,5.7500,30,eod
CVX,Long,2026-03-30T14:00:00+00:00,2026-03-30T19:45:00+00:00,214.3300,210.7200,0.8571,-2.0851,2.9422,0.0058,17.00,5.7500,30,eod
CAT,Short,2026-03-30T14:00:00+00:00,2026-03-30T19:45:00+00:00,680.0000,666.9600,-4.6063,-2.0851,-2.5213,0.0058,-5.00,5.7500,30,eod
LOW,Short,2026-03-31T14:00:00+00:00,2026-03-31T15:00:00+00:00,233.0900,234.0900,-1.3488,1.5222,-2.8710,0.0067,-16.00,1.0000,30,reversal
JPM,Long,2026-03-31T14:00:00+00:00,2026-03-31T19:45:00+00:00,291.2900,294.8500,3.9539,1.5222,2.4317,0.0048,13.00,5.7500,30,eod
SCHW,Long,2026-03-31T14:35:00+00:00,2026-03-31T19:45:00+00:00,92.4000,93.9500,-2.3414,0.7515,-3.0929,0.0042,41.00,5.1667,65,eod
MU,Long,2026-04-01T14:00:00+00:00,2026-04-01T19:45:00+00:00,361.1700,369.0000,1.6944,-0.1634,1.8578,0.0155,10.00,5.7500,30,eod
CVX,Short,2026-04-01T14:00:00+00:00,2026-04-01T19:45:00+00:00,199.2100,197.4700,-2.9613,-0.1634,-2.7979,0.0072,-19.00,5.7500,30,eod
CVX,Long,2026-04-01T14:10:00+00:00,2026-04-01T19:45:00+00:00,198.1200,197.4700,-3.4019,0.1056,-3.5076,0.0078,19.00,5.5833,40,eod
LLY,Short,2026-04-01T17:20:00+00:00,2026-04-01T19:45:00+00:00,976.5800,958.6000,4.3572,1.2133,3.1440,0.0108,-3.00,2.4167,230,eod
AMZN,Long,2026-04-02T14:00:00+00:00,2026-04-02T14:40:00+00:00,208.1700,211.2200,2.4131,1.3728,1.0403,0.0044,18.00,0.6667,30,reversal
TSLA,Long,2026-04-02T14:00:00+00:00,2026-04-02T19:45:00+00:00,364.4500,359.9100,-1.6419,1.3728,-3.0147,0.0050,10.00,5.7500,30,eod
T,Short,2026-04-02T14:00:00+00:00,2026-04-02T19:45:00+00:00,28.2600,28.2400,-1.3970,1.3728,-2.7698,0.0058,-137.00,5.7500,30,eod
TSLA,Short,2026-04-06T14:00:00+00:00,2026-04-06T19:45:00+00:00,359.5300,352.3500,-3.3430,-0.9394,-2.4035,0.0065,-10.00,5.7500,30,eod
TSLA,Long,2026-04-06T14:10:00+00:00,2026-04-06T19:45:00+00:00,358.7100,352.3500,-3.8335,-0.0690,-3.7645,0.0062,10.00,5.5833,40,eod
SBUX,Long,2026-04-06T14:00:00+00:00,2026-04-06T19:45:00+00:00,92.1500,94.4500,1.9548,-0.9394,2.8942,0.0084,42.00,5.7500,30,eod
SBUX,Short,2026-04-06T14:20:00+00:00,2026-04-06T19:45:00+00:00,93.1400,94.4500,3.2894,0.2337,3.0557,0.0083,-41.00,5.4167,50,eod
LIN,Long,2026-04-07T14:00:00+00:00,2026-04-07T16:05:00+00:00,497.0200,493.0000,0.9777,-1.9005,2.8781,0.0035,7.00,2.0833,30,reversal
CVX,Short,2026-04-07T14:00:00+00:00,2026-04-07T16:30:00+00:00,204.1500,201.4200,1.3504,-1.9005,3.2509,0.0074,-18.00,2.5000,30,reversal
AAPL,Short,2026-04-07T14:00:00+00:00,2026-04-07T19:15:00+00:00,249.4800,252.2100,-3.2617,-1.9005,-1.3612,0.0042,-15.00,5.2500,30,reversal
COP,Short,2026-04-08T14:00:00+00:00,2026-04-08T19:45:00+00:00,123.8400,125.3300,3.9090,-0.9031,4.8120,0.0064,-31.00,5.7500,30,eod
JPM,Short,2026-04-08T14:00:00+00:00,2026-04-08T19:45:00+00:00,306.8100,307.7400,-2.6858,-0.9031,-1.7827,0.0044,-12.00,5.7500,30,eod
LLY,Long,2026-04-08T14:00:00+00:00,2026-04-08T19:45:00+00:00,948.5000,950.2100,2.0307,-0.9031,2.9337,0.0065,4.00,5.7500,30,eod
TXN,Long,2026-04-09T14:00:00+00:00,2026-04-09T19:45:00+00:00,214.6400,215.2000,2.3634,0.1150,2.2485,0.0063,17.00,5.7500,30,eod
TSLA,Short,2026-04-09T14:00:00+00:00,2026-04-09T19:45:00+00:00,337.8800,345.8700,-2.0067,0.1150,-2.1217,0.0078,-11.00,5.7500,30,eod
AMZN,Short,2026-04-09T18:00:00+00:00,2026-04-09T19:45:00+00:00,230.8400,232.9600,3.9686,0.9344,3.0342,0.0072,-16.00,1.7500,270,eod
MPC,Long,2026-04-09T15:45:00+00:00,2026-04-09T19:45:00+00:00,228.1600,222.6900,-1.9468,1.3461,-3.2929,0.0122,16.00,4.0000,135,eod
AMD,Long,2026-04-10T14:00:00+00:00,2026-04-10T19:45:00+00:00,246.2400,245.2600,1.4767,-0.5920,2.0687,0.0095,15.00,5.7500,30,eod
CVX,Short,2026-04-10T14:10:00+00:00,2026-04-10T19:45:00+00:00,188.1900,187.4800,-1.4949,-0.1712,-1.3237,0.0080,-19.00,5.5833,40,eod
SCHW,Long,2026-04-10T14:00:00+00:00,2026-04-10T19:45:00+00:00,94.8900,94.6800,-4.3103,-0.5920,-3.7183,0.0043,39.00,5.7500,30,eod
MSFT,Long,2026-04-13T14:00:00+00:00,2026-04-13T19:45:00+00:00,377.4400,383.0600,2.3617,1.2349,1.1267,0.0058,9.00,5.7500,30,eod
COP,Short,2026-04-13T14:00:00+00:00,2026-04-13T19:45:00+00:00,123.7400,122.8200,-1.3687,1.2349,-2.6036,0.0071,-30.00,5.7500,30,eod
T,Long,2026-04-13T14:00:00+00:00,2026-04-13T19:45:00+00:00,25.9900,25.4600,-2.0804,1.2349,-3.3153,0.0062,144.00,5.7500,30,eod
QCOM,Short,2026-04-14T14:00:00+00:00,2026-04-14T19:45:00+00:00,131.2400,132.3700,-1.4313,-0.0057,-1.4257,0.0064,-28.00,5.7500,30,eod
META,Long,2026-04-14T14:00:00+00:00,2026-04-14T19:45:00+00:00,649.2600,661.1100,1.9078,-0.0057,1.9134,0.0064,5.00,5.7500,30,eod
AAPL,Long,2026-04-14T15:50:00+00:00,2026-04-14T19:45:00+00:00,257.8600,258.2500,-1.3101,1.7019,-3.0120,0.0064,14.00,3.9167,140,eod
TSLA,Long,2026-04-15T14:00:00+00:00,2026-04-15T19:45:00+00:00,372.0300,394.2300,2.3621,0.7465,1.6157,0.0083,10.00,5.7500,30,eod
TSLA,Short,2026-04-15T15:20:00+00:00,2026-04-15T19:45:00+00:00,388.1000,394.2300,4.6588,1.3899,3.2688,0.0137,-9.00,4.4167,110,eod
JPM,Short,2026-04-15T14:00:00+00:00,2026-04-15T19:45:00+00:00,306.9300,305.4200,-1.8977,0.7465,-2.6442,0.0046,-12.00,5.7500,30,eod
BAC,Long,2026-04-15T14:00:00+00:00,2026-04-15T19:45:00+00:00,53.9300,54.2100,-3.8936,0.7465,-4.6400,0.0050,69.00,5.7500,30,eod
TXN,Long,2026-04-16T14:00:00+00:00,2026-04-16T19:45:00+00:00,220.7200,222.9500,1.2181,-0.8726,2.0907,0.0057,17.00,5.7500,30,eod
GE,Short,2026-04-16T14:00:00+00:00,2026-04-16T19:45:00+00:00,304.4700,299.1700,-3.2492,-0.8726,-2.3765,0.0078,-12.00,5.7500,30,eod
GE,Long,2026-04-16T16:10:00+00:00,2026-04-16T19:45:00+00:00,305.0600,299.1700,-1.8735,1.2417,-3.1152,0.0125,12.00,3.5833,160,eod
T,Short,2026-04-16T14:00:00+00:00,2026-04-16T19:45:00+00:00,26.1200,26.4100,2.9574,-0.8726,3.8301,0.0051,-145.00,5.7500,30,eod
NFLX,Long,2026-04-17T14:00:00+00:00,2026-04-17T19:45:00+00:00,97.8400,97.3100,3.2564,1.0383,2.2181,0.0072,38.00,5.7500,30,eod
LIN,Short,2026-04-17T14:00:00+00:00,2026-04-17T19:45:00+00:00,493.0200,492.1900,-1.7374,1.0383,-2.7758,0.0047,-7.00,5.7500,30,eod
SCHW,Long,2026-04-17T14:00:00+00:00,2026-04-17T19:45:00+00:00,91.4500,92.4500,-2.5313,1.0383,-3.5696,0.0069,41.00,5.7500,30,eod
LOW,Short,2026-04-17T14:20:00+00:00,2026-04-17T19:45:00+00:00,254.9400,251.7400,4.1859,0.8194,3.3665,0.0061,-14.00,5.4167,50,eod
AMD,Short,2026-04-20T14:00:00+00:00,2026-04-20T19:45:00+00:00,277.4300,275.3000,-2.6745,-0.8476,-1.8269,0.0100,-13.00,5.7500,30,eod
SLB,Short,2026-04-20T14:00:00+00:00,2026-04-20T19:45:00+00:00,52.8800,51.9800,2.3221,-0.8476,3.1697,0.0104,-71.00,5.7500,30,eod
GE,Long,2026-04-20T14:00:00+00:00,2026-04-20T19:45:00+00:00,304.0200,304.6500,1.8278,-0.8476,2.6753,0.0080,12.00,5.7500,30,eod
AMZN,Short,2026-04-21T14:00:00+00:00,2026-04-21T17:30:00+00:00,252.0600,252.0100,-1.1708,0.9679,-2.1387,0.0048,-15.00,3.5000,30,reversal
ADBE,Long,2026-04-21T14:00:00+00:00,2026-04-21T19:45:00+00:00,252.2600,247.0300,2.7214,0.9679,1.7535,0.0088,15.00,5.7500,30,eod
MPC,Short,2026-04-21T18:35:00+00:00,2026-04-21T19:45:00+00:00,219.9300,220.3400,2.5772,-0.4521,3.0293,0.0102,-17.00,1.1667,305,eod
GE,Long,2026-04-21T14:00:00+00:00,2026-04-21T19:45:00+00:00,292.2500,286.9600,-2.7783,0.9679,-3.7462,0.0080,13.00,5.7500,30,eod
DIS,Long,2026-04-22T14:00:00+00:00,2026-04-22T14:20:00+00:00,106.1300,105.5000,3.2041,0.9428,2.2613,0.0032,35.00,0.3333,30,reversal
CAT,Short,2026-04-22T14:00:00+00:00,2026-04-22T19:45:00+00:00,806.0200,810.8600,-1.7833,0.9428,-2.7261,0.0069,-4.00,5.7500,30,eod
PFE,Long,2026-04-22T14:00:00+00:00,2026-04-22T19:45:00+00:00,27.0500,26.8600,-2.6389,0.9428,-3.5818,0.0037,138.00,5.7500,30,eod
ADBE,Short,2026-04-23T14:00:00+00:00,2026-04-23T17:50:00+00:00,234.3300,236.2500,-2.7141,0.1658,-2.8800,0.0105,-15.00,3.8333,30,reversal
PYPL,Long,2026-04-23T14:00:00+00:00,2026-04-23T17:50:00+00:00,49.5400,49.4600,-3.5198,0.1658,-3.6857,0.0052,75.00,3.8333,30,reversal
TXN,Short,2026-04-23T14:00:00+00:00,2026-04-23T19:45:00+00:00,275.3600,279.6600,3.2165,0.1658,3.0506,0.0065,-13.00,5.7500,30,eod
CAT,Long,2026-04-23T14:00:00+00:00,2026-04-23T19:45:00+00:00,833.1700,834.7300,2.0010,0.1658,1.8352,0.0072,4.00,5.7500,30,eod
PFE,Short,2026-04-24T14:30:00+00:00,2026-04-24T15:15:00+00:00,27.1100,26.7400,2.9653,-0.3852,3.3505,0.0059,-135.00,0.7500,60,reversal
AVGO,Short,2026-04-24T14:00:00+00:00,2026-04-24T19:45:00+00:00,414.8600,421.8100,-2.6628,-0.6160,-2.0468,0.0071,-8.00,5.7500,30,eod
QCOM,Long,2026-04-24T14:00:00+00:00,2026-04-24T19:45:00+00:00,146.0300,148.8300,-4.6473,-0.6160,-4.0313,0.0070,25.00,5.7500,30,eod
GOOGL,Long,2026-04-24T14:00:00+00:00,2026-04-24T19:45:00+00:00,339.1300,344.8100,2.1774,-0.6160,2.7934,0.0044,10.00,5.7500,30,eod
PFE,Long,2026-04-27T14:00:00+00:00,2026-04-27T14:55:00+00:00,27.2600,26.9600,2.2078,0.2863,1.9216,0.0045,136.00,0.9167,30,reversal
QCOM,Long,2026-04-27T14:00:00+00:00,2026-04-27T19:45:00+00:00,151.4700,149.7000,-4.9983,0.2863,-5.2846,0.0095,24.00,5.7500,30,eod
TXN,Short,2026-04-27T14:00:00+00:00,2026-04-27T19:45:00+00:00,270.9400,270.2200,-1.7374,0.2863,-2.0237,0.0082,-13.00,5.7500,30,eod
GOOGL,Short,2026-04-27T14:00:00+00:00,2026-04-27T19:45:00+00:00,349.4600,351.2400,3.5510,0.2863,3.2647,0.0055,-10.00,5.7500,30,eod
NVDA,Long,2026-04-28T14:00:00+00:00,2026-04-28T15:20:00+00:00,212.4100,209.2200,1.9336,0.9328,1.0008,0.0053,17.00,1.3333,30,reversal
GOOGL,Short,2026-04-28T14:35:00+00:00,2026-04-28T19:45:00+00:00,350.8600,350.3200,2.3054,-0.9960,3.3014,0.0058,-10.00,5.1667,65,eod
DE,Short,2026-04-28T14:00:00+00:00,2026-04-28T19:45:00+00:00,567.5900,563.2300,-2.0174,0.9328,-2.9502,0.0055,-6.00,5.7500,30,eod
HD,Long,2026-04-28T14:00:00+00:00,2026-04-28T19:45:00+00:00,329.9100,328.7100,-3.4475,0.9328,-4.3803,0.0049,11.00,5.7500,30,eod
AMZN,Long,2026-04-29T14:00:00+00:00,2026-04-29T19:45:00+00:00,262.9500,262.5100,3.2187,1.1393,2.0794,0.0056,13.00,5.7500,30,eod
LOW,Long,2026-04-29T14:00:00+00:00,2026-04-29T19:45:00+00:00,234.0400,233.0500,-2.3141,1.1393,-3.4534,0.0069,15.00,5.7500,30,eod
NKE,Short,2026-04-29T14:00:00+00:00,2026-04-29T19:45:00+00:00,44.4300,44.3100,-1.5018,1.1393,-2.6411,0.0061,-82.00,5.7500,30,eod
SBUX,Short,2026-04-29T14:50:00+00:00,2026-04-29T19:45:00+00:00,105.6200,105.5600,4.8262,1.8189,3.0073,0.0074,-34.00,4.9167,80,eod
COIN,Long,2026-04-30T14:00:00+00:00,2026-04-30T19:35:00+00:00,184.9900,187.4100,1.5630,-1.1183,2.6813,0.0160,19.00,5.5833,30,reversal
NVDA,Long,2026-04-30T14:00:00+00:00,2026-04-30T19:45:00+00:00,202.8600,200.5700,-4.5669,-1.1183,-3.4486,0.0062,18.00,5.7500,30,eod
AMZN,Short,2026-04-30T14:00:00+00:00,2026-04-30T19:45:00+00:00,262.2100,265.7800,-2.5254,-1.1183,-1.4071,0.0066,-13.00,5.7500,30,eod
LLY,Short,2026-04-30T14:00:00+00:00,2026-04-30T19:45:00+00:00,919.2400,935.4200,3.6619,-1.1183,4.7802,0.0052,-3.00,5.7500,30,eod
TSLA,Short,2026-05-01T14:00:00+00:00,2026-05-01T14:40:00+00:00,383.0500,388.3600,-0.3680,2.5937,-2.9617,0.0089,-9.00,0.6667,30,reversal
MU,Long,2026-05-01T14:00:00+00:00,2026-05-01T19:45:00+00:00,543.7700,541.0200,4.3670,2.5937,1.7734,0.0133,6.00,5.7500,30,eod
CVX,Long,2026-05-01T14:00:00+00:00,2026-05-01T19:45:00+00:00,190.9800,190.8500,-2.4041,2.5937,-4.9977,0.0052,18.00,5.7500,30,eod
AMD,Long,2026-05-04T14:10:00+00:00,2026-05-04T19:45:00+00:00,347.2800,344.3500,-2.2809,0.9449,-3.2258,0.0108,10.00,5.5833,40,eod
XOM,Short,2026-05-04T14:20:00+00:00,2026-05-04T19:45:00+00:00,152.6700,153.4100,4.3247,0.9673,3.3574,0.0047,-23.00,5.4167,50,eod
COP,Long,2026-05-04T14:00:00+00:00,2026-05-04T19:45:00+00:00,124.0400,124.9500,2.6891,0.7874,1.9017,0.0065,28.00,5.7500,30,eod
GS,Short,2026-05-04T14:00:00+00:00,2026-05-04T19:45:00+00:00,910.7000,903.7000,-1.9604,0.7874,-2.7478,0.0061,-3.00,5.7500,30,eod
QCOM,Long,2026-05-05T14:00:00+00:00,2026-05-05T19:45:00+00:00,172.6800,186.2900,2.6444,1.2309,1.4135,0.0160,20.00,5.7500,30,eod
NFLX,Short,2026-05-05T14:00:00+00:00,2026-05-05T19:45:00+00:00,89.6700,88.1600,-1.3199,1.2309,-2.5508,0.0069,-39.00,5.7500,30,eod
COIN,Long,2026-05-05T14:00:00+00:00,2026-05-05T19:45:00+00:00,198.7700,197.9100,-2.4347,1.2309,-3.6656,0.0152,18.00,5.7500,30,eod
PYPL,Short,2026-05-05T15:10:00+00:00,2026-05-05T19:45:00+00:00,46.1600,46.4100,4.2032,1.1257,3.0775,0.0067,-79.00,4.5833,100,eod
LIN,Long,2026-05-06T14:00:00+00:00,2026-05-06T14:55:00+00:00,504.2900,500.7900,2.3625,-0.4876,2.8502,0.0055,7.00,0.9167,30,reversal
AMD,Short,2026-05-06T14:00:00+00:00,2026-05-06T19:45:00+00:00,410.2400,417.9100,-3.4321,-0.4876,-2.9444,0.0113,-8.00,5.7500,30,eod
AVGO,Long,2026-05-06T14:00:00+00:00,2026-05-06T19:45:00+00:00,424.2900,423.1000,-3.5131,-0.4876,-3.0254,0.0071,8.00,5.7500,30,eod
UNH,Short,2026-05-06T14:00:00+00:00,2026-05-06T19:45:00+00:00,367.7600,368.0000,3.6410,-0.4876,4.1286,0.0069,-9.00,5.7500,30,eod
SLB,Long,2026-05-07T14:00:00+00:00,2026-05-07T16:20:00+00:00,52.9000,53.5600,-2.7191,0.7853,-3.5043,0.0081,68.00,2.3333,30,reversal
NVDA,Long,2026-05-07T14:00:00+00:00,2026-05-07T19:45:00+00:00,210.6400,212.0400,2.0432,0.7853,1.2580,0.0078,17.00,5.7500,30,eod
QCOM,Short,2026-05-07T15:40:00+00:00,2026-05-07T19:45:00+00:00,221.7500,203.0800,4.7411,1.0853,3.6558,0.0371,-16.00,4.0833,130,eod
GS,Short,2026-05-07T14:00:00+00:00,2026-05-07T19:45:00+00:00,932.8200,925.7800,-2.0717,0.7853,-2.8570,0.0051,-3.00,5.7500,30,eod
MU,Long,2026-05-08T19:10:00+00:00,2026-05-08T19:45:00+00:00,738.9000,743.1000,3.2240,2.1941,1.0300,0.0215,5.00,0.5833,340,eod
LLY,Long,2026-05-08T14:00:00+00:00,2026-05-08T19:45:00+00:00,952.8200,951.2700,-3.1753,2.3854,-5.5607,0.0060,3.00,5.7500,30,eod
T,Short,2026-05-08T14:00:00+00:00,2026-05-08T19:45:00+00:00,25.2200,25.1600,-0.5979,2.3854,-2.9833,0.0033,-148.00,5.7500,30,eod
FCX,Long,2026-05-11T14:00:00+00:00,2026-05-11T19:45:00+00:00,64.0700,64.2600,1.4464,-1.2412,2.6876,0.0058,58.00,5.7500,30,eod
LLY,Short,2026-05-11T14:00:00+00:00,2026-05-11T19:45:00+00:00,975.2500,966.7100,2.4873,-1.2412,3.7285,0.0071,-3.00,5.7500,30,eod
T,Short,2026-05-11T14:00:00+00:00,2026-05-11T19:45:00+00:00,24.9700,24.7800,-2.8636,-1.2412,-1.6224,0.0039,-150.00,5.7500,30,eod
T,Long,2026-05-11T14:10:00+00:00,2026-05-11T19:45:00+00:00,24.9000,24.7800,-3.4561,-0.4118,-3.0443,0.0040,150.00,5.5833,40,eod
LIN,Short,2026-05-12T14:05:00+00:00,2026-05-12T14:30:00+00:00,497.3000,502.1900,-2.2924,-0.9539,-1.3385,0.0053,-7.00,0.4167,35,reversal
AVGO,Long,2026-05-12T14:00:00+00:00,2026-05-12T19:20:00+00:00,426.2700,416.1600,1.4429,-1.3541,2.7969,0.0074,8.00,5.3333,30,reversal
FCX,Short,2026-05-12T14:00:00+00:00,2026-05-12T19:45:00+00:00,64.1200,66.1300,2.5518,-1.3541,3.9058,0.0068,-58.00,5.7500,30,eod
UNH,Long,2026-05-13T14:00:00+00:00,2026-05-13T16:25:00+00:00,397.2600,399.0000,1.0146,-1.3986,2.4132,0.0077,9.00,2.4167,30,reversal
META,Short,2026-05-13T14:00:00+00:00,2026-05-13T19:45:00+00:00,608.3500,616.5800,3.2486,-1.3986,4.6472,0.0051,-6.00,5.7500,30,eod
CAT,Short,2026-05-13T14:20:00+00:00,2026-05-13T19:45:00+00:00,900.9900,904.4200,-1.4453,-0.2732,-1.1721,0.0084,-4.00,5.4167,50,eod
HD,Long,2026-05-13T15:40:00+00:00,2026-05-13T19:45:00+00:00,299.3500,302.9900,-2.5647,1.0181,-3.5828,0.0069,12.00,4.0833,130,eod
DIS,Long,2026-05-14T14:05:00+00:00,2026-05-14T14:20:00+00:00,106.2400,105.7500,1.8865,-0.0243,1.9108,0.0053,34.00,0.2500,35,reversal
ADBE,Long,2026-05-14T14:00:00+00:00,2026-05-14T19:45:00+00:00,233.7900,236.8800,-2.3503,0.6523,-3.0026,0.0074,15.00,5.7500,30,eod
SCHW,Short,2026-05-14T14:00:00+00:00,2026-05-14T19:45:00+00:00,90.1000,89.4100,-2.0528,0.6523,-2.7051,0.0040,-40.00,5.7500,30,eod
GOOGL,Long,2026-05-15T14:00:00+00:00,2026-05-15T14:45:00+00:00,397.7100,397.2200,1.5217,-1.2245,2.7462,0.0068,9.00,0.7500,30,reversal
SCHW,Short,2026-05-15T14:00:00+00:00,2026-05-15T15:35:00+00:00,92.7500,91.4700,3.9124,-1.2245,5.1369,0.0045,-39.00,1.5833,30,reversal
PFE,Short,2026-05-15T14:00:00+00:00,2026-05-15T19:45:00+00:00,25.5400,25.2500,-2.3237,-1.2245,-1.0992,0.0043,-144.00,5.7500,30,eod
PFE,Long,2026-05-15T14:10:00+00:00,2026-05-15T19:45:00+00:00,25.4800,25.2500,-2.4064,0.7226,-3.1290,0.0052,144.00,5.5833,40,eod
CAT,Short,2026-05-18T14:00:00+00:00,2026-05-18T15:45:00+00:00,865.9500,864.4100,-3.3187,-1.5675,-1.7513,0.0071,-4.00,1.7500,30,reversal
CRM,Short,2026-05-18T14:00:00+00:00,2026-05-18T19:45:00+00:00,179.6900,179.6000,5.0523,-1.5675,6.6198,0.0067,-20.00,5.7500,30,eod
MPC,Long,2026-05-18T14:00:00+00:00,2026-05-18T19:45:00+00:00,254.5000,260.1900,1.3947,-1.5675,2.9622,0.0092,14.00,5.7500,30,eod
AMD,Short,2026-05-19T14:00:00+00:00,2026-05-19T14:15:00+00:00,404.1500,394.2600,-1.9059,-0.5500,-1.3559,0.0191,-9.00,0.2500,30,reversal
PYPL,Long,2026-05-19T14:00:00+00:00,2026-05-19T16:30:00+00:00,44.8200,44.0000,2.2896,-0.5500,2.8396,0.0066,82.00,2.5000,30,reversal
CRM,Long,2026-05-19T17:10:00+00:00,2026-05-19T19:45:00+00:00,179.4500,180.0800,-2.3189,0.7683,-3.0872,0.0124,20.00,2.5833,220,eod
NKE,Short,2026-05-19T14:00:00+00:00,2026-05-19T19:45:00+00:00,42.7100,42.4800,2.5096,-0.5500,3.0596,0.0061,-86.00,5.7500,30,eod
GOOGL,Short,2026-05-20T14:00:00+00:00,2026-05-20T19:45:00+00:00,384.7000,388.5200,-3.1512,-0.7125,-2.4387,0.0066,-9.00,5.7500,30,eod
GOOGL,Long,2026-05-20T14:25:00+00:00,2026-05-20T19:45:00+00:00,384.8300,388.5200,-2.4186,0.7228,-3.1414,0.0084,9.00,5.3333,55,eod
CRM,Long,2026-05-20T14:00:00+00:00,2026-05-20T19:45:00+00:00,176.8000,179.7300,1.9825,-0.7125,2.6951,0.0083,20.00,5.7500,30,eod
GE,Short,2026-05-20T14:00:00+00:00,2026-05-20T19:45:00+00:00,292.2600,299.4300,2.6139,-0.7125,3.3264,0.0053,-12.00,5.7500,30,eod
DE,Short,2026-05-21T14:00:00+00:00,2026-05-21T16:40:00+00:00,523.6500,531.0000,-1.8739,0.5025,-2.3764,0.0068,-7.00,2.6667,30,reversal
TSLA,Long,2026-05-21T14:00:00+00:00,2026-05-21T19:45:00+00:00,417.1800,418.7500,-2.8934,0.5025,-3.3959,0.0073,8.00,5.7500,30,eod
FCX,Long,2026-05-21T14:00:00+00:00,2026-05-21T19:45:00+00:00,61.0000,62.2300,2.5651,0.5025,2.0627,0.0064,60.00,5.7500,30,eod
T,Short,2026-05-21T14:15:00+00:00,2026-05-21T19:45:00+00:00,25.1300,25.3300,2.9779,-0.9258,3.9037,0.0034,-147.00,5.5000,45,eod
ADBE,Short,2026-05-22T14:30:00+00:00,2026-05-22T19:45:00+00:00,243.1100,244.9200,-1.7227,-0.4643,-1.2584,0.0100,-15.00,5.2500,60,eod
CAT,Short,2026-05-22T14:00:00+00:00,2026-05-22T19:45:00+00:00,878.7800,881.9300,2.2592,-1.0667,3.3259,0.0071,-4.00,5.7500,30,eod
UNH,Long,2026-05-22T14:00:00+00:00,2026-05-22T19:45:00+00:00,385.0500,386.9900,1.2488,-1.0667,2.3154,0.0070,9.00,5.7500,30,eod
SLB,Long,2026-05-26T14:00:00+00:00,2026-05-26T14:15:00+00:00,58.4500,58.4000,2.7694,1.7222,1.0471,0.0077,63.00,0.2500,30,reversal
BAC,Short,2026-05-26T14:00:00+00:00,2026-05-26T19:45:00+00:00,52.1000,52.0700,-1.1778,1.7222,-2.9000,0.0042,-70.00,5.7500,30,eod
T,Long,2026-05-26T14:00:00+00:00,2026-05-26T19:45:00+00:00,24.9600,25.0600,-2.0146,1.7222,-3.7368,0.0045,147.00,5.7500,30,eod
SCHW,Short,2026-05-27T14:00:00+00:00,2026-05-27T14:10:00+00:00,85.3600,86.4000,-3.0252,-0.7391,-2.2861,0.0076,-43.00,0.1667,30,reversal
JPM,Long,2026-05-27T14:00:00+00:00,2026-05-27T14:25:00+00:00,298.1800,300.5300,-3.8984,-0.7391,-3.1593,0.0045,12.00,0.4167,30,reversal
AMZN,Short,2026-05-27T14:00:00+00:00,2026-05-27T19:45:00+00:00,270.0500,271.3100,3.0359,-0.7391,3.7750,0.0048,-13.00,5.7500,30,eod
COP,Long,2026-05-27T14:00:00+00:00,2026-05-27T19:45:00+00:00,115.4800,115.1500,2.0143,-0.7391,2.7534,0.0039,31.00,5.7500,30,eod
MSFT,Short,2026-05-28T14:00:00+00:00,2026-05-28T19:45:00+00:00,427.4500,426.0300,4.6770,-0.2548,4.9317,0.0063,-8.00,5.7500,30,eod
CVX,Long,2026-05-28T14:10:00+00:00,2026-05-28T19:45:00+00:00,182.5000,183.2500,-2.7670,1.7417,-4.5087,0.0039,20.00,5.5833,40,eod
CAT,Short,2026-05-28T14:00:00+00:00,2026-05-28T19:45:00+00:00,882.0500,888.4200,-2.4513,-0.2548,-2.1965,0.0086,-4.00,5.7500,30,eod
NKE,Long,2026-05-28T14:00:00+00:00,2026-05-28T19:45:00+00:00,46.4100,47.5700,2.2810,-0.2548,2.5358,0.0066,78.00,5.7500,30,eod
AVGO,Long,2026-05-29T14:05:00+00:00,2026-05-29T14:35:00+00:00,444.2500,436.5600,2.4771,1.2207,1.2564,0.0072,8.00,0.5000,35,reversal
CVX,Long,2026-05-29T14:00:00+00:00,2026-05-29T14:45:00+00:00,181.2300,182.1600,-2.5232,1.6397,-4.1629,0.0032,20.00,0.7500,30,reversal
ADBE,Short,2026-05-29T15:10:00+00:00,2026-05-29T19:45:00+00:00,254.4000,257.7800,3.5138,0.4290,3.0848,0.0098,-14.00,4.5833,100,eod
SBUX,Short,2026-05-29T14:00:00+00:00,2026-05-29T19:45:00+00:00,99.5900,99.4200,-1.2261,1.6397,-2.8657,0.0068,-37.00,5.7500,30,eod
BAC,Long,2026-06-01T14:00:00+00:00,2026-06-01T14:35:00+00:00,51.8000,51.3000,1.9207,-0.8933,2.8140,0.0054,70.00,0.5833,30,reversal
COP,Short,2026-06-01T14:00:00+00:00,2026-06-01T15:35:00+00:00,117.2400,116.5100,2.6356,-0.8933,3.5289,0.0046,-31.00,1.5833,30,reversal
TXN,Short,2026-06-01T14:00:00+00:00,2026-06-01T19:45:00+00:00,291.4100,292.4100,-2.8050,-0.8933,-1.9117,0.0108,-12.00,5.7500,30,eod
META,Long,2026-06-01T14:30:00+00:00,2026-06-01T19:45:00+00:00,609.3500,603.1300,-2.7900,0.3105,-3.1005,0.0072,5.00,5.2500,60,eod
GOOGL,Long,2026-06-02T14:20:00+00:00,2026-06-02T19:00:00+00:00,370.3300,364.1200,2.5924,1.0455,1.5469,0.0098,9.00,4.6667,50,reversal
NFLX,Short,2026-06-02T14:00:00+00:00,2026-06-02T19:45:00+00:00,83.8600,83.3400,-1.2289,1.5132,-2.7420,0.0044,-43.00,5.7500,30,eod
GE,Long,2026-06-02T14:00:00+00:00,2026-06-02T19:45:00+00:00,318.3400,317.7100,-3.0387,1.5132,-4.5519,0.0063,11.00,5.7500,30,eod
TXN,Short,2026-06-03T14:00:00+00:00,2026-06-03T15:45:00+00:00,304.4600,309.2700,-2.1978,-1.1068,-1.0910,0.0113,-11.00,1.7500,30,reversal
LIN,Short,2026-06-03T14:00:00+00:00,2026-06-03T19:45:00+00:00,508.6400,508.1200,2.5861,-1.1068,3.6929,0.0065,-7.00,5.7500,30,eod
LLY,Long,2026-06-03T14:00:00+00:00,2026-06-03T19:45:00+00:00,1077.5000,1081.3300,1.7946,-1.1068,2.9014,0.0088,3.00,5.7500,30,eod
PYPL,Long,2026-06-03T14:30:00+00:00,2026-06-03T19:45:00+00:00,42.8800,42.5000,-3.5347,-0.0757,-3.4590,0.0071,84.00,5.2500,60,eod
AMZN,Long,2026-06-04T14:00:00+00:00,2026-06-04T15:10:00+00:00,255.0500,254.5300,1.2683,-1.7004,2.9687,0.0047,14.00,1.1667,30,reversal
DE,Short,2026-06-04T14:00:00+00:00,2026-06-04T16:45:00+00:00,597.0100,592.7500,2.4632,-1.7004,4.1636,0.0066,-5.00,2.7500,30,reversal
T,Short,2026-06-04T14:20:00+00:00,2026-06-04T19:45:00+00:00,23.6600,22.6800,-2.0770,-0.2422,-1.8348,0.0048,-150.00,5.4167,50,eod
T,Long,2026-06-04T14:55:00+00:00,2026-06-04T19:45:00+00:00,23.2300,22.6800,-3.5410,0.0904,-3.6314,0.0079,154.00,4.8333,85,eod
META,Short,2026-06-05T14:15:00+00:00,2026-06-05T16:45:00+00:00,617.4400,608.9100,-2.7699,-1.0650,-1.7049,0.0058,-5.00,2.5000,45,reversal
CAT,Long,2026-06-05T14:00:00+00:00,2026-06-05T19:45:00+00:00,921.7600,905.8000,0.3190,-2.5730,2.8920,0.0076,3.00,5.7500,30,eod
LOW,Short,2026-06-05T14:00:00+00:00,2026-06-05T19:45:00+00:00,211.3500,210.1400,1.9800,-2.5730,4.5530,0.0052,-16.00,5.7500,30,eod
COP,Short,2026-06-08T14:00:00+00:00,2026-06-08T14:40:00+00:00,119.7600,119.4400,2.5918,-0.5823,3.1741,0.0046,-29.00,0.6667,30,reversal
NKE,Long,2026-06-08T14:00:00+00:00,2026-06-08T15:00:00+00:00,43.6000,43.7300,2.2515,-0.5823,2.8338,0.0089,81.00,1.0000,30,reversal
AAPL,Long,2026-06-08T14:15:00+00:00,2026-06-08T17:30:00+00:00,310.3200,317.0000,-3.1603,0.0000,-3.1603,0.0033,11.00,3.2500,45,reversal
CAT,Short,2026-06-08T14:00:00+00:00,2026-06-08T19:45:00+00:00,904.7700,911.9800,-2.2348,-0.5823,-1.6525,0.0086,-3.00,5.7500,30,eod
XOM,Short,2026-06-09T14:00:00+00:00,2026-06-09T14:20:00+00:00,149.1800,148.6000,-1.5957,0.2221,-1.8178,0.0061,-24.00,0.3333,30,reversal
AAPL,Long,2026-06-09T14:00:00+00:00,2026-06-09T14:50:00+00:00,294.7400,292.6100,-3.1869,0.2221,-3.4090,0.0034,12.00,0.8333,30,reversal
SBUX,Long,2026-06-09T14:00:00+00:00,2026-06-09T19:45:00+00:00,97.1300,97.3800,2.4172,0.2221,2.1951,0.0068,36.00,5.7500,30,eod
SBUX,Short,2026-06-09T14:05:00+00:00,2026-06-09T19:45:00+00:00,97.3500,97.3800,2.9429,-0.1480,3.0909,0.0064,-36.00,5.6667,35,eod
QCOM,Short,2026-06-10T14:00:00+00:00,2026-06-10T19:30:00+00:00,199.1400,192.4000,-0.0086,2.9288,-2.9374,0.0175,-17.00,5.5000,30,reversal
SCHW,Long,2026-06-10T14:55:00+00:00,2026-06-10T19:45:00+00:00,89.6100,89.7300,2.0698,0.9446,1.1251,0.0064,40.00,4.8333,85,eod
SCHW,Short,2026-06-10T19:15:00+00:00,2026-06-10T19:45:00+00:00,89.9700,89.7300,2.0623,-0.9715,3.0338,0.0084,-40.00,0.5000,345,eod
PFE,Long,2026-06-10T14:00:00+00:00,2026-06-10T19:45:00+00:00,25.6600,25.6800,-1.4918,2.9288,-4.4206,0.0034,139.00,5.7500,30,eod
PFE,Long,2026-06-11T14:10:00+00:00,2026-06-11T14:30:00+00:00,26.4500,26.3200,2.8052,1.3947,1.4105,0.0037,136.00,0.3333,40,reversal
BAC,Long,2026-06-11T14:00:00+00:00,2026-06-11T17:25:00+00:00,54.1400,55.0000,-2.2071,2.8447,-5.0518,0.0055,66.00,3.4167,30,reversal
HD,Short,2026-06-11T14:00:00+00:00,2026-06-11T19:45:00+00:00,322.3200,326.5900,-0.1179,2.8447,-2.9626,0.0045,-11.00,5.7500,30,eod
COP,Long,2026-06-12T14:00:00+00:00,2026-06-12T15:15:00+00:00,117.1900,117.3400,3.1101,1.0619,2.0483,0.0058,30.00,1.2500,30,reversal
AAPL,Long,2026-06-12T14:00:00+00:00,2026-06-12T19:45:00+00:00,291.4600,290.8100,-3.1957,1.0619,-4.2575,0.0041,12.00,5.7500,30,eod
GE,Short,2026-06-12T14:00:00+00:00,2026-06-12T19:45:00+00:00,331.5600,335.0200,-1.6008,1.0619,-2.6627,0.0066,-10.00,5.7500,30,eod
PFE,Long,2026-06-15T14:00:00+00:00,2026-06-15T15:55:00+00:00,26.3700,26.2400,2.7852,0.5911,2.1941,0.0032,136.00,1.9167,30,reversal
HD,Long,2026-06-15T14:00:00+00:00,2026-06-15T19:45:00+00:00,332.2000,330.2600,-2.8391,0.5911,-3.4303,0.0050,10.00,5.7500,30,eod
LOW,Short,2026-06-15T14:00:00+00:00,2026-06-15T19:45:00+00:00,222.1400,220.3500,-2.3790,0.5911,-2.9701,0.0059,-16.00,5.7500,30,eod
UNH,Short,2026-06-15T14:45:00+00:00,2026-06-15T19:45:00+00:00,409.7200,412.6500,3.6127,0.3926,3.2200,0.0062,-8.00,5.0000,75,eod
LIN,Short,2026-06-16T14:00:00+00:00,2026-06-16T15:40:00+00:00,516.9600,519.3000,-2.0031,0.2741,-2.2772,0.0057,-6.00,1.6667,30,reversal
TSLA,Long,2026-06-16T14:00:00+00:00,2026-06-16T19:45:00+00:00,407.9600,406.4500,1.7614,0.2741,1.4873,0.0094,8.00,5.7500,30,eod
NFLX,Long,2026-06-16T14:00:00+00:00,2026-06-16T19:45:00+00:00,79.8600,78.5500,-2.9367,0.2741,-3.2108,0.0065,44.00,5.7500,30,eod
JPM,Short,2026-06-16T14:35:00+00:00,2026-06-16T19:45:00+00:00,329.3300,330.8200,2.2170,-0.8756,3.0926,0.0053,-10.00,5.1667,65,eod
SLB,Short,2026-06-17T14:00:00+00:00,2026-06-17T15:05:00+00:00,51.3000,52.2200,-2.4938,-0.3970,-2.0969,0.0081,-68.00,1.0833,30,reversal
DE,Short,2026-06-17T14:00:00+00:00,2026-06-17T19:45:00+00:00,597.1900,588.6200,2.8069,-0.3970,3.2039,0.0057,-5.00,5.7500,30,eod
GS,Long,2026-06-17T14:00:00+00:00,2026-06-17T19:45:00+00:00,1111.2900,1100.7200,2.4661,-0.3970,2.8630,0.0053,3.00,5.7500,30,eod
QCOM,Long,2026-06-18T14:00:00+00:00,2026-06-18T15:10:00+00:00,228.0300,222.6700,2.5003,0.2633,2.2370,0.0190,15.00,1.1667,30,reversal
SLB,Short,2026-06-18T14:00:00+00:00,2026-06-18T19:45:00+00:00,49.0700,47.7300,-2.3865,0.2633,-2.6498,0.0083,-71.00,5.7500,30,eod
PFE,Long,2026-06-18T14:05:00+00:00,2026-06-18T19:45:00+00:00,25.1100,25.2200,-3.0145,0.6460,-3.6605,0.0044,139.00,5.6667,35,eod
PFE,Long,2026-06-22T14:05:00+00:00,2026-06-22T14:45:00+00:00,24.9800,25.0600,-1.9274,1.2184,-3.1458,0.0047,141.00,0.6667,35,reversal
QCOM,Short,2026-06-22T14:25:00+00:00,2026-06-22T19:45:00+00:00,230.4700,222.9200,2.9737,-0.2378,3.2115,0.0198,-15.00,5.3333,55,eod
TSLA,Long,2026-06-22T14:00:00+00:00,2026-06-22T19:45:00+00:00,410.5100,404.7900,2.7490,1.0351,1.7138,0.0119,8.00,5.7500,30,eod
SLB,Short,2026-06-22T14:00:00+00:00,2026-06-22T19:45:00+00:00,47.7900,47.6300,-1.7456,1.0351,-2.7808,0.0092,-73.00,5.7500,30,eod
FCX,Long,2026-06-23T14:00:00+00:00,2026-06-23T14:20:00+00:00,65.5800,64.7800,2.6102,1.5793,1.0309,0.0086,54.00,0.3333,30,reversal
COP,Short,2026-06-23T14:00:00+00:00,2026-06-23T15:05:00+00:00,108.9000,110.1000,-1.3987,1.5793,-2.9780,0.0052,-32.00,1.0833,30,reversal
ADBE,Long,2026-06-23T14:10:00+00:00,2026-06-23T17:05:00+00:00,195.8500,199.4000,-1.2339,1.9733,-3.2072,0.0122,18.00,2.9167,40,reversal
T,Short,2026-06-23T15:45:00+00:00,2026-06-23T19:45:00+00:00,22.8700,22.9500,3.0219,-0.2406,3.2625,0.0086,-153.00,4.0000,135,eod
T,Short,2026-06-24T14:00:00+00:00,2026-06-24T14:15:00+00:00,22.5000,22.6300,-2.3238,-1.0460,-1.2778,0.0051,-156.00,0.2500,30,reversal
MPC,Short,2026-06-24T14:00:00+00:00,2026-06-24T19:45:00+00:00,247.2200,246.4900,3.1331,-1.0460,4.1790,0.0070,-14.00,5.7500,30,eod
DE,Long,2026-06-24T14:00:00+00:00,2026-06-24T19:45:00+00:00,603.1700,606.1200,1.3271,-1.0460,2.3731,0.0058,5.00,5.7500,30,eod
PFE,Long,2026-06-24T14:45:00+00:00,2026-06-24T19:45:00+00:00,24.4600,24.0800,-3.0284,0.1352,-3.1635,0.0066,144.00,5.0000,75,eod
AMD,Short,2026-06-25T14:35:00+00:00,2026-06-25T15:15:00+00:00,519.4200,518.8800,-3.5118,-2.2701,-1.2416,0.0140,-6.00,0.6667,65,reversal
SCHW,Long,2026-06-25T14:00:00+00:00,2026-06-25T16:00:00+00:00,91.9500,89.9700,-0.3274,-3.3188,2.9914,0.0070,38.00,2.0000,30,reversal
MPC,Short,2026-06-25T14:00:00+00:00,2026-06-25T19:45:00+00:00,251.8200,252.4300,3.3931,-3.3188,6.7119,0.0082,-13.00,5.7500,30,eod
LIN,Short,2026-06-26T14:00:00+00:00,2026-06-26T19:45:00+00:00,520.5400,519.1600,-1.0519,1.7147,-2.7666,0.0049,-6.00,5.7500,30,eod
SCHW,Long,2026-06-26T14:00:00+00:00,2026-06-26T19:45:00+00:00,88.2600,89.4100,-2.4645,1.7147,-4.1792,0.0072,39.00,5.7500,30,eod
LLY,Long,2026-06-26T14:05:00+00:00,2026-06-26T19:45:00+00:00,1195.0100,1209.8400,4.8219,1.9296,2.8923,0.0090,2.00,5.6667,35,eod
LLY,Short,2026-06-26T14:00:00+00:00,2026-06-26T19:45:00+00:00,1193.4000,1209.8400,4.8517,1.7147,3.1370,0.0086,-2.00,5.7500,30,eod
NFLX,Long,2026-06-29T14:00:00+00:00,2026-06-29T16:00:00+00:00,75.6200,74.8000,1.6960,-1.1973,2.8933,0.0089,46.00,2.0000,30,reversal
AMD,Short,2026-06-29T14:05:00+00:00,2026-06-29T17:25:00+00:00,508.8000,541.5500,-2.4993,-1.3998,-1.0995,0.0167,-6.00,3.3333,35,reversal
AMZN,Short,2026-06-29T14:00:00+00:00,2026-06-29T18:15:00+00:00,242.6000,240.2600,3.4059,-1.1973,4.6033,0.0062,-14.00,4.2500,30,reversal
T,Long,2026-06-29T14:30:00+00:00,2026-06-29T19:45:00+00:00,21.3400,21.7900,-3.6752,-0.6748,-3.0005,0.0076,162.00,5.2500,60,eod
CVX,Short,2026-06-30T14:00:00+00:00,2026-06-30T19:45:00+00:00,168.2200,165.9600,-1.4526,1.1256,-2.5782,0.0056,-20.00,5.7500,30,eod
CAT,Long,2026-06-30T14:00:00+00:00,2026-06-30T19:45:00+00:00,1058.6600,1064.8900,3.5176,1.1256,2.3920,0.0057,3.00,5.7500,30,eod
T,Long,2026-06-30T14:00:00+00:00,2026-06-30T19:45:00+00:00,20.9900,20.6800,-3.9561,1.1256,-5.0817,0.0079,164.00,5.7500,30,eod
